0
SECTION
2
HEADER
9
$ACADVER
1
AC1021
9
$DWGCODEPAGE
3
ANSI_1252
9
$INSUNITS
70
1
9
$MEASUREMENT
70
0
9
$LTSCALE
40
1
9
$TEXTSTYLE
7
MAIN
9
$HANDSEED
5
73B
0
ENDSEC
0
SECTION
2
TABLES
0
TABLE
2
VIEW
5
111
330
0
100
AcDbSymbolTable
70
0
0
ENDTAB
0
TABLE
2
UCS
5
112
330
0
100
AcDbSymbolTable
70
0
0
ENDTAB
0
TABLE
2
VPORT
5
113
330
0
100
AcDbSymbolTable
70
0
0
ENDTAB
0
TABLE
2
DIMSTYLE
5
114
330
0
100
AcDbSymbolTable
100
AcDbDimStyleTable
70
0
0
ENDTAB
0
TABLE
2
LTYPE
5
101
330
0
100
AcDbSymbolTable
70
9
0
LTYPE
5
115
330
101
100
AcDbSymbolTableRecord
100
AcDbLinetypeTableRecord
2
ByLayer
70
0
3
ByLayer
72
65
73
0
40
0
0
LTYPE
5
116
330
101
100
AcDbSymbolTableRecord
100
AcDbLinetypeTableRecord
2
ByBlock
70
0
3
ByBlock
72
65
73
0
40
0
0
LTYPE
5
117
330
101
100
AcDbSymbolTableRecord
100
AcDbLinetypeTableRecord
2
Continuous
70
0
3
Continuous in paper inches
72
65
73
0
40
0
0
LTYPE
5
118
330
101
100
AcDbSymbolTableRecord
100
AcDbLinetypeTableRecord
2
DASHED
70
0
3
DASHED in paper inches
72
65
73
2
40
0.1875
49
0.125
74
0
49
-0.0625
74
0
0
LTYPE
5
119
330
101
100
AcDbSymbolTableRecord
100
AcDbLinetypeTableRecord
2
DASHED2
70
0
3
DASHED2 in paper inches
72
65
73
2
40
0.09375
49
0.0625
74
0
49
-0.03125
74
0
0
LTYPE
5
11A
330
101
100
AcDbSymbolTableRecord
100
AcDbLinetypeTableRecord
2
DASHDOT
70
0
3
DASHDOT in paper inches
72
65
73
4
40
0.1875
49
0.125
74
0
49
-0.03125
74
0
49
0
74
0
49
-0.03125
74
0
0
LTYPE
5
11B
330
101
100
AcDbSymbolTableRecord
100
AcDbLinetypeTableRecord
2
PHANTOM
70
0
3
PHANTOM in paper inches
72
65
73
6
40
0.46875
49
0.25
74
0
49
-0.03125
74
0
49
0.0625
74
0
49
-0.03125
74
0
49
0.0625
74
0
49
-0.03125
74
0
0
LTYPE
5
11C
330
101
100
AcDbSymbolTableRecord
100
AcDbLinetypeTableRecord
2
HIDDEN
70
0
3
HIDDEN in paper inches
72
65
73
2
40
0.125
49
0.0625
74
0
49
-0.0625
74
0
0
LTYPE
5
11D
330
101
100
AcDbSymbolTableRecord
100
AcDbLinetypeTableRecord
2
DOT
70
0
3
DOT in paper inches
72
65
73
2
40
0.0625
49
0
74
0
49
-0.0625
74
0
0
ENDTAB
0
TABLE
2
LAYER
5
100
330
0
100
AcDbSymbolTable
70
16
0
LAYER
5
11E
330
100
100
AcDbSymbolTableRecord
100
AcDbLayerTableRecord
2
0
70
0
62
7
6
Continuous
370
18
290
1
390
110
0
LAYER
5
11F
330
100
100
AcDbSymbolTableRecord
100
AcDbLayerTableRecord
2
E-ANNO-TTLB
70
0
62
7
6
Continuous
370
50
290
1
390
110
0
LAYER
5
120
330
100
100
AcDbSymbolTableRecord
100
AcDbLayerTableRecord
2
E-ANNO-TEXT
70
0
62
7
6
Continuous
370
18
290
1
390
110
0
LAYER
5
121
330
100
100
AcDbSymbolTableRecord
100
AcDbLayerTableRecord
2
E-ANNO-SCHD
70
0
62
7
6
Continuous
370
18
290
1
390
110
0
LAYER
5
122
330
100
100
AcDbSymbolTableRecord
100
AcDbLayerTableRecord
2
E-ANNO-TAGS
70
0
62
7
6
Continuous
370
18
290
1
390
110
0
LAYER
5
123
330
100
100
AcDbSymbolTableRecord
100
AcDbLayerTableRecord
2
E-POWR-EQPM
70
0
62
7
6
Continuous
370
35
290
1
390
110
0
LAYER
5
124
330
100
100
AcDbSymbolTableRecord
100
AcDbLayerTableRecord
2
E-LITE-CTRL-EQPM
70
0
62
7
6
Continuous
370
35
290
1
390
110
0
LAYER
5
125
330
100
100
AcDbSymbolTableRecord
100
AcDbLayerTableRecord
2
E-LITE-FIXT
70
0
62
7
6
Continuous
370
35
290
1
390
110
0
LAYER
5
126
330
100
100
AcDbSymbolTableRecord
100
AcDbLayerTableRecord
2
E-POWR-WIRE-LV
70
0
62
30
6
Continuous
370
35
290
1
390
110
0
LAYER
5
127
330
100
100
AcDbSymbolTableRecord
100
AcDbLayerTableRecord
2
E-LITE-WIRE-CL2
70
0
62
94
6
Continuous
370
25
290
1
390
110
0
LAYER
5
128
330
100
100
AcDbSymbolTableRecord
100
AcDbLayerTableRecord
2
E-LITE-CTRL-DMX
70
0
62
150
6
DASHED
370
18
290
1
390
110
0
LAYER
5
129
330
100
100
AcDbSymbolTableRecord
100
AcDbLayerTableRecord
2
E-LITE-CTRL-SIGL
70
0
62
200
6
DASHDOT
370
18
290
1
390
110
0
LAYER
5
12A
330
100
100
AcDbSymbolTableRecord
100
AcDbLayerTableRecord
2
E-LITE-CTRL-LUTR
70
0
62
84
6
PHANTOM
370
18
290
1
390
110
0
LAYER
5
12B
330
100
100
AcDbSymbolTableRecord
100
AcDbLayerTableRecord
2
E-LITE-CTRL-SPI
70
0
62
44
6
HIDDEN
370
18
290
1
390
110
0
LAYER
5
12C
330
100
100
AcDbSymbolTableRecord
100
AcDbLayerTableRecord
2
E-LITE-CTRL-WRLS
70
0
62
210
6
DOT
370
18
290
1
390
110
0
LAYER
5
12D
330
100
100
AcDbSymbolTableRecord
100
AcDbLayerTableRecord
2
E-ANNO-ENCL
70
0
62
8
6
DASHED2
370
18
290
1
390
110
0
ENDTAB
0
TABLE
2
STYLE
5
102
330
0
100
AcDbSymbolTable
70
3
0
STYLE
5
12E
330
102
100
AcDbSymbolTableRecord
100
AcDbTextStyleTableRecord
2
Standard
70
0
40
0
41
1
50
0
71
0
42
0.09375
3
arial.ttf
4

0
STYLE
5
12F
330
102
100
AcDbSymbolTableRecord
100
AcDbTextStyleTableRecord
2
MAIN
70
0
40
0
41
1
50
0
71
0
42
0.09375
3
arial.ttf
4

0
STYLE
5
130
330
102
100
AcDbSymbolTableRecord
100
AcDbTextStyleTableRecord
2
BOLD
70
0
40
0
41
1
50
0
71
0
42
0.09375
3
arialbd.ttf
4

0
ENDTAB
0
TABLE
2
APPID
5
131
330
0
100
AcDbSymbolTable
70
1
0
APPID
5
132
330
131
100
AcDbSymbolTableRecord
100
AcDbRegAppTableRecord
2
ACAD
70
0
0
ENDTAB
0
TABLE
2
BLOCK_RECORD
5
103
330
0
100
AcDbSymbolTable
70
10
0
BLOCK_RECORD
5
104
330
103
100
AcDbSymbolTableRecord
100
AcDbBlockTableRecord
2
*Model_Space
70
1
280
1
281
0
0
BLOCK_RECORD
5
105
330
103
100
AcDbSymbolTableRecord
100
AcDbBlockTableRecord
2
*Paper_Space
70
1
280
1
281
0
0
BLOCK_RECORD
5
106
330
103
100
AcDbSymbolTableRecord
100
AcDbBlockTableRecord
2
panel
70
1
280
1
281
0
0
BLOCK_RECORD
5
107
330
103
100
AcDbSymbolTableRecord
100
AcDbBlockTableRecord
2
psu
70
1
280
1
281
0
0
BLOCK_RECORD
5
108
330
103
100
AcDbSymbolTableRecord
100
AcDbBlockTableRecord
2
decoder
70
1
280
1
281
0
0
BLOCK_RECORD
5
109
330
103
100
AcDbSymbolTableRecord
100
AcDbBlockTableRecord
2
console
70
1
280
1
281
0
0
BLOCK_RECORD
5
10A
330
103
100
AcDbSymbolTableRecord
100
AcDbBlockTableRecord
2
led-tape-4ch
70
1
280
1
281
0
0
BLOCK_RECORD
5
10B
330
103
100
AcDbSymbolTableRecord
100
AcDbBlockTableRecord
2
led-tape-2ch
70
1
280
1
281
0
0
BLOCK_RECORD
5
10C
330
103
100
AcDbSymbolTableRecord
100
AcDbBlockTableRecord
2
led-tape-1ch
70
1
280
1
281
0
0
BLOCK_RECORD
5
10D
330
103
100
AcDbSymbolTableRecord
100
AcDbBlockTableRecord
2
downlight
70
1
280
1
281
0
0
ENDTAB
0
ENDSEC
0
SECTION
2
BLOCKS
0
BLOCK
5
133
330
104
100
AcDbEntity
8
0
100
AcDbBlockBegin
2
*Model_Space
70
0
10
0
20
0
30
0
3
*Model_Space
1

0
ENDBLK
5
134
330
104
100
AcDbEntity
8
0
100
AcDbBlockEnd
0
BLOCK
5
135
330
105
100
AcDbEntity
8
0
100
AcDbBlockBegin
2
*Paper_Space
70
0
10
0
20
0
30
0
3
*Paper_Space
1

0
ENDBLK
5
136
330
105
100
AcDbEntity
8
0
100
AcDbBlockEnd
0
BLOCK
5
137
330
106
100
AcDbEntity
8
0
100
AcDbBlockBegin
2
panel
70
2
10
0
20
0
30
0
3
panel
1

0
LWPOLYLINE
5
138
330
106
100
AcDbEntity
8
E-POWR-EQPM
370
35
100
AcDbPolyline
90
4
70
1
10
0
20
0
10
2.8
20
0
10
2.8
20
1.825
10
0
20
1.825
0
TEXT
5
139
330
106
100
AcDbEntity
8
E-POWR-EQPM
100
AcDbText
10
0.14
20
1.355
30
0
40
0.09375
1
PANEL / CIRCUIT
50
0
41
1
7
MAIN
72
0
11
0.14
21
1.355
31
0
100
AcDbText
73
0
0
LINE
5
13A
330
106
100
AcDbEntity
8
E-POWR-EQPM
370
18
100
AcDbLine
10
0
20
1.245
30
0
11
2.8
21
1.245
31
0
0
ATTDEF
5
13B
330
106
100
AcDbEntity
8
E-ANNO-TAGS
100
AcDbText
10
0.14
20
1.565
30
0
40
0.125
1

50
0
41
1
7
BOLD
72
0
11
0.14
21
1.565
31
0
100
AcDbAttributeDefinition
280
0
3
TAG
2
TAG
70
0
73
0
74
0
280
1
0
ATTDEF
5
13C
330
106
100
AcDbEntity
8
E-ANNO-TAGS
100
AcDbText
10
0.14
20
0.99
30
0
40
0.09375
1

50
0
41
1
7
MAIN
72
0
11
0.14
21
0.99
31
0
100
AcDbAttributeDefinition
280
0
3
MODEL
2
MODEL
70
1
73
0
74
0
280
1
0
ATTDEF
5
13D
330
106
100
AcDbEntity
8
E-ANNO-TAGS
100
AcDbText
10
0.14
20
0.38
30
0
40
0.09375
1

50
0
41
1
7
MAIN
72
0
11
0.14
21
0.38
31
0
100
AcDbAttributeDefinition
280
0
3
VIN
2
VIN
70
0
73
0
74
0
280
1
0
ATTDEF
5
13E
330
106
100
AcDbEntity
8
E-ANNO-TAGS
100
AcDbText
10
1.5
20
0.38
30
0
40
0.09375
1

50
0
41
1
7
MAIN
72
0
11
1.5
21
0.38
31
0
100
AcDbAttributeDefinition
280
0
3
VOUT
2
VOUT
70
0
73
0
74
0
280
1
0
ATTDEF
5
13F
330
106
100
AcDbEntity
8
E-ANNO-TAGS
100
AcDbText
10
0.14
20
0.19
30
0
40
0.09375
1

50
0
41
1
7
MAIN
72
0
11
0.14
21
0.19
31
0
100
AcDbAttributeDefinition
280
0
3
WATTS
2
WATTS
70
0
73
0
74
0
280
1
0
ATTDEF
5
140
330
106
100
AcDbEntity
8
E-ANNO-TAGS
100
AcDbText
10
1.5
20
0.19
30
0
40
0.09375
1

50
0
41
1
7
MAIN
72
0
11
1.5
21
0.19
31
0
100
AcDbAttributeDefinition
280
0
3
LOAD_PCT
2
LOAD_PCT
70
0
73
0
74
0
280
1
0
ATTDEF
5
141
330
106
100
AcDbEntity
8
E-ANNO-TAGS
100
AcDbText
10
0.14
20
0.56
30
0
40
0.09375
1

50
0
41
1
7
MAIN
72
0
11
0.14
21
0.56
31
0
100
AcDbAttributeDefinition
280
0
3
DMX_ADDR
2
DMX_ADDR
70
0
73
0
74
0
280
1
0
ATTDEF
5
142
330
106
100
AcDbEntity
8
E-ANNO-TAGS
100
AcDbText
10
0.14
20
0.56
30
0
40
0.09375
1

50
0
41
1
7
MAIN
72
0
11
0.14
21
0.56
31
0
100
AcDbAttributeDefinition
280
0
3
LOCATION
2
LOCATION
70
1
73
0
74
0
280
1
0
ENDBLK
5
143
330
106
100
AcDbEntity
8
0
100
AcDbBlockEnd
0
BLOCK
5
144
330
107
100
AcDbEntity
8
0
100
AcDbBlockBegin
2
psu
70
2
10
0
20
0
30
0
3
psu
1

0
LWPOLYLINE
5
145
330
107
100
AcDbEntity
8
E-POWR-EQPM
370
35
100
AcDbPolyline
90
4
70
1
10
0
20
0
10
2.8
20
0
10
2.8
20
1.825
10
0
20
1.825
0
TEXT
5
146
330
107
100
AcDbEntity
8
E-POWR-EQPM
100
AcDbText
10
0.14
20
1.355
30
0
40
0.09375
1
POWER SUPPLY
50
0
41
1
7
MAIN
72
0
11
0.14
21
1.355
31
0
100
AcDbText
73
0
0
LINE
5
147
330
107
100
AcDbEntity
8
E-POWR-EQPM
370
18
100
AcDbLine
10
0
20
1.245
30
0
11
2.8
21
1.245
31
0
0
ATTDEF
5
148
330
107
100
AcDbEntity
8
E-ANNO-TAGS
100
AcDbText
10
0.14
20
1.565
30
0
40
0.125
1

50
0
41
1
7
BOLD
72
0
11
0.14
21
1.565
31
0
100
AcDbAttributeDefinition
280
0
3
TAG
2
TAG
70
0
73
0
74
0
280
1
0
ATTDEF
5
149
330
107
100
AcDbEntity
8
E-ANNO-TAGS
100
AcDbText
10
0.14
20
0.99
30
0
40
0.09375
1

50
0
41
1
7
MAIN
72
0
11
0.14
21
0.99
31
0
100
AcDbAttributeDefinition
280
0
3
MODEL
2
MODEL
70
1
73
0
74
0
280
1
0
ATTDEF
5
14A
330
107
100
AcDbEntity
8
E-ANNO-TAGS
100
AcDbText
10
0.14
20
0.38
30
0
40
0.09375
1

50
0
41
1
7
MAIN
72
0
11
0.14
21
0.38
31
0
100
AcDbAttributeDefinition
280
0
3
VIN
2
VIN
70
0
73
0
74
0
280
1
0
ATTDEF
5
14B
330
107
100
AcDbEntity
8
E-ANNO-TAGS
100
AcDbText
10
1.5
20
0.38
30
0
40
0.09375
1

50
0
41
1
7
MAIN
72
0
11
1.5
21
0.38
31
0
100
AcDbAttributeDefinition
280
0
3
VOUT
2
VOUT
70
0
73
0
74
0
280
1
0
ATTDEF
5
14C
330
107
100
AcDbEntity
8
E-ANNO-TAGS
100
AcDbText
10
0.14
20
0.19
30
0
40
0.09375
1

50
0
41
1
7
MAIN
72
0
11
0.14
21
0.19
31
0
100
AcDbAttributeDefinition
280
0
3
WATTS
2
WATTS
70
0
73
0
74
0
280
1
0
ATTDEF
5
14D
330
107
100
AcDbEntity
8
E-ANNO-TAGS
100
AcDbText
10
1.5
20
0.19
30
0
40
0.09375
1

50
0
41
1
7
MAIN
72
0
11
1.5
21
0.19
31
0
100
AcDbAttributeDefinition
280
0
3
LOAD_PCT
2
LOAD_PCT
70
0
73
0
74
0
280
1
0
ATTDEF
5
14E
330
107
100
AcDbEntity
8
E-ANNO-TAGS
100
AcDbText
10
0.14
20
0.56
30
0
40
0.09375
1

50
0
41
1
7
MAIN
72
0
11
0.14
21
0.56
31
0
100
AcDbAttributeDefinition
280
0
3
DMX_ADDR
2
DMX_ADDR
70
0
73
0
74
0
280
1
0
ATTDEF
5
14F
330
107
100
AcDbEntity
8
E-ANNO-TAGS
100
AcDbText
10
0.14
20
0.56
30
0
40
0.09375
1

50
0
41
1
7
MAIN
72
0
11
0.14
21
0.56
31
0
100
AcDbAttributeDefinition
280
0
3
LOCATION
2
LOCATION
70
1
73
0
74
0
280
1
0
ENDBLK
5
150
330
107
100
AcDbEntity
8
0
100
AcDbBlockEnd
0
BLOCK
5
151
330
108
100
AcDbEntity
8
0
100
AcDbBlockBegin
2
decoder
70
2
10
0
20
0
30
0
3
decoder
1

0
LWPOLYLINE
5
152
330
108
100
AcDbEntity
8
E-LITE-CTRL-EQPM
370
35
100
AcDbPolyline
90
4
70
1
10
0
20
0
10
2.8
20
0
10
2.8
20
1.825
10
0
20
1.825
0
TEXT
5
153
330
108
100
AcDbEntity
8
E-LITE-CTRL-EQPM
100
AcDbText
10
0.14
20
1.355
30
0
40
0.09375
1
DMX DECODER
50
0
41
1
7
MAIN
72
0
11
0.14
21
1.355
31
0
100
AcDbText
73
0
0
LINE
5
154
330
108
100
AcDbEntity
8
E-LITE-CTRL-EQPM
370
18
100
AcDbLine
10
0
20
1.245
30
0
11
2.8
21
1.245
31
0
0
ATTDEF
5
155
330
108
100
AcDbEntity
8
E-ANNO-TAGS
100
AcDbText
10
0.14
20
1.565
30
0
40
0.125
1

50
0
41
1
7
BOLD
72
0
11
0.14
21
1.565
31
0
100
AcDbAttributeDefinition
280
0
3
TAG
2
TAG
70
0
73
0
74
0
280
1
0
ATTDEF
5
156
330
108
100
AcDbEntity
8
E-ANNO-TAGS
100
AcDbText
10
0.14
20
0.99
30
0
40
0.09375
1

50
0
41
1
7
MAIN
72
0
11
0.14
21
0.99
31
0
100
AcDbAttributeDefinition
280
0
3
MODEL
2
MODEL
70
1
73
0
74
0
280
1
0
ATTDEF
5
157
330
108
100
AcDbEntity
8
E-ANNO-TAGS
100
AcDbText
10
0.14
20
0.38
30
0
40
0.09375
1

50
0
41
1
7
MAIN
72
0
11
0.14
21
0.38
31
0
100
AcDbAttributeDefinition
280
0
3
VIN
2
VIN
70
0
73
0
74
0
280
1
0
ATTDEF
5
158
330
108
100
AcDbEntity
8
E-ANNO-TAGS
100
AcDbText
10
1.5
20
0.38
30
0
40
0.09375
1

50
0
41
1
7
MAIN
72
0
11
1.5
21
0.38
31
0
100
AcDbAttributeDefinition
280
0
3
VOUT
2
VOUT
70
0
73
0
74
0
280
1
0
ATTDEF
5
159
330
108
100
AcDbEntity
8
E-ANNO-TAGS
100
AcDbText
10
0.14
20
0.19
30
0
40
0.09375
1

50
0
41
1
7
MAIN
72
0
11
0.14
21
0.19
31
0
100
AcDbAttributeDefinition
280
0
3
WATTS
2
WATTS
70
0
73
0
74
0
280
1
0
ATTDEF
5
15A
330
108
100
AcDbEntity
8
E-ANNO-TAGS
100
AcDbText
10
1.5
20
0.19
30
0
40
0.09375
1

50
0
41
1
7
MAIN
72
0
11
1.5
21
0.19
31
0
100
AcDbAttributeDefinition
280
0
3
LOAD_PCT
2
LOAD_PCT
70
0
73
0
74
0
280
1
0
ATTDEF
5
15B
330
108
100
AcDbEntity
8
E-ANNO-TAGS
100
AcDbText
10
0.14
20
0.56
30
0
40
0.09375
1

50
0
41
1
7
MAIN
72
0
11
0.14
21
0.56
31
0
100
AcDbAttributeDefinition
280
0
3
DMX_ADDR
2
DMX_ADDR
70
0
73
0
74
0
280
1
0
ATTDEF
5
15C
330
108
100
AcDbEntity
8
E-ANNO-TAGS
100
AcDbText
10
0.14
20
0.56
30
0
40
0.09375
1

50
0
41
1
7
MAIN
72
0
11
0.14
21
0.56
31
0
100
AcDbAttributeDefinition
280
0
3
LOCATION
2
LOCATION
70
1
73
0
74
0
280
1
0
ENDBLK
5
15D
330
108
100
AcDbEntity
8
0
100
AcDbBlockEnd
0
BLOCK
5
15E
330
109
100
AcDbEntity
8
0
100
AcDbBlockBegin
2
console
70
2
10
0
20
0
30
0
3
console
1

0
LWPOLYLINE
5
15F
330
109
100
AcDbEntity
8
E-LITE-CTRL-EQPM
370
35
100
AcDbPolyline
90
4
70
1
10
0
20
0
10
2.8
20
0
10
2.8
20
1.825
10
0
20
1.825
0
TEXT
5
160
330
109
100
AcDbEntity
8
E-LITE-CTRL-EQPM
100
AcDbText
10
0.14
20
1.355
30
0
40
0.09375
1
DMX CONTROLLER
50
0
41
1
7
MAIN
72
0
11
0.14
21
1.355
31
0
100
AcDbText
73
0
0
LINE
5
161
330
109
100
AcDbEntity
8
E-LITE-CTRL-EQPM
370
18
100
AcDbLine
10
0
20
1.245
30
0
11
2.8
21
1.245
31
0
0
ATTDEF
5
162
330
109
100
AcDbEntity
8
E-ANNO-TAGS
100
AcDbText
10
0.14
20
1.565
30
0
40
0.125
1

50
0
41
1
7
BOLD
72
0
11
0.14
21
1.565
31
0
100
AcDbAttributeDefinition
280
0
3
TAG
2
TAG
70
0
73
0
74
0
280
1
0
ATTDEF
5
163
330
109
100
AcDbEntity
8
E-ANNO-TAGS
100
AcDbText
10
0.14
20
0.99
30
0
40
0.09375
1

50
0
41
1
7
MAIN
72
0
11
0.14
21
0.99
31
0
100
AcDbAttributeDefinition
280
0
3
MODEL
2
MODEL
70
1
73
0
74
0
280
1
0
ATTDEF
5
164
330
109
100
AcDbEntity
8
E-ANNO-TAGS
100
AcDbText
10
0.14
20
0.38
30
0
40
0.09375
1

50
0
41
1
7
MAIN
72
0
11
0.14
21
0.38
31
0
100
AcDbAttributeDefinition
280
0
3
VIN
2
VIN
70
0
73
0
74
0
280
1
0
ATTDEF
5
165
330
109
100
AcDbEntity
8
E-ANNO-TAGS
100
AcDbText
10
1.5
20
0.38
30
0
40
0.09375
1

50
0
41
1
7
MAIN
72
0
11
1.5
21
0.38
31
0
100
AcDbAttributeDefinition
280
0
3
VOUT
2
VOUT
70
0
73
0
74
0
280
1
0
ATTDEF
5
166
330
109
100
AcDbEntity
8
E-ANNO-TAGS
100
AcDbText
10
0.14
20
0.19
30
0
40
0.09375
1

50
0
41
1
7
MAIN
72
0
11
0.14
21
0.19
31
0
100
AcDbAttributeDefinition
280
0
3
WATTS
2
WATTS
70
0
73
0
74
0
280
1
0
ATTDEF
5
167
330
109
100
AcDbEntity
8
E-ANNO-TAGS
100
AcDbText
10
1.5
20
0.19
30
0
40
0.09375
1

50
0
41
1
7
MAIN
72
0
11
1.5
21
0.19
31
0
100
AcDbAttributeDefinition
280
0
3
LOAD_PCT
2
LOAD_PCT
70
0
73
0
74
0
280
1
0
ATTDEF
5
168
330
109
100
AcDbEntity
8
E-ANNO-TAGS
100
AcDbText
10
0.14
20
0.56
30
0
40
0.09375
1

50
0
41
1
7
MAIN
72
0
11
0.14
21
0.56
31
0
100
AcDbAttributeDefinition
280
0
3
DMX_ADDR
2
DMX_ADDR
70
0
73
0
74
0
280
1
0
ATTDEF
5
169
330
109
100
AcDbEntity
8
E-ANNO-TAGS
100
AcDbText
10
0.14
20
0.56
30
0
40
0.09375
1

50
0
41
1
7
MAIN
72
0
11
0.14
21
0.56
31
0
100
AcDbAttributeDefinition
280
0
3
LOCATION
2
LOCATION
70
1
73
0
74
0
280
1
0
ENDBLK
5
16A
330
109
100
AcDbEntity
8
0
100
AcDbBlockEnd
0
BLOCK
5
16B
330
10A
100
AcDbEntity
8
0
100
AcDbBlockBegin
2
led-tape-4ch
70
2
10
0
20
0
30
0
3
led-tape-4ch
1

0
LWPOLYLINE
5
16C
330
10A
100
AcDbEntity
8
E-LITE-FIXT
370
35
100
AcDbPolyline
90
4
70
1
10
0
20
0
10
2.8
20
0
10
2.8
20
1.825
10
0
20
1.825
0
TEXT
5
16D
330
10A
100
AcDbEntity
8
E-LITE-FIXT
100
AcDbText
10
0.14
20
1.355
30
0
40
0.09375
1
LED TAPE / 4 CH
50
0
41
1
7
MAIN
72
0
11
0.14
21
1.355
31
0
100
AcDbText
73
0
0
LINE
5
16E
330
10A
100
AcDbEntity
8
E-LITE-FIXT
370
18
100
AcDbLine
10
0
20
1.245
30
0
11
2.8
21
1.245
31
0
0
ATTDEF
5
16F
330
10A
100
AcDbEntity
8
E-ANNO-TAGS
100
AcDbText
10
0.14
20
1.565
30
0
40
0.125
1

50
0
41
1
7
BOLD
72
0
11
0.14
21
1.565
31
0
100
AcDbAttributeDefinition
280
0
3
TAG
2
TAG
70
0
73
0
74
0
280
1
0
ATTDEF
5
170
330
10A
100
AcDbEntity
8
E-ANNO-TAGS
100
AcDbText
10
0.14
20
0.99
30
0
40
0.09375
1

50
0
41
1
7
MAIN
72
0
11
0.14
21
0.99
31
0
100
AcDbAttributeDefinition
280
0
3
MODEL
2
MODEL
70
1
73
0
74
0
280
1
0
ATTDEF
5
171
330
10A
100
AcDbEntity
8
E-ANNO-TAGS
100
AcDbText
10
0.14
20
0.38
30
0
40
0.09375
1

50
0
41
1
7
MAIN
72
0
11
0.14
21
0.38
31
0
100
AcDbAttributeDefinition
280
0
3
VIN
2
VIN
70
0
73
0
74
0
280
1
0
ATTDEF
5
172
330
10A
100
AcDbEntity
8
E-ANNO-TAGS
100
AcDbText
10
1.5
20
0.38
30
0
40
0.09375
1

50
0
41
1
7
MAIN
72
0
11
1.5
21
0.38
31
0
100
AcDbAttributeDefinition
280
0
3
VOUT
2
VOUT
70
0
73
0
74
0
280
1
0
ATTDEF
5
173
330
10A
100
AcDbEntity
8
E-ANNO-TAGS
100
AcDbText
10
0.14
20
0.19
30
0
40
0.09375
1

50
0
41
1
7
MAIN
72
0
11
0.14
21
0.19
31
0
100
AcDbAttributeDefinition
280
0
3
WATTS
2
WATTS
70
0
73
0
74
0
280
1
0
ATTDEF
5
174
330
10A
100
AcDbEntity
8
E-ANNO-TAGS
100
AcDbText
10
1.5
20
0.19
30
0
40
0.09375
1

50
0
41
1
7
MAIN
72
0
11
1.5
21
0.19
31
0
100
AcDbAttributeDefinition
280
0
3
LOAD_PCT
2
LOAD_PCT
70
0
73
0
74
0
280
1
0
ATTDEF
5
175
330
10A
100
AcDbEntity
8
E-ANNO-TAGS
100
AcDbText
10
0.14
20
0.56
30
0
40
0.09375
1

50
0
41
1
7
MAIN
72
0
11
0.14
21
0.56
31
0
100
AcDbAttributeDefinition
280
0
3
DMX_ADDR
2
DMX_ADDR
70
0
73
0
74
0
280
1
0
ATTDEF
5
176
330
10A
100
AcDbEntity
8
E-ANNO-TAGS
100
AcDbText
10
0.14
20
0.56
30
0
40
0.09375
1

50
0
41
1
7
MAIN
72
0
11
0.14
21
0.56
31
0
100
AcDbAttributeDefinition
280
0
3
LOCATION
2
LOCATION
70
1
73
0
74
0
280
1
0
ENDBLK
5
177
330
10A
100
AcDbEntity
8
0
100
AcDbBlockEnd
0
BLOCK
5
178
330
10B
100
AcDbEntity
8
0
100
AcDbBlockBegin
2
led-tape-2ch
70
2
10
0
20
0
30
0
3
led-tape-2ch
1

0
LWPOLYLINE
5
179
330
10B
100
AcDbEntity
8
E-LITE-FIXT
370
35
100
AcDbPolyline
90
4
70
1
10
0
20
0
10
2.8
20
0
10
2.8
20
1.825
10
0
20
1.825
0
TEXT
5
17A
330
10B
100
AcDbEntity
8
E-LITE-FIXT
100
AcDbText
10
0.14
20
1.355
30
0
40
0.09375
1
LED TAPE / 2 CH
50
0
41
1
7
MAIN
72
0
11
0.14
21
1.355
31
0
100
AcDbText
73
0
0
LINE
5
17B
330
10B
100
AcDbEntity
8
E-LITE-FIXT
370
18
100
AcDbLine
10
0
20
1.245
30
0
11
2.8
21
1.245
31
0
0
ATTDEF
5
17C
330
10B
100
AcDbEntity
8
E-ANNO-TAGS
100
AcDbText
10
0.14
20
1.565
30
0
40
0.125
1

50
0
41
1
7
BOLD
72
0
11
0.14
21
1.565
31
0
100
AcDbAttributeDefinition
280
0
3
TAG
2
TAG
70
0
73
0
74
0
280
1
0
ATTDEF
5
17D
330
10B
100
AcDbEntity
8
E-ANNO-TAGS
100
AcDbText
10
0.14
20
0.99
30
0
40
0.09375
1

50
0
41
1
7
MAIN
72
0
11
0.14
21
0.99
31
0
100
AcDbAttributeDefinition
280
0
3
MODEL
2
MODEL
70
1
73
0
74
0
280
1
0
ATTDEF
5
17E
330
10B
100
AcDbEntity
8
E-ANNO-TAGS
100
AcDbText
10
0.14
20
0.38
30
0
40
0.09375
1

50
0
41
1
7
MAIN
72
0
11
0.14
21
0.38
31
0
100
AcDbAttributeDefinition
280
0
3
VIN
2
VIN
70
0
73
0
74
0
280
1
0
ATTDEF
5
17F
330
10B
100
AcDbEntity
8
E-ANNO-TAGS
100
AcDbText
10
1.5
20
0.38
30
0
40
0.09375
1

50
0
41
1
7
MAIN
72
0
11
1.5
21
0.38
31
0
100
AcDbAttributeDefinition
280
0
3
VOUT
2
VOUT
70
0
73
0
74
0
280
1
0
ATTDEF
5
180
330
10B
100
AcDbEntity
8
E-ANNO-TAGS
100
AcDbText
10
0.14
20
0.19
30
0
40
0.09375
1

50
0
41
1
7
MAIN
72
0
11
0.14
21
0.19
31
0
100
AcDbAttributeDefinition
280
0
3
WATTS
2
WATTS
70
0
73
0
74
0
280
1
0
ATTDEF
5
181
330
10B
100
AcDbEntity
8
E-ANNO-TAGS
100
AcDbText
10
1.5
20
0.19
30
0
40
0.09375
1

50
0
41
1
7
MAIN
72
0
11
1.5
21
0.19
31
0
100
AcDbAttributeDefinition
280
0
3
LOAD_PCT
2
LOAD_PCT
70
0
73
0
74
0
280
1
0
ATTDEF
5
182
330
10B
100
AcDbEntity
8
E-ANNO-TAGS
100
AcDbText
10
0.14
20
0.56
30
0
40
0.09375
1

50
0
41
1
7
MAIN
72
0
11
0.14
21
0.56
31
0
100
AcDbAttributeDefinition
280
0
3
DMX_ADDR
2
DMX_ADDR
70
0
73
0
74
0
280
1
0
ATTDEF
5
183
330
10B
100
AcDbEntity
8
E-ANNO-TAGS
100
AcDbText
10
0.14
20
0.56
30
0
40
0.09375
1

50
0
41
1
7
MAIN
72
0
11
0.14
21
0.56
31
0
100
AcDbAttributeDefinition
280
0
3
LOCATION
2
LOCATION
70
1
73
0
74
0
280
1
0
ENDBLK
5
184
330
10B
100
AcDbEntity
8
0
100
AcDbBlockEnd
0
BLOCK
5
185
330
10C
100
AcDbEntity
8
0
100
AcDbBlockBegin
2
led-tape-1ch
70
2
10
0
20
0
30
0
3
led-tape-1ch
1

0
LWPOLYLINE
5
186
330
10C
100
AcDbEntity
8
E-LITE-FIXT
370
35
100
AcDbPolyline
90
4
70
1
10
0
20
0
10
2.8
20
0
10
2.8
20
1.825
10
0
20
1.825
0
TEXT
5
187
330
10C
100
AcDbEntity
8
E-LITE-FIXT
100
AcDbText
10
0.14
20
1.355
30
0
40
0.09375
1
LED TAPE / 1 CH
50
0
41
1
7
MAIN
72
0
11
0.14
21
1.355
31
0
100
AcDbText
73
0
0
LINE
5
188
330
10C
100
AcDbEntity
8
E-LITE-FIXT
370
18
100
AcDbLine
10
0
20
1.245
30
0
11
2.8
21
1.245
31
0
0
ATTDEF
5
189
330
10C
100
AcDbEntity
8
E-ANNO-TAGS
100
AcDbText
10
0.14
20
1.565
30
0
40
0.125
1

50
0
41
1
7
BOLD
72
0
11
0.14
21
1.565
31
0
100
AcDbAttributeDefinition
280
0
3
TAG
2
TAG
70
0
73
0
74
0
280
1
0
ATTDEF
5
18A
330
10C
100
AcDbEntity
8
E-ANNO-TAGS
100
AcDbText
10
0.14
20
0.99
30
0
40
0.09375
1

50
0
41
1
7
MAIN
72
0
11
0.14
21
0.99
31
0
100
AcDbAttributeDefinition
280
0
3
MODEL
2
MODEL
70
1
73
0
74
0
280
1
0
ATTDEF
5
18B
330
10C
100
AcDbEntity
8
E-ANNO-TAGS
100
AcDbText
10
0.14
20
0.38
30
0
40
0.09375
1

50
0
41
1
7
MAIN
72
0
11
0.14
21
0.38
31
0
100
AcDbAttributeDefinition
280
0
3
VIN
2
VIN
70
0
73
0
74
0
280
1
0
ATTDEF
5
18C
330
10C
100
AcDbEntity
8
E-ANNO-TAGS
100
AcDbText
10
1.5
20
0.38
30
0
40
0.09375
1

50
0
41
1
7
MAIN
72
0
11
1.5
21
0.38
31
0
100
AcDbAttributeDefinition
280
0
3
VOUT
2
VOUT
70
0
73
0
74
0
280
1
0
ATTDEF
5
18D
330
10C
100
AcDbEntity
8
E-ANNO-TAGS
100
AcDbText
10
0.14
20
0.19
30
0
40
0.09375
1

50
0
41
1
7
MAIN
72
0
11
0.14
21
0.19
31
0
100
AcDbAttributeDefinition
280
0
3
WATTS
2
WATTS
70
0
73
0
74
0
280
1
0
ATTDEF
5
18E
330
10C
100
AcDbEntity
8
E-ANNO-TAGS
100
AcDbText
10
1.5
20
0.19
30
0
40
0.09375
1

50
0
41
1
7
MAIN
72
0
11
1.5
21
0.19
31
0
100
AcDbAttributeDefinition
280
0
3
LOAD_PCT
2
LOAD_PCT
70
0
73
0
74
0
280
1
0
ATTDEF
5
18F
330
10C
100
AcDbEntity
8
E-ANNO-TAGS
100
AcDbText
10
0.14
20
0.56
30
0
40
0.09375
1

50
0
41
1
7
MAIN
72
0
11
0.14
21
0.56
31
0
100
AcDbAttributeDefinition
280
0
3
DMX_ADDR
2
DMX_ADDR
70
0
73
0
74
0
280
1
0
ATTDEF
5
190
330
10C
100
AcDbEntity
8
E-ANNO-TAGS
100
AcDbText
10
0.14
20
0.56
30
0
40
0.09375
1

50
0
41
1
7
MAIN
72
0
11
0.14
21
0.56
31
0
100
AcDbAttributeDefinition
280
0
3
LOCATION
2
LOCATION
70
1
73
0
74
0
280
1
0
ENDBLK
5
191
330
10C
100
AcDbEntity
8
0
100
AcDbBlockEnd
0
BLOCK
5
192
330
10D
100
AcDbEntity
8
0
100
AcDbBlockBegin
2
downlight
70
2
10
0
20
0
30
0
3
downlight
1

0
LWPOLYLINE
5
193
330
10D
100
AcDbEntity
8
E-LITE-FIXT
370
35
100
AcDbPolyline
90
4
70
1
10
0
20
0
10
2.8
20
0
10
2.8
20
1.825
10
0
20
1.825
0
TEXT
5
194
330
10D
100
AcDbEntity
8
E-LITE-FIXT
100
AcDbText
10
0.14
20
1.355
30
0
40
0.09375
1
DOWNLIGHT
50
0
41
1
7
MAIN
72
0
11
0.14
21
1.355
31
0
100
AcDbText
73
0
0
LINE
5
195
330
10D
100
AcDbEntity
8
E-LITE-FIXT
370
18
100
AcDbLine
10
0
20
1.245
30
0
11
2.8
21
1.245
31
0
0
ATTDEF
5
196
330
10D
100
AcDbEntity
8
E-ANNO-TAGS
100
AcDbText
10
0.14
20
1.565
30
0
40
0.125
1

50
0
41
1
7
BOLD
72
0
11
0.14
21
1.565
31
0
100
AcDbAttributeDefinition
280
0
3
TAG
2
TAG
70
0
73
0
74
0
280
1
0
ATTDEF
5
197
330
10D
100
AcDbEntity
8
E-ANNO-TAGS
100
AcDbText
10
0.14
20
0.99
30
0
40
0.09375
1

50
0
41
1
7
MAIN
72
0
11
0.14
21
0.99
31
0
100
AcDbAttributeDefinition
280
0
3
MODEL
2
MODEL
70
1
73
0
74
0
280
1
0
ATTDEF
5
198
330
10D
100
AcDbEntity
8
E-ANNO-TAGS
100
AcDbText
10
0.14
20
0.38
30
0
40
0.09375
1

50
0
41
1
7
MAIN
72
0
11
0.14
21
0.38
31
0
100
AcDbAttributeDefinition
280
0
3
VIN
2
VIN
70
0
73
0
74
0
280
1
0
ATTDEF
5
199
330
10D
100
AcDbEntity
8
E-ANNO-TAGS
100
AcDbText
10
1.5
20
0.38
30
0
40
0.09375
1

50
0
41
1
7
MAIN
72
0
11
1.5
21
0.38
31
0
100
AcDbAttributeDefinition
280
0
3
VOUT
2
VOUT
70
0
73
0
74
0
280
1
0
ATTDEF
5
19A
330
10D
100
AcDbEntity
8
E-ANNO-TAGS
100
AcDbText
10
0.14
20
0.19
30
0
40
0.09375
1

50
0
41
1
7
MAIN
72
0
11
0.14
21
0.19
31
0
100
AcDbAttributeDefinition
280
0
3
WATTS
2
WATTS
70
0
73
0
74
0
280
1
0
ATTDEF
5
19B
330
10D
100
AcDbEntity
8
E-ANNO-TAGS
100
AcDbText
10
1.5
20
0.19
30
0
40
0.09375
1

50
0
41
1
7
MAIN
72
0
11
1.5
21
0.19
31
0
100
AcDbAttributeDefinition
280
0
3
LOAD_PCT
2
LOAD_PCT
70
0
73
0
74
0
280
1
0
ATTDEF
5
19C
330
10D
100
AcDbEntity
8
E-ANNO-TAGS
100
AcDbText
10
0.14
20
0.56
30
0
40
0.09375
1

50
0
41
1
7
MAIN
72
0
11
0.14
21
0.56
31
0
100
AcDbAttributeDefinition
280
0
3
DMX_ADDR
2
DMX_ADDR
70
0
73
0
74
0
280
1
0
ATTDEF
5
19D
330
10D
100
AcDbEntity
8
E-ANNO-TAGS
100
AcDbText
10
0.14
20
0.56
30
0
40
0.09375
1

50
0
41
1
7
MAIN
72
0
11
0.14
21
0.56
31
0
100
AcDbAttributeDefinition
280
0
3
LOCATION
2
LOCATION
70
1
73
0
74
0
280
1
0
ENDBLK
5
19E
330
10D
100
AcDbEntity
8
0
100
AcDbBlockEnd
0
ENDSEC
0
SECTION
2
ENTITIES
0
INSERT
5
19F
330
104
100
AcDbEntity
8
E-POWR-EQPM
100
AcDbBlockReference
66
1
2
panel
10
2
20
18
30
0
41
1
42
1
43
1
50
0
0
ATTRIB
5
1A0
330
19F
100
AcDbEntity
8
E-ANNO-TAGS
100
AcDbText
10
2.14
20
19.565
30
0
40
0.125
1
LP-1/12
50
0
41
1
7
BOLD
72
0
11
2.14
21
19.565
31
0
100
AcDbAttribute
280
0
2
TAG
70
0
73
0
74
0
280
1
0
ATTRIB
5
1A1
330
19F
100
AcDbEntity
8
E-ANNO-TAGS
100
AcDbText
10
2.14
20
18.99
30
0
40
0.09375
1
Panel / circuit
50
0
41
1
7
MAIN
72
0
11
2.14
21
18.99
31
0
100
AcDbAttribute
280
0
2
MODEL
70
1
73
0
74
0
280
1
0
ATTRIB
5
1A2
330
19F
100
AcDbEntity
8
E-ANNO-TAGS
100
AcDbText
10
2.14
20
18.38
30
0
40
0.09375
1
120 V
50
0
41
1
7
MAIN
72
0
11
2.14
21
18.38
31
0
100
AcDbAttribute
280
0
2
VIN
70
0
73
0
74
0
280
1
0
ATTRIB
5
1A3
330
19F
100
AcDbEntity
8
E-ANNO-TAGS
100
AcDbText
10
3.5
20
18.38
30
0
40
0.09375
1

50
0
41
1
7
MAIN
72
0
11
3.5
21
18.38
31
0
100
AcDbAttribute
280
0
2
VOUT
70
0
73
0
74
0
280
1
0
ATTRIB
5
1A4
330
19F
100
AcDbEntity
8
E-ANNO-TAGS
100
AcDbText
10
2.14
20
18.19
30
0
40
0.09375
1

50
0
41
1
7
MAIN
72
0
11
2.14
21
18.19
31
0
100
AcDbAttribute
280
0
2
WATTS
70
0
73
0
74
0
280
1
0
ATTRIB
5
1A5
330
19F
100
AcDbEntity
8
E-ANNO-TAGS
100
AcDbText
10
3.5
20
18.19
30
0
40
0.09375
1

50
0
41
1
7
MAIN
72
0
11
3.5
21
18.19
31
0
100
AcDbAttribute
280
0
2
LOAD_PCT
70
0
73
0
74
0
280
1
0
ATTRIB
5
1A6
330
19F
100
AcDbEntity
8
E-ANNO-TAGS
100
AcDbText
10
2.14
20
18.56
30
0
40
0.09375
1

50
0
41
1
7
MAIN
72
0
11
2.14
21
18.56
31
0
100
AcDbAttribute
280
0
2
DMX_ADDR
70
0
73
0
74
0
280
1
0
ATTRIB
5
1A7
330
19F
100
AcDbEntity
8
E-ANNO-TAGS
100
AcDbText
10
2.14
20
18.56
30
0
40
0.09375
1

50
0
41
1
7
MAIN
72
0
11
2.14
21
18.56
31
0
100
AcDbAttribute
280
0
2
LOCATION
70
1
73
0
74
0
280
1
0
SEQEND
5
1A8
330
19F
100
AcDbEntity
8
E-POWR-EQPM
0
MTEXT
5
1A9
330
104
100
AcDbEntity
8
E-ANNO-TEXT
100
AcDbMText
10
2.14
20
19.08375
30
0
40
0.09375
41
0.97668204
71
1
72
1
7
MAIN
50
0
73
2
44
1.45
1
LP-1 / circuit 12
0
INSERT
5
1AA
330
104
100
AcDbEntity
8
E-POWR-EQPM
100
AcDbBlockReference
66
1
2
panel
10
2
20
9.675
30
0
41
1
42
1
43
1
50
0
0
ATTRIB
5
1AB
330
1AA
100
AcDbEntity
8
E-ANNO-TAGS
100
AcDbText
10
2.14
20
11.24
30
0
40
0.125
1
LP-1/14
50
0
41
1
7
BOLD
72
0
11
2.14
21
11.24
31
0
100
AcDbAttribute
280
0
2
TAG
70
0
73
0
74
0
280
1
0
ATTRIB
5
1AC
330
1AA
100
AcDbEntity
8
E-ANNO-TAGS
100
AcDbText
10
2.14
20
10.665
30
0
40
0.09375
1
Panel / circuit
50
0
41
1
7
MAIN
72
0
11
2.14
21
10.665
31
0
100
AcDbAttribute
280
0
2
MODEL
70
1
73
0
74
0
280
1
0
ATTRIB
5
1AD
330
1AA
100
AcDbEntity
8
E-ANNO-TAGS
100
AcDbText
10
2.14
20
10.055
30
0
40
0.09375
1
120 V
50
0
41
1
7
MAIN
72
0
11
2.14
21
10.055
31
0
100
AcDbAttribute
280
0
2
VIN
70
0
73
0
74
0
280
1
0
ATTRIB
5
1AE
330
1AA
100
AcDbEntity
8
E-ANNO-TAGS
100
AcDbText
10
3.5
20
10.055
30
0
40
0.09375
1

50
0
41
1
7
MAIN
72
0
11
3.5
21
10.055
31
0
100
AcDbAttribute
280
0
2
VOUT
70
0
73
0
74
0
280
1
0
ATTRIB
5
1AF
330
1AA
100
AcDbEntity
8
E-ANNO-TAGS
100
AcDbText
10
2.14
20
9.865
30
0
40
0.09375
1

50
0
41
1
7
MAIN
72
0
11
2.14
21
9.865
31
0
100
AcDbAttribute
280
0
2
WATTS
70
0
73
0
74
0
280
1
0
ATTRIB
5
1B0
330
1AA
100
AcDbEntity
8
E-ANNO-TAGS
100
AcDbText
10
3.5
20
9.865
30
0
40
0.09375
1

50
0
41
1
7
MAIN
72
0
11
3.5
21
9.865
31
0
100
AcDbAttribute
280
0
2
LOAD_PCT
70
0
73
0
74
0
280
1
0
ATTRIB
5
1B1
330
1AA
100
AcDbEntity
8
E-ANNO-TAGS
100
AcDbText
10
2.14
20
10.235
30
0
40
0.09375
1

50
0
41
1
7
MAIN
72
0
11
2.14
21
10.235
31
0
100
AcDbAttribute
280
0
2
DMX_ADDR
70
0
73
0
74
0
280
1
0
ATTRIB
5
1B2
330
1AA
100
AcDbEntity
8
E-ANNO-TAGS
100
AcDbText
10
2.14
20
10.235
30
0
40
0.09375
1

50
0
41
1
7
MAIN
72
0
11
2.14
21
10.235
31
0
100
AcDbAttribute
280
0
2
LOCATION
70
1
73
0
74
0
280
1
0
SEQEND
5
1B3
330
1AA
100
AcDbEntity
8
E-POWR-EQPM
0
MTEXT
5
1B4
330
104
100
AcDbEntity
8
E-ANNO-TEXT
100
AcDbMText
10
2.14
20
10.75875
30
0
40
0.09375
41
0.97668204
71
1
72
1
7
MAIN
50
0
73
2
44
1.45
1
LP-1 / circuit 14
0
INSERT
5
1B5
330
104
100
AcDbEntity
8
E-POWR-EQPM
100
AcDbBlockReference
66
1
2
psu
10
7.2
20
18
30
0
41
1
42
1
43
1
50
0
0
ATTRIB
5
1B6
330
1B5
100
AcDbEntity
8
E-ANNO-TAGS
100
AcDbText
10
7.34
20
19.565
30
0
40
0.125
1
PS-1
50
0
41
1
7
BOLD
72
0
11
7.34
21
19.565
31
0
100
AcDbAttribute
280
0
2
TAG
70
0
73
0
74
0
280
1
0
ATTRIB
5
1B7
330
1B5
100
AcDbEntity
8
E-ANNO-TAGS
100
AcDbText
10
7.34
20
18.99
30
0
40
0.09375
1
EXAMPLE 24 V 96 W CV power supply
50
0
41
1
7
MAIN
72
0
11
7.34
21
18.99
31
0
100
AcDbAttribute
280
0
2
MODEL
70
1
73
0
74
0
280
1
0
ATTRIB
5
1B8
330
1B5
100
AcDbEntity
8
E-ANNO-TAGS
100
AcDbText
10
7.34
20
18.38
30
0
40
0.09375
1
120 V IN
50
0
41
1
7
MAIN
72
0
11
7.34
21
18.38
31
0
100
AcDbAttribute
280
0
2
VIN
70
0
73
0
74
0
280
1
0
ATTRIB
5
1B9
330
1B5
100
AcDbEntity
8
E-ANNO-TAGS
100
AcDbText
10
8.7
20
18.38
30
0
40
0.09375
1
24 V OUT
50
0
41
1
7
MAIN
72
0
11
8.7
21
18.38
31
0
100
AcDbAttribute
280
0
2
VOUT
70
0
73
0
74
0
280
1
0
ATTRIB
5
1BA
330
1B5
100
AcDbEntity
8
E-ANNO-TAGS
100
AcDbText
10
7.34
20
18.19
30
0
40
0.09375
1
52.8 W
50
0
41
1
7
MAIN
72
0
11
7.34
21
18.19
31
0
100
AcDbAttribute
280
0
2
WATTS
70
0
73
0
74
0
280
1
0
ATTRIB
5
1BB
330
1B5
100
AcDbEntity
8
E-ANNO-TAGS
100
AcDbText
10
8.7
20
18.19
30
0
40
0.09375
1
55.0%
50
0
41
1
7
MAIN
72
0
11
8.7
21
18.19
31
0
100
AcDbAttribute
280
0
2
LOAD_PCT
70
0
73
0
74
0
280
1
0
ATTRIB
5
1BC
330
1B5
100
AcDbEntity
8
E-ANNO-TAGS
100
AcDbText
10
7.34
20
18.56
30
0
40
0.09375
1

50
0
41
1
7
MAIN
72
0
11
7.34
21
18.56
31
0
100
AcDbAttribute
280
0
2
DMX_ADDR
70
0
73
0
74
0
280
1
0
ATTRIB
5
1BD
330
1B5
100
AcDbEntity
8
E-ANNO-TAGS
100
AcDbText
10
7.34
20
18.56
30
0
40
0.09375
1
Cabinet A
50
0
41
1
7
MAIN
72
0
11
7.34
21
18.56
31
0
100
AcDbAttribute
280
0
2
LOCATION
70
1
73
0
74
0
280
1
0
SEQEND
5
1BE
330
1B5
100
AcDbEntity
8
E-POWR-EQPM
0
MTEXT
5
1BF
330
104
100
AcDbEntity
8
E-ANNO-TEXT
100
AcDbMText
10
7.34
20
19.08375
30
0
40
0.09375
41
2.42318666
71
1
72
1
7
MAIN
50
0
73
2
44
1.45
1
EX-PSU-24V-96W \U+00B7 EXAMPLE 24 V 96\PW CV power supply
0
INSERT
5
1C0
330
104
100
AcDbEntity
8
E-POWR-EQPM
100
AcDbBlockReference
66
1
2
psu
10
7.2
20
15.225
30
0
41
1
42
1
43
1
50
0
0
ATTRIB
5
1C1
330
1C0
100
AcDbEntity
8
E-ANNO-TAGS
100
AcDbText
10
7.34
20
16.79
30
0
40
0.125
1
PS-2
50
0
41
1
7
BOLD
72
0
11
7.34
21
16.79
31
0
100
AcDbAttribute
280
0
2
TAG
70
0
73
0
74
0
280
1
0
ATTRIB
5
1C2
330
1C0
100
AcDbEntity
8
E-ANNO-TAGS
100
AcDbText
10
7.34
20
16.215
30
0
40
0.09375
1
EXAMPLE 24 V 96 W CV power supply
50
0
41
1
7
MAIN
72
0
11
7.34
21
16.215
31
0
100
AcDbAttribute
280
0
2
MODEL
70
1
73
0
74
0
280
1
0
ATTRIB
5
1C3
330
1C0
100
AcDbEntity
8
E-ANNO-TAGS
100
AcDbText
10
7.34
20
15.605
30
0
40
0.09375
1
120 V IN
50
0
41
1
7
MAIN
72
0
11
7.34
21
15.605
31
0
100
AcDbAttribute
280
0
2
VIN
70
0
73
0
74
0
280
1
0
ATTRIB
5
1C4
330
1C0
100
AcDbEntity
8
E-ANNO-TAGS
100
AcDbText
10
8.7
20
15.605
30
0
40
0.09375
1
24 V OUT
50
0
41
1
7
MAIN
72
0
11
8.7
21
15.605
31
0
100
AcDbAttribute
280
0
2
VOUT
70
0
73
0
74
0
280
1
0
ATTRIB
5
1C5
330
1C0
100
AcDbEntity
8
E-ANNO-TAGS
100
AcDbText
10
7.34
20
15.415
30
0
40
0.09375
1
44.0 W
50
0
41
1
7
MAIN
72
0
11
7.34
21
15.415
31
0
100
AcDbAttribute
280
0
2
WATTS
70
0
73
0
74
0
280
1
0
ATTRIB
5
1C6
330
1C0
100
AcDbEntity
8
E-ANNO-TAGS
100
AcDbText
10
8.7
20
15.415
30
0
40
0.09375
1
45.8%
50
0
41
1
7
MAIN
72
0
11
8.7
21
15.415
31
0
100
AcDbAttribute
280
0
2
LOAD_PCT
70
0
73
0
74
0
280
1
0
ATTRIB
5
1C7
330
1C0
100
AcDbEntity
8
E-ANNO-TAGS
100
AcDbText
10
7.34
20
15.785
30
0
40
0.09375
1

50
0
41
1
7
MAIN
72
0
11
7.34
21
15.785
31
0
100
AcDbAttribute
280
0
2
DMX_ADDR
70
0
73
0
74
0
280
1
0
ATTRIB
5
1C8
330
1C0
100
AcDbEntity
8
E-ANNO-TAGS
100
AcDbText
10
7.34
20
15.785
30
0
40
0.09375
1
Cabinet A
50
0
41
1
7
MAIN
72
0
11
7.34
21
15.785
31
0
100
AcDbAttribute
280
0
2
LOCATION
70
1
73
0
74
0
280
1
0
SEQEND
5
1C9
330
1C0
100
AcDbEntity
8
E-POWR-EQPM
0
MTEXT
5
1CA
330
104
100
AcDbEntity
8
E-ANNO-TEXT
100
AcDbMText
10
7.34
20
16.30875
30
0
40
0.09375
41
2.42318666
71
1
72
1
7
MAIN
50
0
73
2
44
1.45
1
EX-PSU-24V-96W \U+00B7 EXAMPLE 24 V 96\PW CV power supply
0
INSERT
5
1CB
330
104
100
AcDbEntity
8
E-POWR-EQPM
100
AcDbBlockReference
66
1
2
psu
10
7.2
20
9.675
30
0
41
1
42
1
43
1
50
0
0
ATTRIB
5
1CC
330
1CB
100
AcDbEntity
8
E-ANNO-TAGS
100
AcDbText
10
7.34
20
11.24
30
0
40
0.125
1
PS-3
50
0
41
1
7
BOLD
72
0
11
7.34
21
11.24
31
0
100
AcDbAttribute
280
0
2
TAG
70
0
73
0
74
0
280
1
0
ATTRIB
5
1CD
330
1CB
100
AcDbEntity
8
E-ANNO-TAGS
100
AcDbText
10
7.34
20
10.665
30
0
40
0.09375
1
EXAMPLE 24 V 96 W CV power supply
50
0
41
1
7
MAIN
72
0
11
7.34
21
10.665
31
0
100
AcDbAttribute
280
0
2
MODEL
70
1
73
0
74
0
280
1
0
ATTRIB
5
1CE
330
1CB
100
AcDbEntity
8
E-ANNO-TAGS
100
AcDbText
10
7.34
20
10.055
30
0
40
0.09375
1
120 V IN
50
0
41
1
7
MAIN
72
0
11
7.34
21
10.055
31
0
100
AcDbAttribute
280
0
2
VIN
70
0
73
0
74
0
280
1
0
ATTRIB
5
1CF
330
1CB
100
AcDbEntity
8
E-ANNO-TAGS
100
AcDbText
10
8.7
20
10.055
30
0
40
0.09375
1
24 V OUT
50
0
41
1
7
MAIN
72
0
11
8.7
21
10.055
31
0
100
AcDbAttribute
280
0
2
VOUT
70
0
73
0
74
0
280
1
0
ATTRIB
5
1D0
330
1CB
100
AcDbEntity
8
E-ANNO-TAGS
100
AcDbText
10
7.34
20
9.865
30
0
40
0.09375
1
75.4 W
50
0
41
1
7
MAIN
72
0
11
7.34
21
9.865
31
0
100
AcDbAttribute
280
0
2
WATTS
70
0
73
0
74
0
280
1
0
ATTRIB
5
1D1
330
1CB
100
AcDbEntity
8
E-ANNO-TAGS
100
AcDbText
10
8.7
20
9.865
30
0
40
0.09375
1
78.5%
50
0
41
1
7
MAIN
72
0
11
8.7
21
9.865
31
0
100
AcDbAttribute
280
0
2
LOAD_PCT
70
0
73
0
74
0
280
1
0
ATTRIB
5
1D2
330
1CB
100
AcDbEntity
8
E-ANNO-TAGS
100
AcDbText
10
7.34
20
10.235
30
0
40
0.09375
1

50
0
41
1
7
MAIN
72
0
11
7.34
21
10.235
31
0
100
AcDbAttribute
280
0
2
DMX_ADDR
70
0
73
0
74
0
280
1
0
ATTRIB
5
1D3
330
1CB
100
AcDbEntity
8
E-ANNO-TAGS
100
AcDbText
10
7.34
20
10.235
30
0
40
0.09375
1
Cabinet B
50
0
41
1
7
MAIN
72
0
11
7.34
21
10.235
31
0
100
AcDbAttribute
280
0
2
LOCATION
70
1
73
0
74
0
280
1
0
SEQEND
5
1D4
330
1CB
100
AcDbEntity
8
E-POWR-EQPM
0
MTEXT
5
1D5
330
104
100
AcDbEntity
8
E-ANNO-TEXT
100
AcDbMText
10
7.34
20
10.75875
30
0
40
0.09375
41
2.42318666
71
1
72
1
7
MAIN
50
0
73
2
44
1.45
1
EX-PSU-24V-96W \U+00B7 EXAMPLE 24 V 96\PW CV power supply
0
INSERT
5
1D6
330
104
100
AcDbEntity
8
E-LITE-CTRL-EQPM
100
AcDbBlockReference
66
1
2
decoder
10
12.4
20
18
30
0
41
1
42
1
43
1
50
0
0
ATTRIB
5
1D7
330
1D6
100
AcDbEntity
8
E-ANNO-TAGS
100
AcDbText
10
12.54
20
19.565
30
0
40
0.125
1
DEC-1
50
0
41
1
7
BOLD
72
0
11
12.54
21
19.565
31
0
100
AcDbAttribute
280
0
2
TAG
70
0
73
0
74
0
280
1
0
ATTRIB
5
1D8
330
1D6
100
AcDbEntity
8
E-ANNO-TAGS
100
AcDbText
10
12.54
20
18.99
30
0
40
0.09375
1
EXAMPLE 4-channel DMX decoder
50
0
41
1
7
MAIN
72
0
11
12.54
21
18.99
31
0
100
AcDbAttribute
280
0
2
MODEL
70
1
73
0
74
0
280
1
0
ATTRIB
5
1D9
330
1D6
100
AcDbEntity
8
E-ANNO-TAGS
100
AcDbText
10
12.54
20
18.38
30
0
40
0.09375
1
24 V IN
50
0
41
1
7
MAIN
72
0
11
12.54
21
18.38
31
0
100
AcDbAttribute
280
0
2
VIN
70
0
73
0
74
0
280
1
0
ATTRIB
5
1DA
330
1D6
100
AcDbEntity
8
E-ANNO-TAGS
100
AcDbText
10
13.9
20
18.38
30
0
40
0.09375
1

50
0
41
1
7
MAIN
72
0
11
13.9
21
18.38
31
0
100
AcDbAttribute
280
0
2
VOUT
70
0
73
0
74
0
280
1
0
ATTRIB
5
1DB
330
1D6
100
AcDbEntity
8
E-ANNO-TAGS
100
AcDbText
10
12.54
20
18.19
30
0
40
0.09375
1

50
0
41
1
7
MAIN
72
0
11
12.54
21
18.19
31
0
100
AcDbAttribute
280
0
2
WATTS
70
0
73
0
74
0
280
1
0
ATTRIB
5
1DC
330
1D6
100
AcDbEntity
8
E-ANNO-TAGS
100
AcDbText
10
13.9
20
18.19
30
0
40
0.09375
1

50
0
41
1
7
MAIN
72
0
11
13.9
21
18.19
31
0
100
AcDbAttribute
280
0
2
LOAD_PCT
70
0
73
0
74
0
280
1
0
ATTRIB
5
1DD
330
1D6
100
AcDbEntity
8
E-ANNO-TAGS
100
AcDbText
10
12.54
20
18.56
30
0
40
0.09375
1
DMX U1 / 1-4
50
0
41
1
7
MAIN
72
0
11
12.54
21
18.56
31
0
100
AcDbAttribute
280
0
2
DMX_ADDR
70
0
73
0
74
0
280
1
0
ATTRIB
5
1DE
330
1D6
100
AcDbEntity
8
E-ANNO-TAGS
100
AcDbText
10
12.54
20
18.56
30
0
40
0.09375
1
Cabinet A
50
0
41
1
7
MAIN
72
0
11
12.54
21
18.56
31
0
100
AcDbAttribute
280
0
2
LOCATION
70
1
73
0
74
0
280
1
0
SEQEND
5
1DF
330
1D6
100
AcDbEntity
8
E-LITE-CTRL-EQPM
0
MTEXT
5
1E0
330
104
100
AcDbEntity
8
E-ANNO-TEXT
100
AcDbMText
10
12.54
20
19.08375
30
0
40
0.09375
41
2.02137243
71
1
72
1
7
MAIN
50
0
73
2
44
1.45
1
EX-DECODER-4CH \U+00B7 EXAMPLE\P4-channel DMX decoder
0
INSERT
5
1E1
330
104
100
AcDbEntity
8
E-LITE-CTRL-EQPM
100
AcDbBlockReference
66
1
2
decoder
10
12.4
20
15.225
30
0
41
1
42
1
43
1
50
0
0
ATTRIB
5
1E2
330
1E1
100
AcDbEntity
8
E-ANNO-TAGS
100
AcDbText
10
12.54
20
16.79
30
0
40
0.125
1
DEC-2
50
0
41
1
7
BOLD
72
0
11
12.54
21
16.79
31
0
100
AcDbAttribute
280
0
2
TAG
70
0
73
0
74
0
280
1
0
ATTRIB
5
1E3
330
1E1
100
AcDbEntity
8
E-ANNO-TAGS
100
AcDbText
10
12.54
20
16.215
30
0
40
0.09375
1
EXAMPLE 4-channel DMX decoder
50
0
41
1
7
MAIN
72
0
11
12.54
21
16.215
31
0
100
AcDbAttribute
280
0
2
MODEL
70
1
73
0
74
0
280
1
0
ATTRIB
5
1E4
330
1E1
100
AcDbEntity
8
E-ANNO-TAGS
100
AcDbText
10
12.54
20
15.605
30
0
40
0.09375
1
24 V IN
50
0
41
1
7
MAIN
72
0
11
12.54
21
15.605
31
0
100
AcDbAttribute
280
0
2
VIN
70
0
73
0
74
0
280
1
0
ATTRIB
5
1E5
330
1E1
100
AcDbEntity
8
E-ANNO-TAGS
100
AcDbText
10
13.9
20
15.605
30
0
40
0.09375
1

50
0
41
1
7
MAIN
72
0
11
13.9
21
15.605
31
0
100
AcDbAttribute
280
0
2
VOUT
70
0
73
0
74
0
280
1
0
ATTRIB
5
1E6
330
1E1
100
AcDbEntity
8
E-ANNO-TAGS
100
AcDbText
10
12.54
20
15.415
30
0
40
0.09375
1

50
0
41
1
7
MAIN
72
0
11
12.54
21
15.415
31
0
100
AcDbAttribute
280
0
2
WATTS
70
0
73
0
74
0
280
1
0
ATTRIB
5
1E7
330
1E1
100
AcDbEntity
8
E-ANNO-TAGS
100
AcDbText
10
13.9
20
15.415
30
0
40
0.09375
1

50
0
41
1
7
MAIN
72
0
11
13.9
21
15.415
31
0
100
AcDbAttribute
280
0
2
LOAD_PCT
70
0
73
0
74
0
280
1
0
ATTRIB
5
1E8
330
1E1
100
AcDbEntity
8
E-ANNO-TAGS
100
AcDbText
10
12.54
20
15.785
30
0
40
0.09375
1
DMX U1 / 5-8 / TERM
50
0
41
1
7
MAIN
72
0
11
12.54
21
15.785
31
0
100
AcDbAttribute
280
0
2
DMX_ADDR
70
0
73
0
74
0
280
1
0
ATTRIB
5
1E9
330
1E1
100
AcDbEntity
8
E-ANNO-TAGS
100
AcDbText
10
12.54
20
15.785
30
0
40
0.09375
1
Cabinet A
50
0
41
1
7
MAIN
72
0
11
12.54
21
15.785
31
0
100
AcDbAttribute
280
0
2
LOCATION
70
1
73
0
74
0
280
1
0
SEQEND
5
1EA
330
1E1
100
AcDbEntity
8
E-LITE-CTRL-EQPM
0
MTEXT
5
1EB
330
104
100
AcDbEntity
8
E-ANNO-TEXT
100
AcDbMText
10
12.54
20
16.30875
30
0
40
0.09375
41
2.02137243
71
1
72
1
7
MAIN
50
0
73
2
44
1.45
1
EX-DECODER-4CH \U+00B7 EXAMPLE\P4-channel DMX decoder
0
INSERT
5
1EC
330
104
100
AcDbEntity
8
E-LITE-CTRL-EQPM
100
AcDbBlockReference
66
1
2
console
10
12.4
20
20.925
30
0
41
1
42
1
43
1
50
0
0
ATTRIB
5
1ED
330
1EC
100
AcDbEntity
8
E-ANNO-TAGS
100
AcDbText
10
12.54
20
22.49
30
0
40
0.125
1
CON-1
50
0
41
1
7
BOLD
72
0
11
12.54
21
22.49
31
0
100
AcDbAttribute
280
0
2
TAG
70
0
73
0
74
0
280
1
0
ATTRIB
5
1EE
330
1EC
100
AcDbEntity
8
E-ANNO-TAGS
100
AcDbText
10
12.54
20
21.915
30
0
40
0.09375
1
EXAMPLE dmx controller
50
0
41
1
7
MAIN
72
0
11
12.54
21
21.915
31
0
100
AcDbAttribute
280
0
2
MODEL
70
1
73
0
74
0
280
1
0
ATTRIB
5
1EF
330
1EC
100
AcDbEntity
8
E-ANNO-TAGS
100
AcDbText
10
12.54
20
21.305
30
0
40
0.09375
1
24 V IN
50
0
41
1
7
MAIN
72
0
11
12.54
21
21.305
31
0
100
AcDbAttribute
280
0
2
VIN
70
0
73
0
74
0
280
1
0
ATTRIB
5
1F0
330
1EC
100
AcDbEntity
8
E-ANNO-TAGS
100
AcDbText
10
13.9
20
21.305
30
0
40
0.09375
1

50
0
41
1
7
MAIN
72
0
11
13.9
21
21.305
31
0
100
AcDbAttribute
280
0
2
VOUT
70
0
73
0
74
0
280
1
0
ATTRIB
5
1F1
330
1EC
100
AcDbEntity
8
E-ANNO-TAGS
100
AcDbText
10
12.54
20
21.115
30
0
40
0.09375
1

50
0
41
1
7
MAIN
72
0
11
12.54
21
21.115
31
0
100
AcDbAttribute
280
0
2
WATTS
70
0
73
0
74
0
280
1
0
ATTRIB
5
1F2
330
1EC
100
AcDbEntity
8
E-ANNO-TAGS
100
AcDbText
10
13.9
20
21.115
30
0
40
0.09375
1

50
0
41
1
7
MAIN
72
0
11
13.9
21
21.115
31
0
100
AcDbAttribute
280
0
2
LOAD_PCT
70
0
73
0
74
0
280
1
0
ATTRIB
5
1F3
330
1EC
100
AcDbEntity
8
E-ANNO-TAGS
100
AcDbText
10
12.54
20
21.485
30
0
40
0.09375
1

50
0
41
1
7
MAIN
72
0
11
12.54
21
21.485
31
0
100
AcDbAttribute
280
0
2
DMX_ADDR
70
0
73
0
74
0
280
1
0
ATTRIB
5
1F4
330
1EC
100
AcDbEntity
8
E-ANNO-TAGS
100
AcDbText
10
12.54
20
21.485
30
0
40
0.09375
1
Control desk
50
0
41
1
7
MAIN
72
0
11
12.54
21
21.485
31
0
100
AcDbAttribute
280
0
2
LOCATION
70
1
73
0
74
0
280
1
0
SEQEND
5
1F5
330
1EC
100
AcDbEntity
8
E-LITE-CTRL-EQPM
0
MTEXT
5
1F6
330
104
100
AcDbEntity
8
E-ANNO-TEXT
100
AcDbMText
10
12.54
20
22.00875
30
0
40
0.09375
41
2.30149131
71
1
72
1
7
MAIN
50
0
73
2
44
1.45
1
EX-DMX-CONTROLLER \U+00B7 EXAMPLE\Pdmx controller
0
INSERT
5
1F7
330
104
100
AcDbEntity
8
E-LITE-FIXT
100
AcDbBlockReference
66
1
2
led-tape-4ch
10
17.6
20
18
30
0
41
1
42
1
43
1
50
0
0
ATTRIB
5
1F8
330
1F7
100
AcDbEntity
8
E-ANNO-TAGS
100
AcDbText
10
17.74
20
19.565
30
0
40
0.125
1
T1
50
0
41
1
7
BOLD
72
0
11
17.74
21
19.565
31
0
100
AcDbAttribute
280
0
2
TAG
70
0
73
0
74
0
280
1
0
ATTRIB
5
1F9
330
1F7
100
AcDbEntity
8
E-ANNO-TAGS
100
AcDbText
10
17.74
20
18.99
30
0
40
0.09375
1
EXAMPLE 24 V rgbw tape
50
0
41
1
7
MAIN
72
0
11
17.74
21
18.99
31
0
100
AcDbAttribute
280
0
2
MODEL
70
1
73
0
74
0
280
1
0
ATTRIB
5
1FA
330
1F7
100
AcDbEntity
8
E-ANNO-TAGS
100
AcDbText
10
17.74
20
18.38
30
0
40
0.09375
1
24 V IN
50
0
41
1
7
MAIN
72
0
11
17.74
21
18.38
31
0
100
AcDbAttribute
280
0
2
VIN
70
0
73
0
74
0
280
1
0
ATTRIB
5
1FB
330
1F7
100
AcDbEntity
8
E-ANNO-TAGS
100
AcDbText
10
19.1
20
18.38
30
0
40
0.09375
1

50
0
41
1
7
MAIN
72
0
11
19.1
21
18.38
31
0
100
AcDbAttribute
280
0
2
VOUT
70
0
73
0
74
0
280
1
0
ATTRIB
5
1FC
330
1F7
100
AcDbEntity
8
E-ANNO-TAGS
100
AcDbText
10
17.74
20
18.19
30
0
40
0.09375
1
52.8 W
50
0
41
1
7
MAIN
72
0
11
17.74
21
18.19
31
0
100
AcDbAttribute
280
0
2
WATTS
70
0
73
0
74
0
280
1
0
ATTRIB
5
1FD
330
1F7
100
AcDbEntity
8
E-ANNO-TAGS
100
AcDbText
10
19.1
20
18.19
30
0
40
0.09375
1

50
0
41
1
7
MAIN
72
0
11
19.1
21
18.19
31
0
100
AcDbAttribute
280
0
2
LOAD_PCT
70
0
73
0
74
0
280
1
0
ATTRIB
5
1FE
330
1F7
100
AcDbEntity
8
E-ANNO-TAGS
100
AcDbText
10
17.74
20
18.56
30
0
40
0.09375
1

50
0
41
1
7
MAIN
72
0
11
17.74
21
18.56
31
0
100
AcDbAttribute
280
0
2
DMX_ADDR
70
0
73
0
74
0
280
1
0
ATTRIB
5
1FF
330
1F7
100
AcDbEntity
8
E-ANNO-TAGS
100
AcDbText
10
17.74
20
18.56
30
0
40
0.09375
1
Gallery cove
50
0
41
1
7
MAIN
72
0
11
17.74
21
18.56
31
0
100
AcDbAttribute
280
0
2
LOCATION
70
1
73
0
74
0
280
1
0
SEQEND
5
200
330
1F7
100
AcDbEntity
8
E-LITE-FIXT
0
TEXT
5
201
330
104
100
AcDbEntity
8
E-LITE-FIXT
100
AcDbText
10
17.74
20
18.56
30
0
40
0.09375
1
12.0 ft / Gallery cove
50
0
41
1
7
MAIN
72
0
11
17.74
21
18.56
31
0
100
AcDbText
73
0
0
MTEXT
5
202
330
104
100
AcDbEntity
8
E-ANNO-TEXT
100
AcDbMText
10
17.74
20
19.08375
30
0
40
0.09375
41
2.49857257
71
1
72
1
7
MAIN
50
0
73
2
44
1.45
1
EX-TAPE-RGBW \U+00B7 EXAMPLE 24 V rgbw\Ptape
0
INSERT
5
203
330
104
100
AcDbEntity
8
E-LITE-FIXT
100
AcDbBlockReference
66
1
2
led-tape-2ch
10
17.6
20
15.225
30
0
41
1
42
1
43
1
50
0
0
ATTRIB
5
204
330
203
100
AcDbEntity
8
E-ANNO-TAGS
100
AcDbText
10
17.74
20
16.79
30
0
40
0.125
1
T2
50
0
41
1
7
BOLD
72
0
11
17.74
21
16.79
31
0
100
AcDbAttribute
280
0
2
TAG
70
0
73
0
74
0
280
1
0
ATTRIB
5
205
330
203
100
AcDbEntity
8
E-ANNO-TAGS
100
AcDbText
10
17.74
20
16.215
30
0
40
0.09375
1
EXAMPLE 24 V tunable-white tape
50
0
41
1
7
MAIN
72
0
11
17.74
21
16.215
31
0
100
AcDbAttribute
280
0
2
MODEL
70
1
73
0
74
0
280
1
0
ATTRIB
5
206
330
203
100
AcDbEntity
8
E-ANNO-TAGS
100
AcDbText
10
17.74
20
15.605
30
0
40
0.09375
1
24 V IN
50
0
41
1
7
MAIN
72
0
11
17.74
21
15.605
31
0
100
AcDbAttribute
280
0
2
VIN
70
0
73
0
74
0
280
1
0
ATTRIB
5
207
330
203
100
AcDbEntity
8
E-ANNO-TAGS
100
AcDbText
10
19.1
20
15.605
30
0
40
0.09375
1

50
0
41
1
7
MAIN
72
0
11
19.1
21
15.605
31
0
100
AcDbAttribute
280
0
2
VOUT
70
0
73
0
74
0
280
1
0
ATTRIB
5
208
330
203
100
AcDbEntity
8
E-ANNO-TAGS
100
AcDbText
10
17.74
20
15.415
30
0
40
0.09375
1
44.0 W
50
0
41
1
7
MAIN
72
0
11
17.74
21
15.415
31
0
100
AcDbAttribute
280
0
2
WATTS
70
0
73
0
74
0
280
1
0
ATTRIB
5
209
330
203
100
AcDbEntity
8
E-ANNO-TAGS
100
AcDbText
10
19.1
20
15.415
30
0
40
0.09375
1

50
0
41
1
7
MAIN
72
0
11
19.1
21
15.415
31
0
100
AcDbAttribute
280
0
2
LOAD_PCT
70
0
73
0
74
0
280
1
0
ATTRIB
5
20A
330
203
100
AcDbEntity
8
E-ANNO-TAGS
100
AcDbText
10
17.74
20
15.785
30
0
40
0.09375
1

50
0
41
1
7
MAIN
72
0
11
17.74
21
15.785
31
0
100
AcDbAttribute
280
0
2
DMX_ADDR
70
0
73
0
74
0
280
1
0
ATTRIB
5
20B
330
203
100
AcDbEntity
8
E-ANNO-TAGS
100
AcDbText
10
17.74
20
15.785
30
0
40
0.09375
1
West wall
50
0
41
1
7
MAIN
72
0
11
17.74
21
15.785
31
0
100
AcDbAttribute
280
0
2
LOCATION
70
1
73
0
74
0
280
1
0
SEQEND
5
20C
330
203
100
AcDbEntity
8
E-LITE-FIXT
0
TEXT
5
20D
330
104
100
AcDbEntity
8
E-LITE-FIXT
100
AcDbText
10
17.74
20
15.785
30
0
40
0.09375
1
10.0 ft / West wall
50
0
41
1
7
MAIN
72
0
11
17.74
21
15.785
31
0
100
AcDbText
73
0
0
MTEXT
5
20E
330
104
100
AcDbEntity
8
E-ANNO-TEXT
100
AcDbMText
10
17.74
20
16.30875
30
0
40
0.09375
41
1.95330554
71
1
72
1
7
MAIN
50
0
73
2
44
1.45
1
EX-TAPE-TW \U+00B7 EXAMPLE 24 V\Ptunable-white tape
0
INSERT
5
20F
330
104
100
AcDbEntity
8
E-LITE-FIXT
100
AcDbBlockReference
66
1
2
led-tape-1ch
10
17.6
20
9.675
30
0
41
1
42
1
43
1
50
0
0
ATTRIB
5
210
330
20F
100
AcDbEntity
8
E-ANNO-TAGS
100
AcDbText
10
17.74
20
11.24
30
0
40
0.125
1
T3
50
0
41
1
7
BOLD
72
0
11
17.74
21
11.24
31
0
100
AcDbAttribute
280
0
2
TAG
70
0
73
0
74
0
280
1
0
ATTRIB
5
211
330
20F
100
AcDbEntity
8
E-ANNO-TAGS
100
AcDbText
10
17.74
20
10.665
30
0
40
0.09375
1
EXAMPLE 24 V white tape
50
0
41
1
7
MAIN
72
0
11
17.74
21
10.665
31
0
100
AcDbAttribute
280
0
2
MODEL
70
1
73
0
74
0
280
1
0
ATTRIB
5
212
330
20F
100
AcDbEntity
8
E-ANNO-TAGS
100
AcDbText
10
17.74
20
10.055
30
0
40
0.09375
1
24 V IN
50
0
41
1
7
MAIN
72
0
11
17.74
21
10.055
31
0
100
AcDbAttribute
280
0
2
VIN
70
0
73
0
74
0
280
1
0
ATTRIB
5
213
330
20F
100
AcDbEntity
8
E-ANNO-TAGS
100
AcDbText
10
19.1
20
10.055
30
0
40
0.09375
1

50
0
41
1
7
MAIN
72
0
11
19.1
21
10.055
31
0
100
AcDbAttribute
280
0
2
VOUT
70
0
73
0
74
0
280
1
0
ATTRIB
5
214
330
20F
100
AcDbEntity
8
E-ANNO-TAGS
100
AcDbText
10
17.74
20
9.865
30
0
40
0.09375
1
35.2 W
50
0
41
1
7
MAIN
72
0
11
17.74
21
9.865
31
0
100
AcDbAttribute
280
0
2
WATTS
70
0
73
0
74
0
280
1
0
ATTRIB
5
215
330
20F
100
AcDbEntity
8
E-ANNO-TAGS
100
AcDbText
10
19.1
20
9.865
30
0
40
0.09375
1

50
0
41
1
7
MAIN
72
0
11
19.1
21
9.865
31
0
100
AcDbAttribute
280
0
2
LOAD_PCT
70
0
73
0
74
0
280
1
0
ATTRIB
5
216
330
20F
100
AcDbEntity
8
E-ANNO-TAGS
100
AcDbText
10
17.74
20
10.235
30
0
40
0.09375
1

50
0
41
1
7
MAIN
72
0
11
17.74
21
10.235
31
0
100
AcDbAttribute
280
0
2
DMX_ADDR
70
0
73
0
74
0
280
1
0
ATTRIB
5
217
330
20F
100
AcDbEntity
8
E-ANNO-TAGS
100
AcDbText
10
17.74
20
10.235
30
0
40
0.09375
1
Entry
50
0
41
1
7
MAIN
72
0
11
17.74
21
10.235
31
0
100
AcDbAttribute
280
0
2
LOCATION
70
1
73
0
74
0
280
1
0
SEQEND
5
218
330
20F
100
AcDbEntity
8
E-LITE-FIXT
0
TEXT
5
219
330
104
100
AcDbEntity
8
E-LITE-FIXT
100
AcDbText
10
17.74
20
10.235
30
0
40
0.09375
1
8.0 ft / Entry
50
0
41
1
7
MAIN
72
0
11
17.74
21
10.235
31
0
100
AcDbText
73
0
0
MTEXT
5
21A
330
104
100
AcDbEntity
8
E-ANNO-TEXT
100
AcDbMText
10
17.74
20
10.75875
30
0
40
0.09375
41
2.53643187
71
1
72
1
7
MAIN
50
0
73
2
44
1.45
1
EX-TAPE-WHITE \U+00B7 EXAMPLE 24 V white\Ptape
0
INSERT
5
21B
330
104
100
AcDbEntity
8
E-LITE-FIXT
100
AcDbBlockReference
66
1
2
led-tape-1ch
10
17.6
20
6.9
30
0
41
1
42
1
43
1
50
0
0
ATTRIB
5
21C
330
21B
100
AcDbEntity
8
E-ANNO-TAGS
100
AcDbText
10
17.74
20
8.465
30
0
40
0.125
1
T3
50
0
41
1
7
BOLD
72
0
11
17.74
21
8.465
31
0
100
AcDbAttribute
280
0
2
TAG
70
0
73
0
74
0
280
1
0
ATTRIB
5
21D
330
21B
100
AcDbEntity
8
E-ANNO-TAGS
100
AcDbText
10
17.74
20
7.89
30
0
40
0.09375
1
EXAMPLE 24 V white tape
50
0
41
1
7
MAIN
72
0
11
17.74
21
7.89
31
0
100
AcDbAttribute
280
0
2
MODEL
70
1
73
0
74
0
280
1
0
ATTRIB
5
21E
330
21B
100
AcDbEntity
8
E-ANNO-TAGS
100
AcDbText
10
17.74
20
7.28
30
0
40
0.09375
1
24 V IN
50
0
41
1
7
MAIN
72
0
11
17.74
21
7.28
31
0
100
AcDbAttribute
280
0
2
VIN
70
0
73
0
74
0
280
1
0
ATTRIB
5
21F
330
21B
100
AcDbEntity
8
E-ANNO-TAGS
100
AcDbText
10
19.1
20
7.28
30
0
40
0.09375
1

50
0
41
1
7
MAIN
72
0
11
19.1
21
7.28
31
0
100
AcDbAttribute
280
0
2
VOUT
70
0
73
0
74
0
280
1
0
ATTRIB
5
220
330
21B
100
AcDbEntity
8
E-ANNO-TAGS
100
AcDbText
10
17.74
20
7.09
30
0
40
0.09375
1
35.2 W
50
0
41
1
7
MAIN
72
0
11
17.74
21
7.09
31
0
100
AcDbAttribute
280
0
2
WATTS
70
0
73
0
74
0
280
1
0
ATTRIB
5
221
330
21B
100
AcDbEntity
8
E-ANNO-TAGS
100
AcDbText
10
19.1
20
7.09
30
0
40
0.09375
1

50
0
41
1
7
MAIN
72
0
11
19.1
21
7.09
31
0
100
AcDbAttribute
280
0
2
LOAD_PCT
70
0
73
0
74
0
280
1
0
ATTRIB
5
222
330
21B
100
AcDbEntity
8
E-ANNO-TAGS
100
AcDbText
10
17.74
20
7.46
30
0
40
0.09375
1

50
0
41
1
7
MAIN
72
0
11
17.74
21
7.46
31
0
100
AcDbAttribute
280
0
2
DMX_ADDR
70
0
73
0
74
0
280
1
0
ATTRIB
5
223
330
21B
100
AcDbEntity
8
E-ANNO-TAGS
100
AcDbText
10
17.74
20
7.46
30
0
40
0.09375
1
Reception
50
0
41
1
7
MAIN
72
0
11
17.74
21
7.46
31
0
100
AcDbAttribute
280
0
2
LOCATION
70
1
73
0
74
0
280
1
0
SEQEND
5
224
330
21B
100
AcDbEntity
8
E-LITE-FIXT
0
TEXT
5
225
330
104
100
AcDbEntity
8
E-LITE-FIXT
100
AcDbText
10
17.74
20
7.46
30
0
40
0.09375
1
8.0 ft / Reception
50
0
41
1
7
MAIN
72
0
11
17.74
21
7.46
31
0
100
AcDbText
73
0
0
MTEXT
5
226
330
104
100
AcDbEntity
8
E-ANNO-TEXT
100
AcDbMText
10
17.74
20
7.98375
30
0
40
0.09375
41
2.53643187
71
1
72
1
7
MAIN
50
0
73
2
44
1.45
1
EX-TAPE-WHITE \U+00B7 EXAMPLE 24 V white\Ptape
0
INSERT
5
227
330
104
100
AcDbEntity
8
E-LITE-FIXT
100
AcDbBlockReference
66
1
2
downlight
10
17.6
20
12.45
30
0
41
1
42
1
43
1
50
0
0
ATTRIB
5
228
330
227
100
AcDbEntity
8
E-ANNO-TAGS
100
AcDbText
10
17.74
20
14.015
30
0
40
0.125
1
D1 (x4)
50
0
41
1
7
BOLD
72
0
11
17.74
21
14.015
31
0
100
AcDbAttribute
280
0
2
TAG
70
0
73
0
74
0
280
1
0
ATTRIB
5
229
330
227
100
AcDbEntity
8
E-ANNO-TAGS
100
AcDbText
10
17.74
20
13.44
30
0
40
0.09375
1
EXAMPLE line-voltage downlight
50
0
41
1
7
MAIN
72
0
11
17.74
21
13.44
31
0
100
AcDbAttribute
280
0
2
MODEL
70
1
73
0
74
0
280
1
0
ATTRIB
5
22A
330
227
100
AcDbEntity
8
E-ANNO-TAGS
100
AcDbText
10
17.74
20
12.83
30
0
40
0.09375
1
120 V IN
50
0
41
1
7
MAIN
72
0
11
17.74
21
12.83
31
0
100
AcDbAttribute
280
0
2
VIN
70
0
73
0
74
0
280
1
0
ATTRIB
5
22B
330
227
100
AcDbEntity
8
E-ANNO-TAGS
100
AcDbText
10
19.1
20
12.83
30
0
40
0.09375
1

50
0
41
1
7
MAIN
72
0
11
19.1
21
12.83
31
0
100
AcDbAttribute
280
0
2
VOUT
70
0
73
0
74
0
280
1
0
ATTRIB
5
22C
330
227
100
AcDbEntity
8
E-ANNO-TAGS
100
AcDbText
10
17.74
20
12.64
30
0
40
0.09375
1
60.0 W
50
0
41
1
7
MAIN
72
0
11
17.74
21
12.64
31
0
100
AcDbAttribute
280
0
2
WATTS
70
0
73
0
74
0
280
1
0
ATTRIB
5
22D
330
227
100
AcDbEntity
8
E-ANNO-TAGS
100
AcDbText
10
19.1
20
12.64
30
0
40
0.09375
1

50
0
41
1
7
MAIN
72
0
11
19.1
21
12.64
31
0
100
AcDbAttribute
280
0
2
LOAD_PCT
70
0
73
0
74
0
280
1
0
ATTRIB
5
22E
330
227
100
AcDbEntity
8
E-ANNO-TAGS
100
AcDbText
10
17.74
20
13.01
30
0
40
0.09375
1

50
0
41
1
7
MAIN
72
0
11
17.74
21
13.01
31
0
100
AcDbAttribute
280
0
2
DMX_ADDR
70
0
73
0
74
0
280
1
0
ATTRIB
5
22F
330
227
100
AcDbEntity
8
E-ANNO-TAGS
100
AcDbText
10
17.74
20
13.01
30
0
40
0.09375
1
Gallery
50
0
41
1
7
MAIN
72
0
11
17.74
21
13.01
31
0
100
AcDbAttribute
280
0
2
LOCATION
70
1
73
0
74
0
280
1
0
SEQEND
5
230
330
227
100
AcDbEntity
8
E-LITE-FIXT
0
MTEXT
5
231
330
104
100
AcDbEntity
8
E-ANNO-TEXT
100
AcDbMText
10
17.74
20
13.53375
30
0
40
0.09375
41
2.20301721
71
1
72
1
7
MAIN
50
0
73
2
44
1.45
1
EX-DOWNLIGHT-LINE \U+00B7 EXAMPLE\Pline-voltage downlight
0
INSERT
5
232
330
104
100
AcDbEntity
8
E-LITE-FIXT
100
AcDbBlockReference
66
1
2
downlight
10
17.6
20
4.125
30
0
41
1
42
1
43
1
50
0
0
ATTRIB
5
233
330
232
100
AcDbEntity
8
E-ANNO-TAGS
100
AcDbText
10
17.74
20
5.69
30
0
40
0.125
1
D1 (x2)
50
0
41
1
7
BOLD
72
0
11
17.74
21
5.69
31
0
100
AcDbAttribute
280
0
2
TAG
70
0
73
0
74
0
280
1
0
ATTRIB
5
234
330
232
100
AcDbEntity
8
E-ANNO-TAGS
100
AcDbText
10
17.74
20
5.115
30
0
40
0.09375
1
EXAMPLE line-voltage downlight
50
0
41
1
7
MAIN
72
0
11
17.74
21
5.115
31
0
100
AcDbAttribute
280
0
2
MODEL
70
1
73
0
74
0
280
1
0
ATTRIB
5
235
330
232
100
AcDbEntity
8
E-ANNO-TAGS
100
AcDbText
10
17.74
20
4.505
30
0
40
0.09375
1
120 V IN
50
0
41
1
7
MAIN
72
0
11
17.74
21
4.505
31
0
100
AcDbAttribute
280
0
2
VIN
70
0
73
0
74
0
280
1
0
ATTRIB
5
236
330
232
100
AcDbEntity
8
E-ANNO-TAGS
100
AcDbText
10
19.1
20
4.505
30
0
40
0.09375
1

50
0
41
1
7
MAIN
72
0
11
19.1
21
4.505
31
0
100
AcDbAttribute
280
0
2
VOUT
70
0
73
0
74
0
280
1
0
ATTRIB
5
237
330
232
100
AcDbEntity
8
E-ANNO-TAGS
100
AcDbText
10
17.74
20
4.315
30
0
40
0.09375
1
30.0 W
50
0
41
1
7
MAIN
72
0
11
17.74
21
4.315
31
0
100
AcDbAttribute
280
0
2
WATTS
70
0
73
0
74
0
280
1
0
ATTRIB
5
238
330
232
100
AcDbEntity
8
E-ANNO-TAGS
100
AcDbText
10
19.1
20
4.315
30
0
40
0.09375
1

50
0
41
1
7
MAIN
72
0
11
19.1
21
4.315
31
0
100
AcDbAttribute
280
0
2
LOAD_PCT
70
0
73
0
74
0
280
1
0
ATTRIB
5
239
330
232
100
AcDbEntity
8
E-ANNO-TAGS
100
AcDbText
10
17.74
20
4.685
30
0
40
0.09375
1

50
0
41
1
7
MAIN
72
0
11
17.74
21
4.685
31
0
100
AcDbAttribute
280
0
2
DMX_ADDR
70
0
73
0
74
0
280
1
0
ATTRIB
5
23A
330
232
100
AcDbEntity
8
E-ANNO-TAGS
100
AcDbText
10
17.74
20
4.685
30
0
40
0.09375
1
Entry
50
0
41
1
7
MAIN
72
0
11
17.74
21
4.685
31
0
100
AcDbAttribute
280
0
2
LOCATION
70
1
73
0
74
0
280
1
0
SEQEND
5
23B
330
232
100
AcDbEntity
8
E-LITE-FIXT
0
MTEXT
5
23C
330
104
100
AcDbEntity
8
E-ANNO-TEXT
100
AcDbMText
10
17.74
20
5.20875
30
0
40
0.09375
41
2.20301721
71
1
72
1
7
MAIN
50
0
73
2
44
1.45
1
EX-DOWNLIGHT-LINE \U+00B7 EXAMPLE\Pline-voltage downlight
0
LWPOLYLINE
5
23D
330
104
100
AcDbEntity
8
E-ANNO-ENCL
100
AcDbPolyline
90
4
70
1
10
6.9
20
14.925
10
15.5
20
14.925
10
15.5
20
20.175
10
6.9
20
20.175
0
TEXT
5
23E
330
104
100
AcDbEntity
8
E-ANNO-ENCL
100
AcDbText
10
6.96
20
19.995
30
0
40
0.09375
1
Cabinet A
50
0
41
1
7
MAIN
72
0
11
6.96
21
19.995
31
0
100
AcDbText
73
0
0
LWPOLYLINE
5
23F
330
104
100
AcDbEntity
8
E-ANNO-ENCL
100
AcDbPolyline
90
4
70
1
10
6.9
20
9.375
10
10.3
20
9.375
10
10.3
20
11.85
10
6.9
20
11.85
0
TEXT
5
240
330
104
100
AcDbEntity
8
E-ANNO-ENCL
100
AcDbText
10
6.96
20
11.67
30
0
40
0.09375
1
Cabinet B
50
0
41
1
7
MAIN
72
0
11
6.96
21
11.67
31
0
100
AcDbText
73
0
0
LWPOLYLINE
5
241
330
104
100
AcDbEntity
8
E-ANNO-ENCL
100
AcDbPolyline
90
4
70
1
10
12.1
20
20.625
10
15.5
20
20.625
10
15.5
20
23.1
10
12.1
20
23.1
0
TEXT
5
242
330
104
100
AcDbEntity
8
E-ANNO-ENCL
100
AcDbText
10
12.16
20
22.92
30
0
40
0.09375
1
Control desk
50
0
41
1
7
MAIN
72
0
11
12.16
21
22.92
31
0
100
AcDbText
73
0
0
LWPOLYLINE
5
243
330
104
100
AcDbEntity
8
E-LITE-CTRL-DMX
100
AcDbPolyline
90
2
70
0
10
13.8
20
18
10
13.8
20
17.05
0
CIRCLE
5
244
330
104
100
AcDbEntity
8
E-LITE-CTRL-DMX
370
18
6
Continuous
100
AcDbCircle
10
13.8
20
18
30
0
40
0.035
0
CIRCLE
5
245
330
104
100
AcDbEntity
8
E-LITE-CTRL-DMX
370
18
6
Continuous
100
AcDbCircle
10
13.8
20
17.05
30
0
40
0.035
0
TEXT
5
246
330
104
100
AcDbEntity
8
E-ANNO-TAGS
100
AcDbText
10
13.89
20
17.15
30
0
40
0.09375
1
DMX IN
50
0
41
1
7
MAIN
72
0
11
13.89
21
17.15
31
0
100
AcDbText
73
0
0
MTEXT
5
247
330
104
100
AcDbEntity
8
E-ANNO-TEXT
100
AcDbMText
10
11.91722764
20
17.61875
30
0
40
0.09375
41
1.78277236
71
1
72
1
7
MAIN
50
0
73
2
44
1.45
1
W-02 \U+00B7 24 AWG 1-pair 120 \U+03A9\Pplenum \U+00B7 5.0 ft \U+00B7 VD \U+2014%
0
LWPOLYLINE
5
248
330
104
100
AcDbEntity
8
E-POWR-WIRE-LV
100
AcDbPolyline
90
2
70
0
10
8.6
20
18
10
8.6
20
17.05
0
CIRCLE
5
249
330
104
100
AcDbEntity
8
E-POWR-WIRE-LV
370
18
6
Continuous
100
AcDbCircle
10
8.6
20
18
30
0
40
0.035
0
CIRCLE
5
24A
330
104
100
AcDbEntity
8
E-POWR-WIRE-LV
370
18
6
Continuous
100
AcDbCircle
10
8.6
20
17.05
30
0
40
0.035
0
TEXT
5
24B
330
104
100
AcDbEntity
8
E-ANNO-TAGS
100
AcDbText
10
8.69
20
17.15
30
0
40
0.09375
1
AC IN
50
0
41
1
7
MAIN
72
0
11
8.69
21
17.15
31
0
100
AcDbText
73
0
0
MTEXT
5
24C
330
104
100
AcDbEntity
8
E-ANNO-TEXT
100
AcDbMText
10
8.73
20
17.85625
30
0
40
0.09375
41
1.71064674
71
1
72
1
7
MAIN
50
0
73
2
44
1.45
1
W-10 \U+00B7 2 \U+00D7 #12 + G\PTHHN/THWN-2 \U+00B7 4.0 ft \U+00B7 VD\P0.0%
0
LWPOLYLINE
5
24D
330
104
100
AcDbEntity
8
E-LITE-CTRL-DMX
100
AcDbPolyline
90
2
70
0
10
13.8
20
20.925
10
13.8
20
19.825
0
CIRCLE
5
24E
330
104
100
AcDbEntity
8
E-LITE-CTRL-DMX
370
18
6
Continuous
100
AcDbCircle
10
13.8
20
20.925
30
0
40
0.035
0
CIRCLE
5
24F
330
104
100
AcDbEntity
8
E-LITE-CTRL-DMX
370
18
6
Continuous
100
AcDbCircle
10
13.8
20
19.825
30
0
40
0.035
0
TEXT
5
250
330
104
100
AcDbEntity
8
E-ANNO-TAGS
100
AcDbText
10
13.89
20
19.925
30
0
40
0.09375
1
DMX IN
50
0
41
1
7
MAIN
72
0
11
13.89
21
19.925
31
0
100
AcDbText
73
0
0
MTEXT
5
251
330
104
100
AcDbEntity
8
E-ANNO-TEXT
100
AcDbMText
10
13.93
20
20.46875
30
0
40
0.09375
41
1.78277236
71
1
72
1
7
MAIN
50
0
73
2
44
1.45
1
W-01 \U+00B7 24 AWG 1-pair 120 \U+03A9\Pplenum \U+00B7 50.0 ft \U+00B7 VD \U+2014%
0
LWPOLYLINE
5
252
330
104
100
AcDbEntity
8
E-LITE-WIRE-CL2
100
AcDbPolyline
90
2
70
0
10
15.2
20
18.9125
10
17.6
20
18.9125
0
CIRCLE
5
253
330
104
100
AcDbEntity
8
E-LITE-WIRE-CL2
370
18
6
Continuous
100
AcDbCircle
10
15.2
20
18.9125
30
0
40
0.035
0
CIRCLE
5
254
330
104
100
AcDbEntity
8
E-LITE-WIRE-CL2
370
18
6
Continuous
100
AcDbCircle
10
17.6
20
18.9125
30
0
40
0.035
0
TEXT
5
255
330
104
100
AcDbEntity
8
E-ANNO-TAGS
100
AcDbText
10
17.13905873
20
19.0125
30
0
40
0.09375
1
DC IN
50
0
41
1
7
MAIN
72
0
11
17.13905873
21
19.0125
31
0
100
AcDbText
73
0
0
MTEXT
5
256
330
104
100
AcDbEntity
8
E-ANNO-TEXT
100
AcDbMText
10
15.98354773
20
19.12625
30
0
40
0.09375
41
0.86290454
71
1
72
1
7
MAIN
50
0
73
2
44
1.45
1
W-03 / CH1-4
0
LWPOLYLINE
5
257
330
104
100
AcDbEntity
8
E-LITE-WIRE-CL2
100
AcDbPolyline
90
2
70
0
10
15.2
20
16.1375
10
17.6
20
16.1375
0
CIRCLE
5
258
330
104
100
AcDbEntity
8
E-LITE-WIRE-CL2
370
18
6
Continuous
100
AcDbCircle
10
15.2
20
16.1375
30
0
40
0.035
0
CIRCLE
5
259
330
104
100
AcDbEntity
8
E-LITE-WIRE-CL2
370
18
6
Continuous
100
AcDbCircle
10
17.6
20
16.1375
30
0
40
0.035
0
TEXT
5
25A
330
104
100
AcDbEntity
8
E-ANNO-TAGS
100
AcDbText
10
17.13905873
20
16.2375
30
0
40
0.09375
1
DC IN
50
0
41
1
7
MAIN
72
0
11
17.13905873
21
16.2375
31
0
100
AcDbText
73
0
0
MTEXT
5
25B
330
104
100
AcDbEntity
8
E-ANNO-TEXT
100
AcDbMText
10
15.98354773
20
16.35125
30
0
40
0.09375
41
0.86290454
71
1
72
1
7
MAIN
50
0
73
2
44
1.45
1
W-04 / CH1-2
0
LWPOLYLINE
5
25C
330
104
100
AcDbEntity
8
E-LITE-WIRE-CL2
100
AcDbPolyline
90
2
70
0
10
10
20
18.9125
10
11.13
20
18.9125
0
ARC
5
25D
330
104
100
AcDbEntity
8
E-LITE-WIRE-CL2
6
Continuous
100
AcDbCircle
10
11.2
20
18.9125
30
0
40
0.07
100
AcDbArc
50
0
51
180
0
LWPOLYLINE
5
25E
330
104
100
AcDbEntity
8
E-LITE-WIRE-CL2
100
AcDbPolyline
90
2
70
0
10
11.27
20
18.9125
10
12.4
20
18.9125
0
CIRCLE
5
25F
330
104
100
AcDbEntity
8
E-LITE-WIRE-CL2
370
18
6
Continuous
100
AcDbCircle
10
10
20
18.9125
30
0
40
0.035
0
TEXT
5
260
330
104
100
AcDbEntity
8
E-ANNO-TAGS
100
AcDbText
10
10.09
20
19.0125
30
0
40
0.09375
1
OUT1
50
0
41
1
7
MAIN
72
0
11
10.09
21
19.0125
31
0
100
AcDbText
73
0
0
CIRCLE
5
261
330
104
100
AcDbEntity
8
E-LITE-WIRE-CL2
370
18
6
Continuous
100
AcDbCircle
10
12.4
20
18.9125
30
0
40
0.035
0
TEXT
5
262
330
104
100
AcDbEntity
8
E-ANNO-TAGS
100
AcDbText
10
11.93905873
20
19.0125
30
0
40
0.09375
1
DC IN
50
0
41
1
7
MAIN
72
0
11
11.93905873
21
19.0125
31
0
100
AcDbText
73
0
0
MTEXT
5
263
330
104
100
AcDbEntity
8
E-ANNO-TEXT
100
AcDbMText
10
10.19871806
20
18.78625
30
0
40
0.09375
41
0.83256388
71
1
72
1
7
MAIN
50
0
73
2
44
1.45
1
W-09 / OUT1
0
LWPOLYLINE
5
264
330
104
100
AcDbEntity
8
E-LITE-WIRE-CL2
100
AcDbPolyline
90
2
70
0
10
10
20
16.1375
10
11.13
20
16.1375
0
ARC
5
265
330
104
100
AcDbEntity
8
E-LITE-WIRE-CL2
6
Continuous
100
AcDbCircle
10
11.2
20
16.1375
30
0
40
0.07
100
AcDbArc
50
0
51
180
0
LWPOLYLINE
5
266
330
104
100
AcDbEntity
8
E-LITE-WIRE-CL2
100
AcDbPolyline
90
2
70
0
10
11.27
20
16.1375
10
12.4
20
16.1375
0
CIRCLE
5
267
330
104
100
AcDbEntity
8
E-LITE-WIRE-CL2
370
18
6
Continuous
100
AcDbCircle
10
10
20
16.1375
30
0
40
0.035
0
TEXT
5
268
330
104
100
AcDbEntity
8
E-ANNO-TAGS
100
AcDbText
10
10.09
20
16.2375
30
0
40
0.09375
1
OUT1
50
0
41
1
7
MAIN
72
0
11
10.09
21
16.2375
31
0
100
AcDbText
73
0
0
CIRCLE
5
269
330
104
100
AcDbEntity
8
E-LITE-WIRE-CL2
370
18
6
Continuous
100
AcDbCircle
10
12.4
20
16.1375
30
0
40
0.035
0
TEXT
5
26A
330
104
100
AcDbEntity
8
E-ANNO-TAGS
100
AcDbText
10
11.93905873
20
16.2375
30
0
40
0.09375
1
DC IN
50
0
41
1
7
MAIN
72
0
11
11.93905873
21
16.2375
31
0
100
AcDbText
73
0
0
MTEXT
5
26B
330
104
100
AcDbEntity
8
E-ANNO-TEXT
100
AcDbMText
10
10.19871806
20
16.01125
30
0
40
0.09375
41
0.83256388
71
1
72
1
7
MAIN
50
0
73
2
44
1.45
1
W-11 / OUT1
0
LWPOLYLINE
5
26C
330
104
100
AcDbEntity
8
E-POWR-WIRE-LV
100
AcDbPolyline
90
2
70
0
10
4.8
20
19.0725
10
6
20
19.0725
0
LWPOLYLINE
5
26D
330
104
100
AcDbEntity
8
E-POWR-WIRE-LV
100
AcDbPolyline
90
2
70
0
10
6
20
19.0725
10
6
20
18.9125
0
LWPOLYLINE
5
26E
330
104
100
AcDbEntity
8
E-POWR-WIRE-LV
100
AcDbPolyline
90
2
70
0
10
6
20
18.9125
10
7.2
20
18.9125
0
CIRCLE
5
26F
330
104
100
AcDbEntity
8
E-POWR-WIRE-LV
370
18
6
Continuous
100
AcDbCircle
10
4.8
20
19.0725
30
0
40
0.035
0
TEXT
5
270
330
104
100
AcDbEntity
8
E-ANNO-TAGS
100
AcDbText
10
4.89
20
19.1725
30
0
40
0.09375
1
AC OUT
50
0
41
1
7
MAIN
72
0
11
4.89
21
19.1725
31
0
100
AcDbText
73
0
0
CIRCLE
5
271
330
104
100
AcDbEntity
8
E-POWR-WIRE-LV
370
18
6
Continuous
100
AcDbCircle
10
7.2
20
18.9125
30
0
40
0.035
0
MTEXT
5
272
330
104
100
AcDbEntity
8
E-ANNO-TEXT
100
AcDbMText
10
5.78118125
20
18.78625
30
0
40
0.09375
41
1.06763751
71
1
72
1
7
MAIN
50
0
73
2
44
1.45
1
W-06 \U+00B7 2 \U+00D7 #12 +\PG\PTHHN/THWN-2 \U+00B7\P35.0 ft \U+00B7 VD 0.1%
0
LWPOLYLINE
5
273
330
104
100
AcDbEntity
8
E-POWR-WIRE-LV
100
AcDbPolyline
90
2
70
0
10
4.8
20
10.7475
10
6
20
10.7475
0
LWPOLYLINE
5
274
330
104
100
AcDbEntity
8
E-POWR-WIRE-LV
100
AcDbPolyline
90
2
70
0
10
6
20
10.7475
10
6
20
10.5875
0
LWPOLYLINE
5
275
330
104
100
AcDbEntity
8
E-POWR-WIRE-LV
100
AcDbPolyline
90
2
70
0
10
6
20
10.5875
10
7.2
20
10.5875
0
CIRCLE
5
276
330
104
100
AcDbEntity
8
E-POWR-WIRE-LV
370
18
6
Continuous
100
AcDbCircle
10
4.8
20
10.7475
30
0
40
0.035
0
TEXT
5
277
330
104
100
AcDbEntity
8
E-ANNO-TAGS
100
AcDbText
10
4.89
20
10.8475
30
0
40
0.09375
1
AC OUT
50
0
41
1
7
MAIN
72
0
11
4.89
21
10.8475
31
0
100
AcDbText
73
0
0
CIRCLE
5
278
330
104
100
AcDbEntity
8
E-POWR-WIRE-LV
370
18
6
Continuous
100
AcDbCircle
10
7.2
20
10.5875
30
0
40
0.035
0
MTEXT
5
279
330
104
100
AcDbEntity
8
E-ANNO-TEXT
100
AcDbMText
10
5.78118125
20
10.46125
30
0
40
0.09375
41
1.06763751
71
1
72
1
7
MAIN
50
0
73
2
44
1.45
1
W-08 \U+00B7 2 \U+00D7 #12 +\PG\PTHHN/THWN-2 \U+00B7\P28.0 ft \U+00B7 VD 0.1%
0
LWPOLYLINE
5
27A
330
104
100
AcDbEntity
8
E-LITE-WIRE-CL2
100
AcDbPolyline
90
2
70
0
10
10
20
10.5875
10
17.6
20
10.5875
0
CIRCLE
5
27B
330
104
100
AcDbEntity
8
E-LITE-WIRE-CL2
370
18
6
Continuous
100
AcDbCircle
10
10
20
10.5875
30
0
40
0.035
0
CIRCLE
5
27C
330
104
100
AcDbEntity
8
E-LITE-WIRE-CL2
370
18
6
Continuous
100
AcDbCircle
10
17.6
20
10.5875
30
0
40
0.035
0
TEXT
5
27D
330
104
100
AcDbEntity
8
E-ANNO-TAGS
100
AcDbText
10
17.13905873
20
10.6875
30
0
40
0.09375
1
DC IN
50
0
41
1
7
MAIN
72
0
11
17.13905873
21
10.6875
31
0
100
AcDbText
73
0
0
MTEXT
5
27E
330
104
100
AcDbEntity
8
E-ANNO-TEXT
100
AcDbMText
10
12.84579933
20
10.9371875
30
0
40
0.09375
41
1.93840135
71
1
72
1
7
MAIN
50
0
73
2
44
1.45
1
W-13 \U+00B7 18/2 CL3R \U+00B7 20.0 ft \U+00B7 VD\P1.9%
0
LWPOLYLINE
5
27F
330
104
100
AcDbEntity
8
E-LITE-WIRE-CL2
100
AcDbPolyline
90
2
70
0
10
10
20
10.2675
10
13.8
20
10.2675
0
LWPOLYLINE
5
280
330
104
100
AcDbEntity
8
E-LITE-WIRE-CL2
100
AcDbPolyline
90
2
70
0
10
13.8
20
10.2675
10
13.8
20
7.8125
0
LWPOLYLINE
5
281
330
104
100
AcDbEntity
8
E-LITE-WIRE-CL2
100
AcDbPolyline
90
2
70
0
10
13.8
20
7.8125
10
17.6
20
7.8125
0
CIRCLE
5
282
330
104
100
AcDbEntity
8
E-LITE-WIRE-CL2
370
18
6
Continuous
100
AcDbCircle
10
10
20
10.2675
30
0
40
0.035
0
CIRCLE
5
283
330
104
100
AcDbEntity
8
E-LITE-WIRE-CL2
370
18
6
Continuous
100
AcDbCircle
10
17.6
20
7.8125
30
0
40
0.035
0
TEXT
5
284
330
104
100
AcDbEntity
8
E-ANNO-TAGS
100
AcDbText
10
17.13905873
20
7.9125
30
0
40
0.09375
1
DC IN
50
0
41
1
7
MAIN
72
0
11
17.13905873
21
7.9125
31
0
100
AcDbText
73
0
0
MTEXT
5
285
330
104
100
AcDbEntity
8
E-ANNO-TEXT
100
AcDbMText
10
10.94579933
20
10.14125
30
0
40
0.09375
41
1.93840135
71
1
72
1
7
MAIN
50
0
73
2
44
1.45
1
W-14 \U+00B7 18/2 CL3R \U+00B7 20.0 ft \U+00B7 VD\P1.9%
0
LWPOLYLINE
5
286
330
104
100
AcDbEntity
8
E-LITE-WIRE-CL2
100
AcDbPolyline
90
2
70
0
10
10
20
10.9075
10
11.2
20
10.9075
0
LWPOLYLINE
5
287
330
104
100
AcDbEntity
8
E-LITE-WIRE-CL2
100
AcDbPolyline
90
2
70
0
10
11.2
20
10.9075
10
11.2
20
21.8375
0
LWPOLYLINE
5
288
330
104
100
AcDbEntity
8
E-LITE-WIRE-CL2
100
AcDbPolyline
90
2
70
0
10
11.2
20
21.8375
10
12.4
20
21.8375
0
CIRCLE
5
289
330
104
100
AcDbEntity
8
E-LITE-WIRE-CL2
370
18
6
Continuous
100
AcDbCircle
10
10
20
10.9075
30
0
40
0.035
0
CIRCLE
5
28A
330
104
100
AcDbEntity
8
E-LITE-WIRE-CL2
370
18
6
Continuous
100
AcDbCircle
10
12.4
20
21.8375
30
0
40
0.035
0
MTEXT
5
28B
330
104
100
AcDbEntity
8
E-ANNO-TEXT
100
AcDbMText
10
11.33
20
13.73375
30
0
40
0.09375
41
1.71124556
71
1
72
1
7
MAIN
50
0
73
2
44
1.45
1
W-12 \U+00B7 18/2 CL3R \U+00B7 20.0 ft \U+00B7\PVD 0.3%
0
LWPOLYLINE
5
28C
330
104
100
AcDbEntity
8
E-POWR-WIRE-LV
100
AcDbPolyline
90
2
70
0
10
4.8
20
18.7525
10
5.39
20
18.7525
0
LWPOLYLINE
5
28D
330
104
100
AcDbEntity
8
E-POWR-WIRE-LV
100
AcDbPolyline
90
2
70
0
10
5.39
20
18.7525
10
5.39
20
13.3625
0
LWPOLYLINE
5
28E
330
104
100
AcDbEntity
8
E-POWR-WIRE-LV
100
AcDbPolyline
90
2
70
0
10
5.39
20
13.3625
10
11.13
20
13.3625
0
ARC
5
28F
330
104
100
AcDbEntity
8
E-POWR-WIRE-LV
6
Continuous
100
AcDbCircle
10
11.2
20
13.3625
30
0
40
0.07
100
AcDbArc
50
0
51
180
0
LWPOLYLINE
5
290
330
104
100
AcDbEntity
8
E-POWR-WIRE-LV
100
AcDbPolyline
90
2
70
0
10
11.27
20
13.3625
10
17.6
20
13.3625
0
CIRCLE
5
291
330
104
100
AcDbEntity
8
E-POWR-WIRE-LV
370
18
6
Continuous
100
AcDbCircle
10
4.8
20
18.7525
30
0
40
0.035
0
TEXT
5
292
330
104
100
AcDbEntity
8
E-ANNO-TAGS
100
AcDbText
10
4.89
20
18.8525
30
0
40
0.09375
1
AC OUT
50
0
41
1
7
MAIN
72
0
11
4.89
21
18.8525
31
0
100
AcDbText
73
0
0
CIRCLE
5
293
330
104
100
AcDbEntity
8
E-POWR-WIRE-LV
370
18
6
Continuous
100
AcDbCircle
10
17.6
20
13.3625
30
0
40
0.035
0
TEXT
5
294
330
104
100
AcDbEntity
8
E-ANNO-TAGS
100
AcDbText
10
17.14657736
20
13.4625
30
0
40
0.09375
1
AC IN
50
0
41
1
7
MAIN
72
0
11
17.14657736
21
13.4625
31
0
100
AcDbText
73
0
0
MTEXT
5
295
330
104
100
AcDbEntity
8
E-ANNO-TEXT
100
AcDbMText
10
7.56428407
20
13.848125
30
0
40
0.09375
41
1.78643187
71
1
72
1
7
MAIN
50
0
73
2
44
1.45
1
W-05 \U+00B7 2 \U+00D7 #12 + G\PTHHN/THWN-2 \U+00B7 48.0 ft \U+00B7 VD\P0.1%
0
LWPOLYLINE
5
296
330
104
100
AcDbEntity
8
E-POWR-WIRE-LV
100
AcDbPolyline
90
2
70
0
10
4.8
20
10.4275
10
5.39
20
10.4275
0
LWPOLYLINE
5
297
330
104
100
AcDbEntity
8
E-POWR-WIRE-LV
100
AcDbPolyline
90
2
70
0
10
5.39
20
10.4275
10
5.39
20
5.0375
0
LWPOLYLINE
5
298
330
104
100
AcDbEntity
8
E-POWR-WIRE-LV
100
AcDbPolyline
90
2
70
0
10
5.39
20
5.0375
10
17.6
20
5.0375
0
CIRCLE
5
299
330
104
100
AcDbEntity
8
E-POWR-WIRE-LV
370
18
6
Continuous
100
AcDbCircle
10
4.8
20
10.4275
30
0
40
0.035
0
TEXT
5
29A
330
104
100
AcDbEntity
8
E-ANNO-TAGS
100
AcDbText
10
4.89
20
10.5275
30
0
40
0.09375
1
AC OUT
50
0
41
1
7
MAIN
72
0
11
4.89
21
10.5275
31
0
100
AcDbText
73
0
0
CIRCLE
5
29B
330
104
100
AcDbEntity
8
E-POWR-WIRE-LV
370
18
6
Continuous
100
AcDbCircle
10
17.6
20
5.0375
30
0
40
0.035
0
TEXT
5
29C
330
104
100
AcDbEntity
8
E-ANNO-TAGS
100
AcDbText
10
17.14657736
20
5.1375
30
0
40
0.09375
1
AC IN
50
0
41
1
7
MAIN
72
0
11
17.14657736
21
5.1375
31
0
100
AcDbText
73
0
0
MTEXT
5
29D
330
104
100
AcDbEntity
8
E-ANNO-TEXT
100
AcDbMText
10
10.61678407
20
5.523125
30
0
40
0.09375
41
1.78643187
71
1
72
1
7
MAIN
50
0
73
2
44
1.45
1
W-07 \U+00B7 2 \U+00D7 #12 + G\PTHHN/THWN-2 \U+00B7 30.0 ft \U+00B7 VD\P0.0%
0
LWPOLYLINE
5
29E
330
104
100
AcDbEntity
8
E-ANNO-TTLB
100
AcDbPolyline
90
4
70
1
10
0.5
20
0.5
10
35.5
20
0.5
10
35.5
20
23.5
10
0.5
20
23.5
0
LWPOLYLINE
5
29F
330
104
100
AcDbEntity
8
E-ANNO-TTLB
100
AcDbPolyline
90
4
70
1
10
31.75
20
0.5
10
35.5
20
0.5
10
35.5
20
23.5
10
31.75
20
23.5
0
LWPOLYLINE
5
2A0
330
104
100
AcDbEntity
8
E-ANNO-TTLB
100
AcDbPolyline
90
4
70
1
10
0.5
20
0.5
10
1.5
20
0.5
10
1.5
20
1.5
10
0.5
20
1.5
0
MTEXT
5
2A1
330
104
100
AcDbEntity
8
E-ANNO-TEXT
100
AcDbMText
10
0.6
20
1.19375
30
0
40
0.09375
41
0.60547463
71
1
72
1
7
MAIN
50
0
73
2
44
1.45
1
1.000 in\PREF.\PSQUARE
0
TEXT
5
2A2
330
104
100
AcDbEntity
8
E-ANNO-TEXT
100
AcDbText
10
1.8
20
0.8
30
0
40
0.09375
1
L-1 / 2  \U+00B7  ALL LENGTHS ARE ONE-WAY UNLESS NOTED
50
0
41
1
7
MAIN
72
0
11
1.8
21
0.8
31
0
100
AcDbText
73
0
0
LINE
5
2A3
330
104
100
AcDbEntity
8
E-ANNO-TTLB
100
AcDbLine
10
31.75
20
21.77076923
30
0
11
35.5
21
21.77076923
31
0
0
HATCH
5
2A4
330
104
100
AcDbEntity
8
E-ANNO-TTLB
100
AcDbHatch
10
0
20
0
30
0
210
0
220
0
230
1
2
SOLID
70
1
71
0
91
1
92
2
72
0
73
1
93
184
10
33.79413617
20
22.89598687
10
33.7885539
20
22.89921895
10
33.78279118
20
22.90213509
10
33.77685706
20
22.9047263
10
33.77076061
20
22.90698356
10
33.76451089
20
22.90889784
10
33.75811696
20
22.91046013
10
33.75158789
20
22.91166142
10
33.74493273
20
22.91249269
10
33.74058473
20
22.92284766
10
33.73586746
20
22.93300261
10
33.73078941
20
22.94294908
10
33.72535904
20
22.95267865
10
33.71958482
20
22.96218287
10
33.71347522
20
22.9714533
10
33.7070387
20
22.98048151
10
33.70028373
20
22.98925904
10
33.69321879
20
22.99777746
10
33.68585233
20
23.00602834
10
33.67819283
20
23.01400323
10
33.67024876
20
23.02169368
10
33.66202859
20
23.02909127
10
33.65354077
20
23.03618755
10
33.64479379
20
23.04297408
10
33.6357961
20
23.04944241
10
33.62655618
20
23.05558412
10
33.6170825
20
23.06139076
10
33.60738352
20
23.06685388
10
33.59746771
20
23.07196506
10
33.58734354
20
23.07671584
10
33.57701948
20
23.08109779
10
33.566504
20
23.08510247
10
33.55580556
20
23.08872144
10
33.54493263
20
23.09194626
10
33.53389369
20
23.09476848
10
33.52269719
20
23.09717968
10
33.51135161
20
23.0991714
10
33.49986542
20
23.10073521
10
33.48824708
20
23.10186266
10
33.47650506
20
23.10254532
10
33.46464783
20
23.10277475
10
33.45612567
20
23.10265444
10
33.44761327
20
23.10229395
10
33.43911678
20
23.10169397
10
33.43064236
20
23.10085517
10
33.4221962
20
23.09977823
10
33.41378443
20
23.09846383
10
33.40541325
20
23.09691264
10
33.39708879
20
23.09512536
10
33.38881724
20
23.09310265
10
33.38060475
20
23.09084519
10
33.37245748
20
23.08835366
10
33.36438161
20
23.08562875
10
33.35638329
20
23.08267112
10
33.34846869
20
23.07948146
10
33.34064398
20
23.07606045
10
33.33291531
20
23.07240876
10
33.32319189
20
23.06732172
10
33.31372392
20
23.06180933
10
33.30446027
20
23.05595736
10
33.29534985
20
23.04985162
10
33.27738425
20
23.03722196
10
33.25941829
20
23.02460665
10
33.24967336
20
23.01816499
10
33.23971642
20
23.01208715
10
33.22956183
20
23.00636103
10
33.219224
20
23.00097454
10
33.2087173
20
22.99591559
10
33.19805612
20
22.99117209
10
33.18725485
20
22.98673194
10
33.17632788
20
22.98258305
10
33.16528959
20
22.97871334
10
33.15415437
20
22.9751107
10
33.1429366
20
22.97176305
10
33.13165067
20
22.96865829
10
33.12031096
20
22.96578434
10
33.10893187
20
22.96312909
10
33.09752778
20
22.96068046
10
33.08611308
20
22.95842636
10
33.07430286
20
22.95630756
10
33.06246748
20
22.95438449
10
33.05061047
20
22.95264789
10
33.03873539
20
22.95108854
10
33.02684578
20
22.94969717
10
33.01494517
20
22.94846455
10
32.99112513
20
22.94643855
10
32.97335752
20
22.94516093
10
32.94240795
20
22.94322717
10
32.92655617
20
22.94246561
10
32.9128884
20
22.94208167
10
32.9074443
20
22.94208772
10
32.90323114
20
22.94225587
10
32.90047722
20
22.94260871
10
32.89971884
20
22.94286143
10
32.89941088
20
22.94316879
10
32.89941088
20
22.98085151
10
33.02974208
20
22.98085151
10
33.03761711
20
22.98092195
10
33.04547419
20
22.98116208
10
33.0533109
20
22.98157097
10
33.06112481
20
22.98214766
10
33.06891351
20
22.98289122
10
33.07667456
20
22.9838007
10
33.08440555
20
22.98487516
10
33.09210404
20
22.98611366
10
33.09976763
20
22.98751526
10
33.10739387
20
22.98907901
10
33.11498036
20
22.99080397
10
33.12252466
20
22.99268921
10
33.13002435
20
22.99473377
10
33.13747701
20
22.99693672
10
33.14488022
20
22.99929711
10
33.15223154
20
23.001814
10
33.15952857
20
23.00448645
10
33.16676887
20
23.00731351
10
33.17395002
20
23.01029425
10
33.18106959
20
23.01342773
10
33.18812517
20
23.01671299
10
33.19511433
20
23.02014909
10
33.20203465
20
23.02373511
10
33.20888369
20
23.02747008
10
33.21565905
20
23.03135308
10
33.22235829
20
23.03538315
10
33.228979
20
23.03955936
10
33.23551874
20
23.04388077
10
33.2419751
20
23.04834642
10
33.24834564
20
23.05295539
10
33.25462796
20
23.05770672
10
33.26081962
20
23.06259947
10
33.27177332
20
23.0711061
10
33.28307876
20
23.07915812
10
33.29472269
20
23.08674255
10
33.30669189
20
23.09384639
10
33.31897313
20
23.10045663
10
33.33155318
20
23.10656027
10
33.3444188
20
23.11214431
10
33.35755677
20
23.11719576
10
33.36422374
20
23.11951769
10
33.37095385
20
23.1217016
10
33.37774542
20
23.12374586
10
33.38459681
20
23.12564885
10
33.39150637
20
23.12740893
10
33.39847243
20
23.12902449
10
33.40549335
20
23.1304939
10
33.41256747
20
23.13181554
10
33.41969314
20
23.13298777
10
33.42686871
20
23.13400898
10
33.43409251
20
23.13487754
10
33.4413629
20
23.13559182
10
33.44867823
20
23.1361502
10
33.45603683
20
23.13655106
10
33.46343706
20
23.13679277
10
33.47087726
20
23.1368737
10
33.4851126
20
23.13657821
10
33.49919843
20
23.13569951
10
33.51312304
20
23.13424928
10
33.5268747
20
23.13223916
10
33.54044171
20
23.12968082
10
33.55381234
20
23.12658593
10
33.56697487
20
23.12296613
10
33.5799176
20
23.11883309
10
33.5926288
20
23.11419848
10
33.60509676
20
23.10907395
10
33.61730975
20
23.10347116
10
33.62925607
20
23.09740178
10
33.640924
20
23.09087746
10
33.65230181
20
23.08390987
10
33.6633778
20
23.07651067
10
33.67414024
20
23.06869151
10
33.68457742
20
23.06046407
10
33.69467762
20
23.05183999
10
33.70442912
20
23.04283095
10
33.71382021
20
23.0334486
10
33.72283917
20
23.0237046
10
33.73147429
20
23.01361061
10
33.73971384
20
23.0031783
10
33.74754611
20
22.99241932
10
33.75495939
20
22.98134534
10
33.76194195
20
22.96996802
10
33.76848208
20
22.95829901
10
33.77456806
20
22.94634998
10
33.78018817
20
22.93413259
10
33.78533071
20
22.92165851
10
33.78998395
20
22.90893938
97
0
75
0
76
1
98
0
0
HATCH
5
2A5
330
104
100
AcDbEntity
8
E-ANNO-TTLB
100
AcDbHatch
10
0
20
0
30
0
210
0
220
0
230
1
2
SOLID
70
1
71
0
91
1
92
2
72
0
73
1
93
141
10
33.7299825
20
22.58176004
10
33.72408197
20
22.57489074
10
33.71800266
20
22.56818301
10
33.71174829
20
22.56164056
10
33.70532256
20
22.5552671
10
33.69872917
20
22.54906633
10
33.69197184
20
22.54304195
10
33.68505427
20
22.53719767
10
33.67798016
20
22.5315372
10
33.67075322
20
22.52606424
10
33.66337717
20
22.5207825
10
33.6558557
20
22.51569568
10
33.64819252
20
22.51080748
10
33.64039134
20
22.50612161
10
33.63245587
20
22.50164178
10
33.62438981
20
22.4973717
10
33.61619686
20
22.49331506
10
33.60788075
20
22.48947557
10
33.59944516
20
22.48585694
10
33.59089381
20
22.48246287
10
33.58223041
20
22.47929706
10
33.57345866
20
22.47636323
10
33.56458226
20
22.47366508
10
33.55560493
20
22.47120631
10
33.54653037
20
22.46899062
10
33.53736229
20
22.46702173
10
33.52810439
20
22.46530334
10
33.51876039
20
22.46383915
10
33.50933398
20
22.46263287
10
33.49982887
20
22.4616882
10
33.49024877
20
22.46100885
10
33.48059739
20
22.46059852
10
33.47087844
20
22.46046092
10
33.4634517
20
22.46054139
10
33.45606316
20
22.46078168
10
33.44871451
20
22.46118015
10
33.44140743
20
22.46173514
10
33.43414359
20
22.46244499
10
33.42692469
20
22.46330807
10
33.41975239
20
22.4643227
10
33.41262839
20
22.46548725
10
33.40555436
20
22.46680005
10
33.39853198
20
22.46825945
10
33.39156294
20
22.46986381
10
33.38464891
20
22.47161146
10
33.37779158
20
22.47350075
10
33.37099263
20
22.47553004
10
33.35757659
20
22.48000197
10
33.34441423
20
22.48501402
10
33.33151901
20
22.49055298
10
33.31890438
20
22.49660561
10
33.30658378
20
22.50315869
10
33.29457066
20
22.51019899
10
33.28287847
20
22.5177133
10
33.27152067
20
22.52568839
10
33.2605107
20
22.53411102
10
33.2605107
20
22.53426803
10
33.25052691
20
22.54207838
10
33.24031677
20
22.54950899
10
33.22988757
20
22.55655993
10
33.21924664
20
22.56323123
10
33.20840129
20
22.56952295
10
33.19735883
20
22.57543512
10
33.18612657
20
22.5809678
10
33.17471184
20
22.58612104
10
33.19822429
20
22.58612104
10
33.20121567
20
22.58625777
10
33.20411032
20
22.5866607
10
33.20689907
20
22.58731893
10
33.20957278
20
22.58822155
10
33.21212229
20
22.58935767
10
33.21453845
20
22.59071638
10
33.2168121
20
22.59228677
10
33.21893409
20
22.59405796
10
33.22632098
20
22.59004383
10
33.23365121
20
22.58582124
10
33.2409266
20
22.58138668
10
33.248149
20
22.57673666
10
33.25532024
20
22.57186769
10
33.26244218
20
22.56677625
10
33.26951665
20
22.56145887
10
33.27654548
20
22.55591205
10
33.28141842
20
22.55211471
10
33.2863719
20
22.54845925
10
33.29140436
20
22.54494425
10
33.29651421
20
22.54156832
10
33.30169991
20
22.53833006
10
33.30695987
20
22.53522809
10
33.31229253
20
22.53226098
10
33.31769632
20
22.52942736
10
33.32871102
20
22.52415497
10
33.33999142
20
22.51939971
10
33.35152499
20
22.51515042
10
33.36329916
20
22.5113959
10
33.3753014
20
22.50812497
10
33.38751916
20
22.50532645
10
33.39993989
20
22.50298915
10
33.41255105
20
22.5011019
10
33.42534009
20
22.4996535
10
33.43829446
20
22.49863278
10
33.45140161
20
22.49802855
10
33.46464901
20
22.49782962
10
33.4727695
20
22.49793729
10
33.48083799
20
22.4982585
10
33.48885173
20
22.49879053
10
33.496808
20
22.49953067
10
33.50470406
20
22.50047623
10
33.51253717
20
22.50162448
10
33.52030459
20
22.50297272
10
33.52800358
20
22.50451825
10
33.53563142
20
22.50625834
10
33.54318536
20
22.5081903
10
33.55066266
20
22.51031141
10
33.55806059
20
22.51261897
10
33.56537641
20
22.51511026
10
33.57260738
20
22.51778258
10
33.57975078
20
22.52063322
10
33.58680385
20
22.52365946
10
33.59376386
20
22.52685861
10
33.60062808
20
22.53022795
10
33.60739377
20
22.53376477
10
33.6140582
20
22.53746637
10
33.62061862
20
22.54133003
10
33.62707229
20
22.54535304
10
33.63341649
20
22.5495327
10
33.63964847
20
22.5538663
10
33.6457655
20
22.55835113
10
33.65176484
20
22.56298448
10
33.65764376
20
22.56776364
10
33.66339951
20
22.5726859
10
33.66902936
20
22.57774855
10
33.67453057
20
22.58294889
10
33.67990041
20
22.58828421
10
33.68513613
20
22.59375179
10
33.6904362
20
22.59151706
10
33.69582352
20
22.58948905
10
33.70129815
20
22.58766951
10
33.70686013
20
22.58606019
10
33.71250951
20
22.58466284
10
33.71824633
20
22.5834792
10
33.72407065
20
22.58251102
97
0
75
0
76
1
98
0
0
HATCH
5
2A6
330
104
100
AcDbEntity
8
E-ANNO-TTLB
100
AcDbHatch
10
0
20
0
30
0
210
0
220
0
230
1
2
SOLID
70
1
71
0
91
1
92
2
72
0
73
1
93
34
10
33.09063422
20
23.11126868
10
33.08939526
20
23.10940388
10
33.08857701
20
23.10739019
10
33.0881733
20
23.10529066
10
33.08817798
20
23.10316836
10
33.08858487
20
23.10108636
10
33.08938782
20
23.09910772
10
33.09058066
20
23.0972955
10
33.09215723
20
23.09571278
10
33.14700915
20
23.05072117
10
33.14887137
20
23.04948532
10
33.15088328
20
23.04867046
10
33.15298185
20
23.04827032
10
33.15510407
20
23.04827866
10
33.1571869
20
23.04868922
10
33.15916735
20
23.04949575
10
33.16098238
20
23.05069198
10
33.16256898
20
23.05227166
10
33.16380664
20
23.05413646
10
33.16462392
20
23.05615021
10
33.16502693
20
23.05824988
10
33.16502179
20
23.06037246
10
33.16461461
20
23.06245493
10
33.16381151
20
23.06443427
10
33.16261862
20
23.06624746
10
33.16104204
20
23.06783148
10
33.10619012
20
23.11281916
10
33.10432807
20
23.11405501
10
33.1023166
20
23.11486988
10
33.10021866
20
23.11527001
10
33.09809717
20
23.11526167
10
33.09601505
20
23.11485111
10
33.09403524
20
23.11404459
10
33.09222065
20
23.11284836
97
0
75
0
76
1
98
0
0
HATCH
5
2A7
330
104
100
AcDbEntity
8
E-ANNO-TTLB
100
AcDbHatch
10
0
20
0
30
0
210
0
220
0
230
1
2
SOLID
70
1
71
0
91
1
92
2
72
0
73
1
93
34
10
33.51534759
20
23.28164484
10
33.51310912
20
23.28163901
10
33.51098065
20
23.28120079
10
33.50901105
20
23.28037029
10
33.50724924
20
23.27918761
10
33.5057441
20
23.27769288
10
33.50454453
20
23.27592619
10
33.50369944
20
23.27392767
10
33.50325771
20
23.27173742
10
33.49632566
20
23.20112942
10
33.49633202
20
23.19889502
10
33.49677173
20
23.19676996
10
33.49760456
20
23.19480323
10
33.49879025
20
23.19304382
10
33.50028855
20
23.19154072
10
33.50205921
20
23.19034292
10
33.50406199
20
23.18949941
10
33.50625663
20
23.18905917
10
33.50849525
20
23.189065
10
33.51062412
20
23.18950328
10
33.5125942
20
23.19033393
10
33.51435645
20
23.19151689
10
33.51586184
20
23.19301209
10
33.51706134
20
23.19477947
10
33.51790591
20
23.19677897
10
33.5183465
20
23.19897051
10
33.52527855
20
23.26957459
10
33.5252722
20
23.27180883
10
33.52483248
20
23.2739335
10
33.52399966
20
23.27589974
10
33.52281397
20
23.27765871
10
33.52131567
20
23.27916156
10
33.519545
20
23.28035943
10
33.51754223
20
23.28120347
97
0
75
0
76
1
98
0
0
HATCH
5
2A8
330
104
100
AcDbEntity
8
E-ANNO-TTLB
100
AcDbHatch
10
0
20
0
30
0
210
0
220
0
230
1
2
SOLID
70
1
71
0
91
1
92
2
72
0
73
1
93
34
10
33.89296657
20
23.02316175
10
33.89171812
20
23.0250189
10
33.8901711
20
23.0265448
10
33.88838606
20
23.02772101
10
33.88642361
20
23.02852909
10
33.88434433
20
23.02895059
10
33.88220878
20
23.02896706
10
33.88007756
20
23.02856007
10
33.87801124
20
23.02771116
10
33.81545399
20
22.99424811
10
33.81359996
20
22.99300061
10
33.81207745
20
22.99145356
10
33.81090481
20
22.98966767
10
33.81010039
20
22.98770368
10
33.80968256
20
22.9856223
10
33.80966966
20
22.98348425
10
33.81008004
20
22.98135024
10
33.81093206
20
22.979281
10
33.81218068
20
22.97742387
10
33.81372815
20
22.97589802
10
33.81551381
20
22.97472196
10
33.81747698
20
22.97391416
10
33.81955699
20
22.97349313
10
33.82169317
20
22.97347735
10
33.82382483
20
22.97388532
10
33.82589132
20
22.97473553
10
33.88844857
20
23.00819857
10
33.89030243
20
23.00944478
10
33.8918245
20
23.01099086
10
33.89299651
20
23.01277604
10
33.8938002
20
23.01473957
10
33.89421732
20
23.01682066
10
33.89422959
20
23.01895857
10
33.89381876
20
23.02109252
97
0
75
0
76
1
98
0
0
HATCH
5
2A9
330
104
100
AcDbEntity
8
E-ANNO-TTLB
100
AcDbHatch
10
0
20
0
30
0
210
0
220
0
230
1
2
SOLID
70
1
71
0
91
1
92
2
72
0
73
1
93
4
10
32.61753467
20
22.61654316
10
32.56003711
20
22.61654316
10
32.56003711
20
22.87653042
10
32.61753467
20
22.87653042
97
0
75
0
76
1
98
0
0
HATCH
5
2AA
330
104
100
AcDbEntity
8
E-ANNO-TTLB
100
AcDbHatch
10
0
20
0
30
0
210
0
220
0
230
1
2
SOLID
70
1
71
0
91
1
92
2
72
0
73
1
93
4
10
32.67152302
20
22.98052296
10
32.72902058
20
22.98052296
10
32.72902058
20
22.61654316
10
32.67152302
20
22.61654316
97
0
75
0
76
1
98
0
0
HATCH
5
2AB
330
104
100
AcDbEntity
8
E-ANNO-TTLB
100
AcDbHatch
10
0
20
0
30
0
210
0
220
0
230
1
2
SOLID
70
1
71
0
91
1
92
2
72
0
73
1
93
6
10
32.78300972
20
22.98052296
10
32.84550417
20
22.98052296
10
32.84550417
20
22.63754343
10
32.97749576
20
22.63754343
10
32.97749576
20
22.61654316
10
32.78300972
20
22.61654316
97
0
75
0
76
1
98
0
0
HATCH
5
2AC
330
104
100
AcDbEntity
8
E-ANNO-TTLB
100
AcDbHatch
10
0
20
0
30
0
210
0
220
0
230
1
2
SOLID
70
1
71
0
91
1
92
2
72
0
73
1
93
56
10
32.61753388
20
22.97552412
10
32.61556541
20
22.97213997
10
32.61123037
20
22.96410399
10
32.60891148
20
22.95933366
10
32.60688428
20
22.95459088
10
32.6054432
20
22.9502725
10
32.60503447
20
22.94839646
10
32.60488269
20
22.94677534
10
32.60501572
20
22.94515421
10
32.60541052
20
22.94327818
10
32.60683626
20
22.93895979
10
32.60886146
20
22.93421701
10
32.61118768
20
22.92944668
10
32.61554941
20
22.9214107
10
32.61753388
20
22.91802656
10
32.61414974
20
22.91999503
10
32.60611376
20
22.92433007
10
32.60134343
20
22.92664896
10
32.59660065
20
22.92867616
10
32.59228226
20
22.93011724
10
32.59040623
20
22.93052596
10
32.5887851
20
22.93067775
10
32.58716398
20
22.93054472
10
32.58528794
20
22.93014992
10
32.58096956
20
22.92872418
10
32.57622678
20
22.92669898
10
32.57145645
20
22.92437276
10
32.56342047
20
22.92001103
10
32.56003632
20
22.91802656
10
32.56200479
20
22.9214107
10
32.56633984
20
22.92944668
10
32.56865872
20
22.93421701
10
32.57068593
20
22.93895979
10
32.572127
20
22.94327818
10
32.57253573
20
22.94515421
10
32.57268751
20
22.94677534
10
32.57255449
20
22.94839646
10
32.57215969
20
22.9502725
10
32.57073395
20
22.95459088
10
32.56870875
20
22.95933366
10
32.56638253
20
22.96410399
10
32.5620208
20
22.97213997
10
32.56003632
20
22.97552412
10
32.56342047
20
22.97355565
10
32.57145645
20
22.9692206
10
32.57622678
20
22.96690172
10
32.58096956
20
22.96487451
10
32.58528794
20
22.96343344
10
32.58716398
20
22.96302471
10
32.5887851
20
22.96287293
10
32.59040623
20
22.96300595
10
32.59228226
20
22.96340075
10
32.59660065
20
22.96482649
10
32.60134343
20
22.96685169
10
32.60611376
20
22.96917791
10
32.61414974
20
22.97353964
97
0
75
0
76
1
98
0
0
HATCH
5
2AD
330
104
100
AcDbEntity
8
E-ANNO-TTLB
100
AcDbHatch
10
0
20
0
30
0
210
0
220
0
230
1
2
SOLID
70
1
71
0
91
1
92
2
72
0
73
1
93
4
10
33.24923846
20
22.43394288
10
33.30616685
20
22.43394288
10
33.30616685
20
22.07038308
10
33.24923846
20
22.07038308
97
0
75
0
76
1
98
0
0
HATCH
5
2AE
330
104
100
AcDbEntity
8
E-ANNO-TTLB
100
AcDbHatch
10
0
20
0
30
0
210
0
220
0
230
1
2
SOLID
70
1
71
0
91
2
92
2
72
0
73
1
93
92
10
33.55435745
20
22.31708051
10
33.5518648
20
22.31696579
10
33.54944456
20
22.31662504
10
33.54709893
20
22.31606338
10
33.5448301
20
22.31528594
10
33.54264027
20
22.31429782
10
33.54053163
20
22.31310416
10
33.53850638
20
22.31171007
10
33.53656671
20
22.31012067
10
33.53471483
20
22.30834108
10
33.53295291
20
22.30637642
10
33.53128317
20
22.3042318
10
33.52970779
20
22.30191236
10
33.52822896
20
22.2994232
10
33.52684889
20
22.29676945
10
33.52556977
20
22.29395623
10
33.5243938
20
22.29098865
10
33.52236005
20
22.28461092
10
33.52076522
20
22.27767721
10
33.51962687
20
22.27022848
10
33.51896255
20
22.26230568
10
33.51878983
20
22.25394978
10
33.51912626
20
22.24520173
10
33.51998941
20
22.23610248
10
33.52139684
20
22.22669299
10
33.52331099
20
22.21727722
10
33.52566113
20
22.20816154
10
33.52841507
20
22.19938838
10
33.53154063
20
22.19100014
10
33.53500563
20
22.18303924
10
33.53877786
20
22.17554808
10
33.54282515
20
22.16856908
10
33.5471153
20
22.16214464
10
33.55161613
20
22.15631719
10
33.55629545
20
22.15112913
10
33.55869199
20
22.14878813
10
33.56112107
20
22.14662287
10
33.56357869
20
22.14463868
10
33.56606081
20
22.14284083
10
33.56856341
20
22.14123465
10
33.57108247
20
22.13982542
10
33.57361396
20
22.13861845
10
33.57615386
20
22.13761904
10
33.57869815
20
22.13683249
10
33.58124281
20
22.13626411
10
33.5837838
20
22.13591919
10
33.58631711
20
22.13580304
10
33.58885541
20
22.13591919
10
33.59131845
20
22.13626411
10
33.59370411
20
22.13683249
10
33.5960103
20
22.13761904
10
33.59823492
20
22.13861845
10
33.60037585
20
22.13982542
10
33.602431
20
22.14123465
10
33.60439826
20
22.14284083
10
33.60627553
20
22.14463868
10
33.6080607
20
22.14662287
10
33.60975167
20
22.14878813
10
33.61134634
20
22.15112913
10
33.6128426
20
22.15364059
10
33.61423835
20
22.15631719
10
33.61553149
20
22.15915364
10
33.61671991
20
22.16214464
10
33.61877417
20
22.16856908
10
33.62038432
20
22.17554808
10
33.62153352
20
22.18303924
10
33.62220494
20
22.19100014
10
33.62238175
20
22.19938838
10
33.62204712
20
22.20816154
10
33.62118423
20
22.21727722
10
33.61977623
20
22.22669299
10
33.61786197
20
22.23610248
10
33.61551097
20
22.24520173
10
33.61275472
20
22.25394978
10
33.60962465
20
22.26230568
10
33.60615223
20
22.27022848
10
33.60236892
20
22.27767721
10
33.59830618
20
22.28461092
10
33.59399546
20
22.29098865
10
33.58946822
20
22.29676945
10
33.58475591
20
22.30191236
10
33.5823402
20
22.3042318
10
33.57989001
20
22.30637642
10
33.57740929
20
22.30834108
10
33.57490196
20
22.31012067
10
33.57237196
20
22.31171007
10
33.56982322
20
22.31310416
10
33.56725967
20
22.31429782
10
33.56468525
20
22.31528594
10
33.56210388
20
22.31606338
10
33.55951951
20
22.31662504
10
33.55693605
20
22.31696579
97
0
92
2
72
0
73
1
93
316
10
33.49393163
20
22.14628748
10
33.48990663
20
22.15004898
10
33.48607763
20
22.15402268
10
33.48245342
20
22.15819831
10
33.47904278
20
22.16256563
10
33.47585451
20
22.16711437
10
33.47289738
20
22.17183427
10
33.47018019
20
22.17671507
10
33.46771171
20
22.18174653
10
33.46550074
20
22.18691837
10
33.46355607
20
22.19222035
10
33.46188646
20
22.1976422
10
33.46050072
20
22.20317367
10
33.45940763
20
22.2088045
10
33.45861597
20
22.21452443
10
33.45813454
20
22.2203232
10
33.4579721
20
22.22619056
10
33.45811001
20
22.23158969
10
33.45851932
20
22.23692127
10
33.45919346
20
22.24217916
10
33.46012584
20
22.24735724
10
33.46130988
20
22.25244937
10
33.462739
20
22.25744942
10
33.46440659
20
22.26235128
10
33.4663061
20
22.26714881
10
33.46843091
20
22.27183588
10
33.47077446
20
22.27640637
10
33.47333016
20
22.28085415
10
33.47609141
20
22.28517308
10
33.47905165
20
22.28935705
10
33.48220427
20
22.29339992
10
33.4855427
20
22.29729557
10
33.48906035
20
22.30103787
10
33.49275064
20
22.30462069
10
33.49660698
20
22.3080379
10
33.50062278
20
22.31128337
10
33.50479146
20
22.31435098
10
33.50910644
20
22.31723459
10
33.51356113
20
22.31992809
10
33.51814895
20
22.32242534
10
33.5228633
20
22.32472021
10
33.52769761
20
22.32680658
10
33.53264529
20
22.32867832
10
33.53769976
20
22.3303293
10
33.54285442
20
22.33175339
10
33.5481027
20
22.33294446
10
33.55343801
20
22.33389639
10
33.55885376
20
22.33460305
10
33.56434337
20
22.33505831
10
33.56564045
20
22.34038217
10
33.5672747
20
22.3454813
10
33.56923224
20
22.3503418
10
33.57149917
20
22.3549498
10
33.57406159
20
22.35929142
10
33.57690563
20
22.36335278
10
33.58001738
20
22.36711999
10
33.58338296
20
22.37057918
10
33.58698847
20
22.37371647
10
33.59082003
20
22.37651797
10
33.59486373
20
22.3789698
10
33.59910569
20
22.38105809
10
33.60353201
20
22.38276896
10
33.60812881
20
22.38408852
10
33.61288219
20
22.3850029
10
33.61777826
20
22.3854982
10
33.62628027
20
22.38562181
10
33.63419699
20
22.38526532
10
33.64155178
20
22.38446384
10
33.648368
20
22.38325245
10
33.65466903
20
22.38166626
10
33.66047824
20
22.37974036
10
33.66581898
20
22.37750986
10
33.67071464
20
22.37500985
10
33.67071464
20
22.3315648
10
33.66882975
20
22.33554011
10
33.66656739
20
22.33939918
10
33.66395974
20
22.34311933
10
33.661039
20
22.34667788
10
33.65783737
20
22.35005216
10
33.65438703
20
22.35321949
10
33.65072019
20
22.35615719
10
33.64686903
20
22.35884258
10
33.64286576
20
22.36125299
10
33.63874255
20
22.36336574
10
33.63453162
20
22.36515814
10
33.63026514
20
22.36660753
10
33.62597532
20
22.36769122
10
33.62169435
20
22.36838654
10
33.61745443
20
22.36867081
10
33.61328774
20
22.36852135
10
33.61055418
20
22.36821628
10
33.60797059
20
22.36767498
10
33.60553477
20
22.36689523
10
33.60324453
20
22.36587485
10
33.60109767
20
22.36461164
10
33.59909199
20
22.3631034
10
33.59722531
20
22.36134794
10
33.59549541
20
22.35934306
10
33.5939001
20
22.35708656
10
33.5924372
20
22.35457624
10
33.59110449
20
22.35180992
10
33.58989979
20
22.34878539
10
33.5888209
20
22.34550046
10
33.58786562
20
22.34195293
10
33.58703176
20
22.3381406
10
33.58631711
20
22.33406128
10
33.59138299
20
22.33329267
10
33.59637031
20
22.3323013
10
33.60127369
20
22.33109265
10
33.60608771
20
22.32967222
10
33.61080699
20
22.32804548
10
33.61542614
20
22.32621793
10
33.61993975
20
22.32419505
10
33.62434244
20
22.32198233
10
33.62862881
20
22.31958525
10
33.63279346
20
22.31700931
10
33.636831
20
22.31425998
10
33.64073604
20
22.31134277
10
33.64450317
20
22.30826314
10
33.64812701
20
22.3050266
10
33.65160216
20
22.30163862
10
33.65492322
20
22.2981047
10
33.65808481
20
22.29443032
10
33.66108152
20
22.29062097
10
33.66390796
20
22.28668213
10
33.66655873
20
22.28261929
10
33.66902845
20
22.27843794
10
33.67131171
20
22.27414356
10
33.67340312
20
22.26974165
10
33.67529729
20
22.26523769
10
33.67698882
20
22.26063716
10
33.67847231
20
22.25594555
10
33.67974238
20
22.25116836
10
33.68079362
20
22.24631106
10
33.68162064
20
22.24137914
10
33.68221806
20
22.23637809
10
33.68258046
20
22.2313134
10
33.68270246
20
22.22619056
10
33.68255589
20
22.22056187
10
33.682121
20
22.2150101
10
33.68140501
20
22.20954191
10
33.68041515
20
22.20416399
10
33.67915865
20
22.19888301
10
33.67764272
20
22.19370564
10
33.67587459
20
22.18863856
10
33.67386149
20
22.18368844
10
33.67161065
20
22.17886195
10
33.66912928
20
22.17416578
10
33.66642461
20
22.16960658
10
33.66350386
20
22.16519105
10
33.66037427
20
22.16092584
10
33.65704306
20
22.15681764
10
33.65351744
20
22.15287313
10
33.64980465
20
22.14909896
10
33.64591192
20
22.14550183
10
33.64184645
20
22.1420884
10
33.63761549
20
22.13886534
10
33.63322625
20
22.13583934
10
33.62868596
20
22.13301706
10
33.62400184
20
22.13040518
10
33.61918113
20
22.12801038
10
33.61423103
20
22.12583932
10
33.60915879
20
22.12389869
10
33.60397162
20
22.12219516
10
33.59867674
20
22.12073539
10
33.59328139
20
22.11952607
10
33.58779279
20
22.11857387
10
33.58221816
20
22.11788547
10
33.57656473
20
22.11746753
10
33.57083972
20
22.11732673
10
33.56627553
20
22.11740829
10
33.56176175
20
22.11765151
10
33.55730204
20
22.1180542
10
33.55290007
20
22.11861416
10
33.54855951
20
22.11932922
10
33.54428402
20
22.12019717
10
33.54007728
20
22.12121582
10
33.53594296
20
22.12238299
10
33.53188472
20
22.12369648
10
33.52790623
20
22.12515411
10
33.52401117
20
22.12675368
10
33.52020319
20
22.128493
10
33.51648596
20
22.13036988
10
33.51286317
20
22.13238214
10
33.50933846
20
22.13452757
10
33.50591552
20
22.13680399
10
33.50399646
20
22.13481526
10
33.50236461
20
22.13260449
10
33.50102569
20
22.13018332
10
33.4999854
20
22.12756338
10
33.49924944
20
22.12475632
10
33.49882351
20
22.12177377
10
33.49871333
20
22.11862737
10
33.49892459
20
22.11532876
10
33.49938184
20
22.11283348
10
33.50009257
20
22.11049344
10
33.5010484
20
22.10830223
10
33.50224091
20
22.10625342
10
33.50366171
20
22.10434058
10
33.5053024
20
22.10255729
10
33.50715457
20
22.10089713
10
33.50920982
20
22.09935368
10
33.51145975
20
22.0979205
10
33.51389596
20
22.09659118
10
33.51651005
20
22.0953593
10
33.51929362
20
22.09421842
10
33.52533558
20
22.09218399
10
33.53195463
20
22.09043651
10
33.53908356
20
22.08892459
10
33.54665516
20
22.08759684
10
33.56285753
20
22.08528827
10
33.58002405
20
22.08309967
10
33.59761702
20
22.08061993
10
33.60640541
20
22.0791424
10
33.61509877
20
22.07743792
10
33.62362991
20
22.07545508
10
33.63193161
20
22.0731425
10
33.63993666
20
22.07044879
10
33.64757785
20
22.06732256
10
33.65124099
20
22.06558119
10
33.65478796
20
22.06371242
10
33.65821036
20
22.06170982
10
33.66149979
20
22.05956698
10
33.66464785
20
22.05727746
10
33.66764613
20
22.05483484
10
33.67048624
20
22.0522327
10
33.67315976
20
22.04946461
10
33.67565831
20
22.04652416
10
33.67797348
20
22.04340491
10
33.68009687
20
22.04010045
10
33.68202007
20
22.03660435
10
33.68373469
20
22.03291018
10
33.68523233
20
22.02901153
10
33.68650457
20
22.02490196
10
33.68754303
20
22.02057506
10
33.6883393
20
22.0160244
10
33.68888498
20
22.01124355
10
33.68917166
20
22.0062261
10
33.68919095
20
22.00096562
10
33.68883325
20
21.99322352
10
33.68810672
20
21.9857503
10
33.68697042
20
21.97858112
10
33.68538343
20
21.9717512
10
33.68440812
20
21.96847445
10
33.68330479
20
21.96529571
10
33.68206831
20
21.96221938
10
33.68069357
20
21.95924985
10
33.67917545
20
21.95639152
10
33.67750883
20
21.95364879
10
33.6756886
20
21.95102607
10
33.67370963
20
21.94852775
10
33.67244993
20
21.95408567
10
33.67096963
20
21.95934187
10
33.66927638
20
21.96430553
10
33.66737782
20
21.96898582
10
33.66528161
20
21.97339193
10
33.66299539
20
21.97753303
10
33.66052681
20
21.98141831
10
33.65788351
20
21.98505693
10
33.65507314
20
21.98845808
10
33.65210335
20
21.99163094
10
33.64898179
20
21.99458468
10
33.64571609
20
21.99732849
10
33.64231391
20
21.99987153
10
33.6387829
20
22.002223
10
33.6351307
20
22.00439206
10
33.63136496
20
22.00638791
10
33.62749332
20
22.0082197
10
33.62352344
20
22.00989663
10
33.61946295
20
22.01142787
10
33.61531951
20
22.0128226
10
33.60681435
20
22.01523923
10
33.59806913
20
22.01721997
10
33.58914503
20
22.01883823
10
33.58010322
20
22.02016745
10
33.57100487
20
22.02128104
10
33.56191117
20
22.02225243
10
33.54398237
20
22.02406234
10
33.53526963
20
22.02504771
10
33.52680623
20
22.02618458
10
33.51865333
20
22.0275464
10
33.51087212
20
22.02920658
10
33.50352377
20
22.03123855
10
33.50003104
20
22.0324169
10
33.49666945
20
22.03371573
10
33.49344667
20
22.03514423
10
33.49037034
20
22.03671156
10
33.48744811
20
22.03842691
10
33.48468761
20
22.04029946
10
33.48209651
20
22.04233838
10
33.47968244
20
22.04455286
10
33.47745305
20
22.04695206
10
33.475416
20
22.04954518
10
33.47357892
20
22.05234138
10
33.47194946
20
22.05534984
10
33.47053527
20
22.05857976
10
33.469344
20
22.06204029
10
33.46838329
20
22.06574062
10
33.46766079
20
22.06968994
10
33.46718414
20
22.07389741
10
33.466961
20
22.07837221
10
33.46692951
20
22.08400649
10
33.46719867
20
22.08948283
10
33.46775311
20
22.09479538
10
33.46857749
20
22.09993828
10
33.46965642
20
22.10490566
10
33.47097455
20
22.10969168
10
33.47251651
20
22.11429047
10
33.47426694
20
22.11869617
10
33.47621048
20
22.12290292
10
33.47833175
20
22.12690486
10
33.48061541
20
22.13069614
10
33.48304608
20
22.1342709
10
33.4856084
20
22.13762326
10
33.48828701
20
22.14074739
10
33.49106654
20
22.14363741
97
0
75
0
76
1
98
0
0
HATCH
5
2AF
330
104
100
AcDbEntity
8
E-ANNO-TTLB
100
AcDbHatch
10
0
20
0
30
0
210
0
220
0
230
1
2
SOLID
70
1
71
0
91
1
92
2
72
0
73
1
93
89
10
33.78207534
20
22.43394092
10
33.78207534
20
22.30309943
10
33.78522946
20
22.30691521
10
33.78850856
20
22.31049531
10
33.791909
20
22.31383828
10
33.79542713
20
22.31694268
10
33.79905932
20
22.31980705
10
33.80280192
20
22.32242995
10
33.8066513
20
22.32480993
10
33.81060381
20
22.32694553
10
33.81465582
20
22.32883531
10
33.81880369
20
22.33047782
10
33.82304378
20
22.33187162
10
33.82737244
20
22.33301524
10
33.83178604
20
22.33390725
10
33.83628094
20
22.3345462
10
33.8408535
20
22.33493063
10
33.84550008
20
22.33505909
10
33.84999418
20
22.33493685
10
33.85439161
20
22.33457274
10
33.85868935
20
22.3339707
10
33.86288438
20
22.33313465
10
33.8669737
20
22.33206854
10
33.87095428
20
22.33077629
10
33.8748231
20
22.32926183
10
33.87857716
20
22.32752911
10
33.88221342
20
22.32558204
10
33.88572888
20
22.32342457
10
33.88912053
20
22.32106062
10
33.89238533
20
22.31849412
10
33.89552028
20
22.31572902
10
33.89852236
20
22.31276924
10
33.90138856
20
22.30961871
10
33.90411585
20
22.30628136
10
33.90670122
20
22.30276114
10
33.90914166
20
22.29906196
10
33.91143414
20
22.29518777
10
33.91357565
20
22.29114249
10
33.91556318
20
22.28693005
10
33.91739371
20
22.2825544
10
33.91906421
20
22.27801946
10
33.92057168
20
22.27332916
10
33.9219131
20
22.26848743
10
33.92308545
20
22.26349822
10
33.92408571
20
22.25836544
10
33.92491088
20
22.25309304
10
33.92555792
20
22.24768494
10
33.92602383
20
22.24214508
10
33.92630559
20
22.23647738
10
33.92640018
20
22.23068579
10
33.92640018
20
22.07038112
10
33.86947179
20
22.07038112
10
33.86947179
20
22.25565845
10
33.86933776
20
22.26328876
10
33.86893812
20
22.27044812
10
33.86827653
20
22.2771336
10
33.86735667
20
22.28334225
10
33.8661822
20
22.28907112
10
33.8647568
20
22.29431728
10
33.86308412
20
22.29907778
10
33.86116785
20
22.30334967
10
33.85901164
20
22.30713001
10
33.85661916
20
22.31041585
10
33.85399409
20
22.31320426
10
33.8511401
20
22.31549229
10
33.84806084
20
22.31727699
10
33.84475999
20
22.31855542
10
33.84124122
20
22.31932464
10
33.8375082
20
22.3195817
10
33.83534483
20
22.31950207
10
33.8331654
20
22.31926662
10
33.82877591
20
22.31834871
10
33.82437483
20
22.31686894
10
33.81999726
20
22.31486829
10
33.81567829
20
22.31238772
10
33.81145302
20
22.30946822
10
33.80735655
20
22.30615075
10
33.80342398
20
22.30247629
10
33.7996904
20
22.29848582
10
33.7961909
20
22.2942203
10
33.7929606
20
22.28972071
10
33.79003459
20
22.28502804
10
33.78744796
20
22.28018324
10
33.78523581
20
22.27522729
10
33.78343323
20
22.27020117
10
33.78207534
20
22.26514586
10
33.78207534
20
22.07038112
10
33.72514695
20
22.07038112
10
33.72514695
20
22.43394092
97
0
75
0
76
1
98
0
0
HATCH
5
2B0
330
104
100
AcDbEntity
8
E-ANNO-TTLB
100
AcDbHatch
10
0
20
0
30
0
210
0
220
0
230
1
2
SOLID
70
1
71
0
91
1
92
2
72
0
73
1
93
82
10
34.06672908
20
22.08136878
10
34.06672908
20
22.07187744
10
34.06273314
20
22.07187744
10
34.05813555
20
22.07196641
10
34.05361559
20
22.07223217
10
34.04917773
20
22.07267297
10
34.04482645
20
22.07328707
10
34.04056623
20
22.07407274
10
34.03640156
20
22.07502822
10
34.03233692
20
22.0761518
10
34.02837678
20
22.07744171
10
34.02452564
20
22.07889623
10
34.02078797
20
22.08051362
10
34.01716825
20
22.08229212
10
34.01367096
20
22.08423001
10
34.01030059
20
22.08632554
10
34.00706162
20
22.08857697
10
34.00395852
20
22.09098257
10
34.00099578
20
22.09354059
10
33.99817789
20
22.09624929
10
33.99550931
20
22.09910694
10
33.99299454
20
22.10211179
10
33.99063805
20
22.10526209
10
33.98844433
20
22.10855613
10
33.98641786
20
22.11199214
10
33.98456312
20
22.1155684
10
33.98288458
20
22.11928316
10
33.98138674
20
22.12313468
10
33.98007407
20
22.12712122
10
33.97895106
20
22.13124104
10
33.97802218
20
22.13549241
10
33.97729191
20
22.13987358
10
33.97676475
20
22.14438281
10
33.97644516
20
22.14901836
10
33.97633764
20
22.15377849
10
33.97633764
20
22.31358857
10
33.95236986
20
22.31358857
10
33.95236986
20
22.33006691
10
33.97633764
20
22.33006691
10
33.97633764
20
22.37101548
10
33.98100827
20
22.37172001
10
33.98563202
20
22.37288328
10
33.99017378
20
22.37448405
10
33.99459843
20
22.37650112
10
33.99887087
20
22.37891326
10
34.00295599
20
22.38169923
10
34.00681867
20
22.38483783
10
34.01042382
20
22.38830782
10
34.01373632
20
22.39208799
10
34.01672107
20
22.39615711
10
34.01934294
20
22.40049396
10
34.02156685
20
22.40507731
10
34.02335766
20
22.40988595
10
34.02468029
20
22.41489864
10
34.02549961
20
22.42009417
10
34.02578052
20
22.42545131
10
34.03326996
20
22.42545131
10
34.03326996
20
22.33006691
10
34.0732215
20
22.33006691
10
34.0732215
20
22.31358857
10
34.03326996
20
22.31358857
10
34.03326996
20
22.14828702
10
34.03341726
20
22.13898024
10
34.03366173
20
22.13380971
10
34.03407372
20
22.12842122
10
34.03469347
20
22.12290983
10
34.03556121
20
22.11737064
10
34.03671717
20
22.11189874
10
34.03820159
20
22.10658922
10
34.04005469
20
22.10153715
10
34.0423167
20
22.09683762
10
34.04361363
20
22.09464978
10
34.04502787
20
22.09258573
10
34.04656446
20
22.09065736
10
34.04822842
20
22.08887656
10
34.05002478
20
22.0872552
10
34.05195858
20
22.08580519
10
34.05403484
20
22.08453839
10
34.05625859
20
22.08346671
10
34.05863486
20
22.08260202
10
34.06116868
20
22.08195621
10
34.06386507
20
22.08154117
97
0
75
0
76
1
98
0
0
HATCH
5
2B1
330
104
100
AcDbEntity
8
E-ANNO-TTLB
100
AcDbHatch
10
0
20
0
30
0
210
0
220
0
230
1
2
SOLID
70
1
71
0
91
1
92
2
72
0
73
1
93
104
10
34.22752637
20
22.3300677
10
34.2322006
20
22.32994589
10
34.23666332
20
22.32958484
10
34.2409021
20
22.32899116
10
34.24490452
20
22.32817142
10
34.24865815
20
22.32713222
10
34.25215057
20
22.32588014
10
34.25536935
20
22.32442178
10
34.25830207
20
22.32276373
10
34.26093629
20
22.32091257
10
34.2632596
20
22.31887489
10
34.26525957
20
22.31665729
10
34.26692377
20
22.31426635
10
34.26823978
20
22.31170866
10
34.26919517
20
22.30899081
10
34.26977751
20
22.3061194
10
34.26997439
20
22.303101
10
34.27312852
20
22.30691613
10
34.27640762
20
22.31049575
10
34.27980805
20
22.31383839
10
34.28332618
20
22.31694259
10
34.28695837
20
22.31980688
10
34.29070097
20
22.32242979
10
34.29455035
20
22.32480987
10
34.29850286
20
22.32694563
10
34.30255487
20
22.32883561
10
34.30670274
20
22.33047836
10
34.31094283
20
22.3318724
10
34.31527149
20
22.33301626
10
34.31968509
20
22.33390849
10
34.32417999
20
22.33454761
10
34.32875255
20
22.33493215
10
34.33339913
20
22.33506066
10
34.33789323
20
22.33493842
10
34.34229066
20
22.33457431
10
34.3465884
20
22.33397226
10
34.35078344
20
22.33313621
10
34.35487275
20
22.33207009
10
34.35885333
20
22.33077783
10
34.36272215
20
22.32926336
10
34.36647621
20
22.32753062
10
34.37011247
20
22.32558352
10
34.37362794
20
22.32342602
10
34.37701958
20
22.32106203
10
34.38028438
20
22.31849549
10
34.38341933
20
22.31573033
10
34.38642142
20
22.31277048
10
34.38928761
20
22.30961987
10
34.3920149
20
22.30628244
10
34.39460027
20
22.30276212
10
34.39704071
20
22.29906283
10
34.39933319
20
22.29518851
10
34.40147471
20
22.2911431
10
34.40346223
20
22.28693051
10
34.40529276
20
22.28255469
10
34.40696326
20
22.27801957
10
34.40847074
20
22.27332907
10
34.40981215
20
22.26848713
10
34.4109845
20
22.26349768
10
34.41198477
20
22.25836465
10
34.41280993
20
22.25309198
10
34.41345697
20
22.24768359
10
34.41392288
20
22.24214341
10
34.41420464
20
22.23647538
10
34.41429923
20
22.23068344
10
34.41429923
20
22.07037877
10
34.35737084
20
22.07037877
10
34.35737084
20
22.25416056
10
34.35723681
20
22.26161528
10
34.35683717
20
22.2686208
10
34.35617558
20
22.27517274
10
34.35525572
20
22.28126673
10
34.35408126
20
22.28689838
10
34.35265585
20
22.2920633
10
34.35098318
20
22.29675712
10
34.3490669
20
22.30097546
10
34.34691069
20
22.30471393
10
34.34451822
20
22.30796815
10
34.34189315
20
22.31073375
10
34.33903915
20
22.31300633
10
34.33595989
20
22.31478152
10
34.33265904
20
22.31605494
10
34.32914027
20
22.31682221
10
34.32540725
20
22.31707894
10
34.32324423
20
22.31700075
10
34.3210651
20
22.3167695
10
34.31667609
20
22.31586755
10
34.31227534
20
22.31441258
10
34.30789797
20
22.3124441
10
34.30357908
20
22.31000161
10
34.2993538
20
22.30712464
10
34.29525723
20
22.30385268
10
34.2913245
20
22.30022524
10
34.28759072
20
22.29628183
10
34.28409099
20
22.29206196
10
34.28086045
20
22.28760513
10
34.27793419
20
22.28295086
10
34.27534734
20
22.27813865
10
34.27313502
20
22.27320801
10
34.27133233
20
22.26819844
10
34.26997439
20
22.26314946
10
34.26997439
20
22.07037877
10
34.213046
20
22.07037877
10
34.213046
20
22.3300677
97
0
75
0
76
1
98
0
0
HATCH
5
2B2
330
104
100
AcDbEntity
8
E-ANNO-TTLB
100
AcDbHatch
10
0
20
0
30
0
210
0
220
0
230
1
2
SOLID
70
1
71
0
91
2
92
2
72
0
73
1
93
92
10
34.55262977
20
22.31708051
10
34.55013711
20
22.31696579
10
34.54771687
20
22.31662504
10
34.54537124
20
22.31606338
10
34.54310241
20
22.31528594
10
34.54091258
20
22.31429782
10
34.53880395
20
22.31310416
10
34.5367787
20
22.31171007
10
34.53483903
20
22.31012067
10
34.53298714
20
22.30834108
10
34.53122523
20
22.30637642
10
34.52955549
20
22.3042318
10
34.5279801
20
22.30191236
10
34.52650128
20
22.2994232
10
34.52512121
20
22.29676945
10
34.52384209
20
22.29395623
10
34.52266611
20
22.29098865
10
34.52063237
20
22.28461092
10
34.51903754
20
22.27767721
10
34.51789919
20
22.27022848
10
34.51723487
20
22.26230568
10
34.51706215
20
22.25394978
10
34.51739858
20
22.24520173
10
34.51826173
20
22.23610248
10
34.51966916
20
22.22669299
10
34.5215833
20
22.21727722
10
34.52393344
20
22.20816154
10
34.52668739
20
22.19938838
10
34.52981295
20
22.19100014
10
34.53327794
20
22.18303924
10
34.53705018
20
22.17554808
10
34.54109747
20
22.16856908
10
34.54538762
20
22.16214464
10
34.54988845
20
22.15631719
10
34.55456777
20
22.15112913
10
34.5569643
20
22.14878813
10
34.55939339
20
22.14662287
10
34.561851
20
22.14463868
10
34.56433312
20
22.14284083
10
34.56683572
20
22.14123465
10
34.56935478
20
22.13982542
10
34.57188628
20
22.13861845
10
34.57442618
20
22.13761904
10
34.57697047
20
22.13683249
10
34.57951512
20
22.13626411
10
34.58205612
20
22.13591919
10
34.58458943
20
22.13580304
10
34.58712773
20
22.13591919
10
34.58959076
20
22.13626411
10
34.59197643
20
22.13683249
10
34.59428262
20
22.13761904
10
34.59650723
20
22.13861845
10
34.59864817
20
22.13982542
10
34.60070331
20
22.14123465
10
34.60267057
20
22.14284083
10
34.60454784
20
22.14463868
10
34.60633302
20
22.14662287
10
34.60802399
20
22.14878813
10
34.60961866
20
22.15112913
10
34.61111492
20
22.15364059
10
34.61251067
20
22.15631719
10
34.61380381
20
22.15915364
10
34.61499223
20
22.16214464
10
34.61704649
20
22.16856908
10
34.61865664
20
22.17554808
10
34.61980584
20
22.18303924
10
34.62047726
20
22.19100014
10
34.62065407
20
22.19938838
10
34.62031944
20
22.20816154
10
34.61945654
20
22.21727722
10
34.61804855
20
22.22669299
10
34.61613428
20
22.23610248
10
34.61378329
20
22.24520173
10
34.61102703
20
22.25394978
10
34.60789697
20
22.26230568
10
34.60442455
20
22.27022848
10
34.60064124
20
22.27767721
10
34.5965785
20
22.28461092
10
34.59226778
20
22.29098865
10
34.58774053
20
22.29676945
10
34.58302823
20
22.30191236
10
34.58061251
20
22.3042318
10
34.57816233
20
22.30637642
10
34.5756816
20
22.30834108
10
34.57317427
20
22.31012067
10
34.57064427
20
22.31171007
10
34.56809553
20
22.31310416
10
34.56553199
20
22.31429782
10
34.56295757
20
22.31528594
10
34.5603762
20
22.31606338
10
34.55779182
20
22.31662504
10
34.55520837
20
22.31696579
97
0
92
2
72
0
73
1
93
316
10
34.49220395
20
22.14628748
10
34.48817894
20
22.15004898
10
34.48434994
20
22.15402268
10
34.48072573
20
22.15819831
10
34.4773151
20
22.16256563
10
34.47412683
20
22.16711437
10
34.4711697
20
22.17183427
10
34.46845251
20
22.17671507
10
34.46598403
20
22.18174653
10
34.46377306
20
22.18691837
10
34.46182838
20
22.19222035
10
34.46015878
20
22.1976422
10
34.45877304
20
22.20317367
10
34.45767995
20
22.2088045
10
34.45688829
20
22.21452443
10
34.45640685
20
22.2203232
10
34.45624442
20
22.22619056
10
34.45638232
20
22.23158969
10
34.45679164
20
22.23692127
10
34.45746578
20
22.24217916
10
34.45839816
20
22.24735724
10
34.4595822
20
22.25244937
10
34.46101131
20
22.25744942
10
34.46267891
20
22.26235128
10
34.46457841
20
22.26714881
10
34.46670323
20
22.27183588
10
34.46904678
20
22.27640637
10
34.47160247
20
22.28085415
10
34.47436373
20
22.28517308
10
34.47732396
20
22.28935705
10
34.48047659
20
22.29339992
10
34.48381502
20
22.29729557
10
34.48733267
20
22.30103787
10
34.49102296
20
22.30462069
10
34.49487929
20
22.3080379
10
34.4988951
20
22.31128337
10
34.50306378
20
22.31435098
10
34.50737876
20
22.31723459
10
34.51183345
20
22.31992809
10
34.51642127
20
22.32242534
10
34.52113562
20
22.32472021
10
34.52596993
20
22.32680658
10
34.53091761
20
22.32867832
10
34.53597207
20
22.3303293
10
34.54112674
20
22.33175339
10
34.54637502
20
22.33294446
10
34.55171033
20
22.33389639
10
34.55712608
20
22.33460305
10
34.56261569
20
22.33505831
10
34.56391277
20
22.34038217
10
34.56554702
20
22.3454813
10
34.56750455
20
22.3503418
10
34.56977148
20
22.3549498
10
34.57233391
20
22.35929142
10
34.57517795
20
22.36335278
10
34.5782897
20
22.36711999
10
34.58165528
20
22.37057918
10
34.58526079
20
22.37371647
10
34.58909234
20
22.37651797
10
34.59313604
20
22.3789698
10
34.597378
20
22.38105809
10
34.60180433
20
22.38276896
10
34.60640113
20
22.38408852
10
34.61115451
20
22.3850029
10
34.61605058
20
22.3854982
10
34.62455259
20
22.38562181
10
34.63246931
20
22.38526532
10
34.63982409
20
22.38446384
10
34.64664032
20
22.38325245
10
34.65294135
20
22.38166626
10
34.65875055
20
22.37974036
10
34.6640913
20
22.37750986
10
34.66898696
20
22.37500985
10
34.66898696
20
22.3315648
10
34.66710207
20
22.33554011
10
34.6648397
20
22.33939918
10
34.66223206
20
22.34311933
10
34.65931132
20
22.34667788
10
34.65610968
20
22.35005216
10
34.65265935
20
22.35321949
10
34.64899251
20
22.35615719
10
34.64514135
20
22.35884258
10
34.64113807
20
22.36125299
10
34.63701487
20
22.36336574
10
34.63280393
20
22.36515814
10
34.62853746
20
22.36660753
10
34.62424764
20
22.36769122
10
34.61996667
20
22.36838654
10
34.61572674
20
22.36867081
10
34.61156005
20
22.36852135
10
34.6088265
20
22.36821628
10
34.60624291
20
22.36767498
10
34.60380709
20
22.36689523
10
34.60151685
20
22.36587485
10
34.59936999
20
22.36461164
10
34.59736431
20
22.3631034
10
34.59549762
20
22.36134794
10
34.59376772
20
22.35934306
10
34.59217242
20
22.35708656
10
34.59070951
20
22.35457624
10
34.58937681
20
22.35180992
10
34.58817211
20
22.34878539
10
34.58709322
20
22.34550046
10
34.58613794
20
22.34195293
10
34.58530407
20
22.3381406
10
34.58458943
20
22.33406128
10
34.58965531
20
22.33329267
10
34.59464263
20
22.3323013
10
34.599546
20
22.33109265
10
34.60436003
20
22.32967222
10
34.60907931
20
22.32804548
10
34.61369845
20
22.32621793
10
34.61821207
20
22.32419505
10
34.62261476
20
22.32198233
10
34.62690113
20
22.31958525
10
34.63106578
20
22.31700931
10
34.63510332
20
22.31425998
10
34.63900835
20
22.31134277
10
34.64277549
20
22.30826314
10
34.64639933
20
22.3050266
10
34.64987448
20
22.30163862
10
34.65319554
20
22.2981047
10
34.65635713
20
22.29443032
10
34.65935383
20
22.29062097
10
34.66218027
20
22.28668213
10
34.66483105
20
22.28261929
10
34.66730076
20
22.27843794
10
34.66958403
20
22.27414356
10
34.67167544
20
22.26974165
10
34.6735696
20
22.26523769
10
34.67526113
20
22.26063716
10
34.67674463
20
22.25594555
10
34.67801469
20
22.25116836
10
34.67906594
20
22.24631106
10
34.67989296
20
22.24137914
10
34.68049037
20
22.23637809
10
34.68085278
20
22.2313134
10
34.68097478
20
22.22619056
10
34.68082821
20
22.22056187
10
34.68039332
20
22.2150101
10
34.67967733
20
22.20954191
10
34.67868746
20
22.20416399
10
34.67743095
20
22.19888301
10
34.67591501
20
22.19370564
10
34.67414687
20
22.18863856
10
34.67213375
20
22.18368844
10
34.66988288
20
22.17886195
10
34.66740147
20
22.17416578
10
34.66469676
20
22.16960658
10
34.66177597
20
22.16519105
10
34.65864633
20
22.16092584
10
34.65531505
20
22.15681764
10
34.65178936
20
22.15287313
10
34.64807648
20
22.14909896
10
34.64418364
20
22.14550183
10
34.64011807
20
22.1420884
10
34.63588698
20
22.13886534
10
34.63149761
20
22.13583934
10
34.62695717
20
22.13301706
10
34.62227288
20
22.13040518
10
34.61745199
20
22.12801038
10
34.61250169
20
22.12583932
10
34.60742923
20
22.12389869
10
34.60224183
20
22.12219516
10
34.5969467
20
22.12073539
10
34.59155108
20
22.11952607
10
34.58606219
20
22.11857387
10
34.58048724
20
22.11788547
10
34.57483348
20
22.11746753
10
34.56910811
20
22.11732673
10
34.56454461
20
22.11740829
10
34.56003143
20
22.11765151
10
34.55557225
20
22.1180542
10
34.55117073
20
22.11861416
10
34.54683055
20
22.11932922
10
34.54255538
20
22.12019717
10
34.5383489
20
22.12121582
10
34.53421479
20
22.12238299
10
34.53015671
20
22.12369648
10
34.52617834
20
22.12515411
10
34.52228336
20
22.12675368
10
34.51847544
20
22.128493
10
34.51475826
20
22.13036988
10
34.51113548
20
22.13238214
10
34.50761078
20
22.13452757
10
34.50418784
20
22.13680399
10
34.50226877
20
22.13481526
10
34.50063693
20
22.13260449
10
34.49929801
20
22.13018332
10
34.49825772
20
22.12756338
10
34.49752176
20
22.12475632
10
34.49709583
20
22.12177377
10
34.49698565
20
22.11862737
10
34.49719691
20
22.11532876
10
34.49765415
20
22.11283348
10
34.49836489
20
22.11049344
10
34.49932072
20
22.10830223
10
34.50051323
20
22.10625342
10
34.50193403
20
22.10434058
10
34.50357471
20
22.10255729
10
34.50542688
20
22.10089713
10
34.50748213
20
22.09935368
10
34.50973207
20
22.0979205
10
34.51216828
20
22.09659118
10
34.51478237
20
22.0953593
10
34.51756593
20
22.09421842
10
34.52360789
20
22.09218399
10
34.53022695
20
22.09043651
10
34.53735588
20
22.08892459
10
34.54492748
20
22.08759684
10
34.56112985
20
22.08528827
10
34.57829636
20
22.08309967
10
34.59588934
20
22.08061993
10
34.60467772
20
22.0791424
10
34.61337109
20
22.07743792
10
34.62190223
20
22.07545508
10
34.63020393
20
22.0731425
10
34.63820898
20
22.07044879
10
34.64585016
20
22.06732256
10
34.6495133
20
22.06558119
10
34.65306028
20
22.06371242
10
34.65648268
20
22.06170982
10
34.65977211
20
22.05956698
10
34.66292017
20
22.05727746
10
34.66591845
20
22.05483484
10
34.66875855
20
22.0522327
10
34.67143208
20
22.04946461
10
34.67393063
20
22.04652416
10
34.6762458
20
22.04340491
10
34.67836919
20
22.04010045
10
34.68029239
20
22.03660435
10
34.68200701
20
22.03291018
10
34.68350464
20
22.02901153
10
34.68477689
20
22.02490196
10
34.68581535
20
22.02057506
10
34.68661162
20
22.0160244
10
34.68715729
20
22.01124355
10
34.68744398
20
22.0062261
10
34.68746327
20
22.00096562
10
34.68710556
20
21.99322352
10
34.68637903
20
21.9857503
10
34.68524274
20
21.97858112
10
34.68365574
20
21.9717512
10
34.68268044
20
21.96847445
10
34.68157711
20
21.96529571
10
34.68034063
20
21.96221938
10
34.67896589
20
21.95924985
10
34.67744777
20
21.95639152
10
34.67578115
20
21.95364879
10
34.67396092
20
21.95102607
10
34.67198195
20
21.94852775
10
34.67072207
20
21.95408567
10
34.6692416
20
21.95934187
10
34.66754819
20
21.96430553
10
34.66564949
20
21.96898582
10
34.66355315
20
21.97339193
10
34.6612668
20
21.97753303
10
34.6587981
20
21.98141831
10
34.6561547
20
21.98505693
10
34.65334424
20
21.98845808
10
34.65037436
20
21.99163094
10
34.64725271
20
21.99458468
10
34.64398695
20
21.99732849
10
34.64058471
20
21.99987153
10
34.63705365
20
22.002223
10
34.6334014
20
22.00439206
10
34.62963562
20
22.00638791
10
34.62576395
20
22.0082197
10
34.62179404
20
22.00989663
10
34.61773354
20
22.01142787
10
34.61359008
20
22.0128226
10
34.60508492
20
22.01523923
10
34.59633972
20
22.01721997
10
34.58741566
20
22.01883823
10
34.5783739
20
22.02016745
10
34.56927563
20
22.02128104
10
34.56018201
20
22.02225243
10
34.54225342
20
22.02406234
10
34.5335408
20
22.02504771
10
34.52507751
20
22.02618458
10
34.51692474
20
22.0275464
10
34.50914365
20
22.02920658
10
34.50179542
20
22.03123855
10
34.49830274
20
22.0324169
10
34.49494122
20
22.03371573
10
34.4917185
20
22.03514423
10
34.48864222
20
22.03671156
10
34.48572004
20
22.03842691
10
34.48295959
20
22.04029946
10
34.48036854
20
22.04233838
10
34.47795451
20
22.04455286
10
34.47572517
20
22.04695206
10
34.47368815
20
22.04954518
10
34.47185111
20
22.05234138
10
34.47022168
20
22.05534984
10
34.46880752
20
22.05857976
10
34.46761627
20
22.06204029
10
34.46665558
20
22.06574062
10
34.46593309
20
22.06968994
10
34.46545646
20
22.07389741
10
34.46523332
20
22.07837221
10
34.46520183
20
22.08400649
10
34.46547098
20
22.08948283
10
34.46602543
20
22.09479538
10
34.4668498
20
22.09993828
10
34.46792873
20
22.10490566
10
34.46924686
20
22.10969168
10
34.47078882
20
22.11429047
10
34.47253926
20
22.11869617
10
34.47448279
20
22.12290292
10
34.47660407
20
22.12690486
10
34.47888773
20
22.13069614
10
34.4813184
20
22.1342709
10
34.48388072
20
22.13762326
10
34.48655933
20
22.14074739
10
34.48933886
20
22.14363741
97
0
75
0
76
1
98
0
0
HATCH
5
2B3
330
104
100
AcDbEntity
8
E-ANNO-TTLB
100
AcDbHatch
10
0
20
0
30
0
210
0
220
0
230
1
2
SOLID
70
1
71
0
91
1
92
2
72
0
73
1
93
88
10
33.19822429
20
22.87714629
10
33.19822429
20
22.61741418
10
33.14139011
20
22.61741418
10
33.14139011
20
22.64435733
10
33.13742189
20
22.63963344
10
33.13323435
20
22.63530514
10
33.1288422
20
22.63141475
10
33.12426017
20
22.6280046
10
33.11925505
20
22.62448697
10
33.11405633
20
22.62141117
10
33.10867499
20
22.61878073
10
33.10312202
20
22.6165992
10
33.09740843
20
22.61487012
10
33.09154519
20
22.61359703
10
33.08554332
20
22.61278348
10
33.0794138
20
22.612433
10
33.07785939
20
22.612433
10
33.0731039
20
22.61257688
10
33.06843674
20
22.61299824
10
33.06388734
20
22.61368161
10
33.05948513
20
22.61461153
10
33.05562375
20
22.61570663
10
33.05186462
20
22.61700234
10
33.04820771
20
22.61849501
10
33.04465296
20
22.62018102
10
33.04120032
20
22.62205673
10
33.03784976
20
22.62411851
10
33.03460123
20
22.62636272
10
33.03145468
20
22.62878573
10
33.02752726
20
22.6322695
10
33.02380688
20
22.63605918
10
33.02029993
20
22.64014679
10
33.01701282
20
22.64452434
10
33.01395194
20
22.64918384
10
33.01112367
20
22.65411731
10
33.00853442
20
22.65931676
10
33.00619057
20
22.66477421
10
33.00409852
20
22.67048166
10
33.00226467
20
22.67643113
10
33.00069541
20
22.68261463
10
32.99939713
20
22.68902418
10
32.99837623
20
22.69565179
10
32.99763909
20
22.70248948
10
32.99719213
20
22.70952925
10
32.99704172
20
22.71676312
10
32.99704172
20
22.87714629
10
33.05387983
20
22.87714629
10
33.05387983
20
22.69184934
10
33.05409021
20
22.68250001
10
33.05471652
20
22.67384817
10
33.0557515
20
22.66590463
10
33.05718786
20
22.6586802
10
33.05901834
20
22.65218569
10
33.06007911
20
22.64921553
10
33.06123569
20
22.64643191
10
33.06248716
20
22.64383617
10
33.06383261
20
22.64142966
10
33.06527115
20
22.63921374
10
33.06680186
20
22.63718976
10
33.06879438
20
22.63500111
10
33.07091832
20
22.63310428
10
33.07317372
20
22.63149927
10
33.07556064
20
22.63018608
10
33.07807912
20
22.6291647
10
33.0807292
20
22.62843515
10
33.08351093
20
22.62799742
10
33.08642436
20
22.62785151
10
33.09055964
20
22.62813824
10
33.09475381
20
22.62897954
10
33.09894797
20
22.63034707
10
33.10308326
20
22.6322125
10
33.10639241
20
22.63398642
10
33.10965306
20
22.63602675
10
33.11284946
20
22.63831524
10
33.11596586
20
22.64083365
10
33.11898651
20
22.64356376
10
33.12189567
20
22.64648732
10
33.12467758
20
22.64958609
10
33.12731649
20
22.65284183
10
33.12979666
20
22.65623631
10
33.13210234
20
22.65975128
10
33.13421778
20
22.66336851
10
33.13612722
20
22.66706976
10
33.13781492
20
22.67083679
10
33.13926514
20
22.67465135
10
33.14046212
20
22.67849522
10
33.14139011
20
22.68235016
10
33.14139011
20
22.87714629
97
0
75
0
76
1
98
0
0
HATCH
5
2B4
330
104
100
AcDbEntity
8
E-ANNO-TTLB
100
AcDbHatch
10
0
20
0
30
0
210
0
220
0
230
1
2
SOLID
70
1
71
0
91
1
92
2
72
0
73
1
93
104
10
33.88742643
20
22.87707525
10
33.89210066
20
22.87695343
10
33.89656338
20
22.87659239
10
33.90080216
20
22.87599871
10
33.90480458
20
22.87517897
10
33.90855821
20
22.87413977
10
33.91205063
20
22.87288769
10
33.91526941
20
22.87142933
10
33.91820212
20
22.86977128
10
33.92083635
20
22.86792011
10
33.92315966
20
22.86588244
10
33.92515963
20
22.86366483
10
33.92682383
20
22.86127389
10
33.92813983
20
22.85871621
10
33.92909522
20
22.85599836
10
33.92967757
20
22.85312694
10
33.92987445
20
22.85010855
10
33.93302857
20
22.85392368
10
33.93630767
20
22.8575033
10
33.93970811
20
22.86084594
10
33.94322624
20
22.86395014
10
33.94685842
20
22.86681443
10
33.95060103
20
22.86943734
10
33.9544504
20
22.87181741
10
33.95840292
20
22.87395317
10
33.96245493
20
22.87584316
10
33.9666028
20
22.87748591
10
33.97084288
20
22.87887995
10
33.97517155
20
22.88002381
10
33.97958515
20
22.88091603
10
33.98408005
20
22.88155515
10
33.98865261
20
22.8819397
10
33.99329918
20
22.88206821
10
33.99779328
20
22.88194596
10
34.00219071
20
22.88158186
10
34.00648846
20
22.88097981
10
34.01068349
20
22.88014377
10
34.01477281
20
22.87907766
10
34.01875339
20
22.87778541
10
34.02262221
20
22.87627095
10
34.02637626
20
22.87453823
10
34.03001253
20
22.87259116
10
34.03352799
20
22.87043368
10
34.03691963
20
22.86806974
10
34.04018444
20
22.86550324
10
34.04331939
20
22.86273814
10
34.04632147
20
22.85977835
10
34.04918767
20
22.85662782
10
34.05191496
20
22.85329048
10
34.05450033
20
22.84977025
10
34.05694077
20
22.84607108
10
34.05923325
20
22.84219688
10
34.06137476
20
22.8381516
10
34.06336229
20
22.83393917
10
34.06519281
20
22.82956352
10
34.06686332
20
22.82502857
10
34.06837079
20
22.82033827
10
34.06971221
20
22.81549655
10
34.07088456
20
22.81050733
10
34.07188482
20
22.80537456
10
34.07270999
20
22.80010215
10
34.07335703
20
22.79469406
10
34.07382294
20
22.78915419
10
34.0741047
20
22.7834865
10
34.07419929
20
22.77769491
10
34.07419929
20
22.61739024
10
34.01727089
20
22.61739024
10
34.01727089
20
22.80116811
10
34.01713686
20
22.80862287
10
34.01673722
20
22.81562852
10
34.01607564
20
22.82218065
10
34.01515578
20
22.82827489
10
34.01398131
20
22.83390683
10
34.01255591
20
22.83907209
10
34.01088323
20
22.84376627
10
34.00896695
20
22.84798497
10
34.00681075
20
22.8517238
10
34.00441827
20
22.85497838
10
34.0017932
20
22.85774431
10
33.9989392
20
22.86001719
10
33.99585995
20
22.86179263
10
33.9925591
20
22.86306625
10
33.98904033
20
22.86383364
10
33.98530731
20
22.86409041
10
33.98314428
20
22.86401223
10
33.98096516
20
22.86378098
10
33.97657615
20
22.86287901
10
33.9721754
20
22.86142402
10
33.96779802
20
22.85945551
10
33.96347914
20
22.85701297
10
33.95925385
20
22.8541359
10
33.95515729
20
22.85086382
10
33.95122456
20
22.84723622
10
33.94749077
20
22.8432926
10
33.94399105
20
22.83907247
10
33.9407605
20
22.83461533
10
33.93783425
20
22.82996068
10
33.9352474
20
22.82514802
10
33.93303507
20
22.82021685
10
33.93123238
20
22.81520668
10
33.92987445
20
22.81015701
10
33.92987445
20
22.61739024
10
33.87294605
20
22.61739024
10
33.87294605
20
22.87707525
97
0
75
0
76
1
98
0
0
HATCH
5
2B5
330
104
100
AcDbEntity
8
E-ANNO-TTLB
100
AcDbHatch
10
0
20
0
30
0
210
0
220
0
230
1
2
SOLID
70
1
71
0
91
2
92
2
72
0
73
1
93
55
10
34.25447776
20
22.75072899
10
34.22451607
20
22.75072899
10
34.22177023
20
22.75063761
10
34.21906019
20
22.75036665
10
34.21638949
20
22.74992085
10
34.2137617
20
22.74930497
10
34.2111804
20
22.74852376
10
34.20864914
20
22.74758199
10
34.20617149
20
22.7464844
10
34.20375101
20
22.74523574
10
34.20139127
20
22.74384078
10
34.19909583
20
22.74230427
10
34.1947121
20
22.73882561
10
34.19062835
20
22.73483779
10
34.18687309
20
22.73037885
10
34.18347483
20
22.72548683
10
34.18046208
20
22.72019975
10
34.17786336
20
22.71455567
10
34.17570719
20
22.7085926
10
34.17402207
20
22.7023486
10
34.17283653
20
22.69586169
10
34.17217906
20
22.68916991
10
34.1720782
20
22.68231129
10
34.17232315
20
22.67702208
10
34.17286421
20
22.67202105
10
34.17369337
20
22.66731553
10
34.17480259
20
22.66291285
10
34.17618386
20
22.65882032
10
34.17782914
20
22.65504525
10
34.17973041
20
22.65159498
10
34.18187964
20
22.64847682
10
34.1842688
20
22.64569809
10
34.18688986
20
22.6432661
10
34.18973481
20
22.64118819
10
34.19279561
20
22.63947167
10
34.19606423
20
22.63812385
10
34.19953265
20
22.63715206
10
34.20319284
20
22.63656362
10
34.20703678
20
22.63636585
10
34.21000558
20
22.63647683
10
34.21308991
20
22.63680879
10
34.2162649
20
22.63736026
10
34.21950569
20
22.63812977
10
34.22278742
20
22.63911585
10
34.22608523
20
22.64031701
10
34.22937426
20
22.6417318
10
34.23262963
20
22.64335874
10
34.2358265
20
22.64519636
10
34.23893999
20
22.64724318
10
34.24194524
20
22.64949773
10
34.24481739
20
22.65195855
10
34.24753159
20
22.65462415
10
34.25006295
20
22.65749307
10
34.25238663
20
22.66056384
10
34.25447776
20
22.66383498
97
0
92
2
72
0
73
1
93
179
10
34.31141008
20
22.61739102
10
34.29692578
20
22.61739102
10
34.29233435
20
22.61752403
10
34.28793309
20
22.61791672
10
34.28373662
20
22.61855958
10
34.2797596
20
22.61944309
10
34.27601664
20
22.62055775
10
34.27252238
20
22.62189405
10
34.26929145
20
22.62344247
10
34.2663385
20
22.62519351
10
34.26367815
20
22.62713765
10
34.26132503
20
22.62926539
10
34.25929378
20
22.63156722
10
34.25759904
20
22.63403361
10
34.25625543
20
22.63665508
10
34.25527759
20
22.63942209
10
34.25468016
20
22.64232515
10
34.25447776
20
22.64535475
10
34.25190012
20
22.64177552
10
34.24904966
20
22.63834766
10
34.24594614
20
22.63508215
10
34.2426093
20
22.63198995
10
34.23905888
20
22.62908205
10
34.23531463
20
22.62636943
10
34.2313963
20
22.62386305
10
34.22732363
20
22.6215739
10
34.22311636
20
22.61951296
10
34.21879425
20
22.61769119
10
34.21437703
20
22.61611958
10
34.20988445
20
22.61480911
10
34.20533626
20
22.61377074
10
34.2007522
20
22.61301546
10
34.19615202
20
22.61255424
10
34.19155546
20
22.61239806
10
34.18286812
20
22.61268214
10
34.17460865
20
22.61352365
10
34.17064508
20
22.6141484
10
34.16679535
20
22.61490648
10
34.16306173
20
22.61579587
10
34.15944652
20
22.61681456
10
34.15595199
20
22.61796053
10
34.15258045
20
22.61923178
10
34.14933417
20
22.62062629
10
34.14621544
20
22.62214205
10
34.14322655
20
22.62377705
10
34.14036979
20
22.62552928
10
34.13764744
20
22.62739672
10
34.13506179
20
22.62937737
10
34.13261513
20
22.63146921
10
34.13030975
20
22.63367023
10
34.12814792
20
22.63597842
10
34.12613194
20
22.63839176
10
34.1242641
20
22.64090825
10
34.12254668
20
22.64352587
10
34.12098197
20
22.64624262
10
34.11957226
20
22.64905647
10
34.11831983
20
22.65196543
10
34.11722697
20
22.65496747
10
34.11629596
20
22.65806058
10
34.11552911
20
22.66124276
10
34.11492868
20
22.66451198
10
34.11449697
20
22.66786625
10
34.11423627
20
22.67130354
10
34.11414886
20
22.67482185
10
34.11427375
20
22.6795639
10
34.11464471
20
22.68423629
10
34.11525614
20
22.68883372
10
34.11610249
20
22.69335088
10
34.11717816
20
22.69778247
10
34.11847759
20
22.70212319
10
34.1199952
20
22.70636773
10
34.1217254
20
22.71051078
10
34.12366262
20
22.71454705
10
34.12580128
20
22.71847122
10
34.12813581
20
22.722278
10
34.13066063
20
22.72596208
10
34.13337016
20
22.72951815
10
34.13625882
20
22.73294091
10
34.13932104
20
22.73622506
10
34.14255124
20
22.7393653
10
34.14594383
20
22.74235631
10
34.14949325
20
22.74519279
10
34.15319392
20
22.74786944
10
34.15704026
20
22.75038096
10
34.16102668
20
22.75272204
10
34.16514762
20
22.75488738
10
34.1693975
20
22.75687166
10
34.17377074
20
22.7586696
10
34.17826175
20
22.76027588
10
34.18286497
20
22.76168519
10
34.18757482
20
22.76289225
10
34.19238572
20
22.76389173
10
34.19729209
20
22.76467834
10
34.20228835
20
22.76524677
10
34.20736893
20
22.76559172
10
34.21252825
20
22.76570788
10
34.25447776
20
22.76570788
10
34.25447776
20
22.79866849
10
34.2542399
20
22.81225474
10
34.25388549
20
22.81866052
10
34.25332336
20
22.82477003
10
34.25251546
20
22.83055474
10
34.25142372
20
22.83598611
10
34.25001011
20
22.84103563
10
34.24823656
20
22.84567474
10
34.24606503
20
22.84987493
10
34.24481812
20
22.85180151
10
34.24345745
20
22.85360766
10
34.24197826
20
22.85528982
10
34.24037578
20
22.85684441
10
34.23864527
20
22.85826787
10
34.23678197
20
22.85955663
10
34.23478112
20
22.86070713
10
34.23263796
20
22.8617158
10
34.23034773
20
22.86257908
10
34.22790569
20
22.86329339
10
34.22530707
20
22.86385518
10
34.22254712
20
22.86426087
10
34.21962108
20
22.8645069
10
34.21652419
20
22.8645897
10
34.21196732
20
22.86428112
10
34.20696487
20
22.86338513
10
34.20159806
20
22.86194635
10
34.1959481
20
22.86000939
10
34.1900962
20
22.85761888
10
34.18412358
20
22.85481943
10
34.17811144
20
22.85165566
10
34.17214101
20
22.8481722
10
34.16629348
20
22.84441367
10
34.16065008
20
22.84042467
10
34.15529201
20
22.83624984
10
34.15030048
20
22.8319338
10
34.14575672
20
22.82752115
10
34.14174192
20
22.82305652
10
34.13833731
20
22.81858453
10
34.1368892
20
22.81635972
10
34.13562409
20
22.81414981
10
34.13562409
20
22.87058361
10
34.14916215
20
22.87392213
10
34.15814044
20
22.87588433
10
34.16827166
20
22.87782331
10
34.17931587
20
22.87957516
10
34.19103315
20
22.88097599
10
34.19706921
20
22.88149355
10
34.20318356
20
22.8818619
10
34.20934621
20
22.88206054
10
34.21552717
20
22.88206899
10
34.22085511
20
22.88191312
10
34.22606829
20
22.88154135
10
34.23116313
20
22.88095725
10
34.23613607
20
22.88016438
10
34.24098354
20
22.87916631
10
34.24570198
20
22.87796661
10
34.25028783
20
22.87656883
10
34.25473751
20
22.87497656
10
34.25904746
20
22.87319334
10
34.26321411
20
22.87122276
10
34.26723391
20
22.86906836
10
34.27110328
20
22.86673373
10
34.27481866
20
22.86422242
10
34.27837648
20
22.861538
10
34.28177318
20
22.85868404
10
34.28500519
20
22.8556641
10
34.28806894
20
22.85248175
10
34.29096088
20
22.84914055
10
34.29367742
20
22.84564407
10
34.29621502
20
22.84199587
10
34.2985701
20
22.83819952
10
34.3007391
20
22.83425859
10
34.30271845
20
22.83017664
10
34.30450459
20
22.82595724
10
34.30609394
20
22.82160396
10
34.30748295
20
22.81712035
10
34.30866805
20
22.81250998
10
34.30964567
20
22.80777642
10
34.31041225
20
22.80292325
10
34.31096422
20
22.79795401
10
34.31129802
20
22.79287228
10
34.31141008
20
22.78768162
97
0
75
0
76
1
98
0
0
HATCH
5
2B6
330
104
100
AcDbEntity
8
E-ANNO-TTLB
100
AcDbHatch
10
0
20
0
30
0
210
0
220
0
230
1
2
SOLID
70
1
71
0
91
1
92
2
72
0
73
1
93
82
10
34.45424056
20
22.62837672
10
34.45424056
20
22.61888931
10
34.45024462
20
22.61888931
10
34.44564704
20
22.61897827
10
34.44112707
20
22.61924399
10
34.43668921
20
22.61968474
10
34.43233793
20
22.62029877
10
34.42807772
20
22.62108436
10
34.42391305
20
22.62203975
10
34.4198484
20
22.62316322
10
34.41588827
20
22.62445303
10
34.41203713
20
22.62590743
10
34.40829945
20
22.62752469
10
34.40467973
20
22.62930307
10
34.40118245
20
22.63124084
10
34.39781208
20
22.63333625
10
34.3945731
20
22.63558757
10
34.39147001
20
22.63799306
10
34.38850727
20
22.64055098
10
34.38568937
20
22.6432596
10
34.3830208
20
22.64611717
10
34.38050603
20
22.64912196
10
34.37814954
20
22.65227223
10
34.37595582
20
22.65556625
10
34.37392935
20
22.65900227
10
34.3720746
20
22.66257855
10
34.37039607
20
22.66629336
10
34.36889823
20
22.67014497
10
34.36758556
20
22.67413163
10
34.36646254
20
22.6782516
10
34.36553366
20
22.68250315
10
34.3648034
20
22.68688453
10
34.36427624
20
22.69139402
10
34.36395665
20
22.69602988
10
34.36384913
20
22.70079035
10
34.36384913
20
22.86059651
10
34.33988134
20
22.86059651
10
34.33988134
20
22.87707485
10
34.36384913
20
22.87707485
10
34.36384913
20
22.91802734
10
34.36851976
20
22.91873118
10
34.37314351
20
22.91989384
10
34.37768526
20
22.9214941
10
34.38210991
20
22.92351072
10
34.38638235
20
22.92592247
10
34.39046747
20
22.92870813
10
34.39433016
20
22.93184647
10
34.39793531
20
22.93531625
10
34.40124781
20
22.93909626
10
34.40423255
20
22.94316526
10
34.40685443
20
22.94750202
10
34.40907833
20
22.95208531
10
34.41086915
20
22.95689391
10
34.41219177
20
22.96190659
10
34.41301109
20
22.96710211
10
34.413292
20
22.97245925
10
34.42078144
20
22.97245925
10
34.42078144
20
22.87707485
10
34.46073298
20
22.87707485
10
34.46073298
20
22.86059651
10
34.42078144
20
22.86059651
10
34.42078144
20
22.69529496
10
34.42092874
20
22.68598818
10
34.42117321
20
22.68081765
10
34.42158521
20
22.67542916
10
34.42220496
20
22.66991777
10
34.4230727
20
22.66437858
10
34.42422866
20
22.65890668
10
34.42571307
20
22.65359716
10
34.42756617
20
22.64854509
10
34.42982819
20
22.64384556
10
34.43112511
20
22.64165772
10
34.43253935
20
22.63959367
10
34.43407594
20
22.6376653
10
34.4357399
20
22.6358845
10
34.43753627
20
22.63426314
10
34.43947007
20
22.63281313
10
34.44154633
20
22.63154633
10
34.44377008
20
22.63047465
10
34.44614635
20
22.62960996
10
34.44868016
20
22.62896415
10
34.45137656
20
22.62854911
97
0
75
0
76
1
98
0
0
HATCH
5
2B7
330
104
100
AcDbEntity
8
E-ANNO-TTLB
100
AcDbHatch
10
0
20
0
30
0
210
0
220
0
230
1
2
SOLID
70
1
71
0
91
2
92
2
72
0
73
1
93
46
10
34.61904793
20
22.77120327
10
34.6195434
20
22.78164475
10
34.61954645
20
22.79160349
10
34.61907979
20
22.80105314
10
34.61816609
20
22.80996735
10
34.61682804
20
22.81831981
10
34.61508834
20
22.82608415
10
34.61296968
20
22.83323404
10
34.61049473
20
22.83974315
10
34.6076862
20
22.84558512
10
34.60616393
20
22.84824771
10
34.60456677
20
22.85073363
10
34.60289756
20
22.8530396
10
34.60115913
20
22.85516232
10
34.59935433
20
22.85709851
10
34.59748597
20
22.85884487
10
34.59555691
20
22.8603981
10
34.59356998
20
22.86175492
10
34.59152802
20
22.86291203
10
34.58943385
20
22.86386614
10
34.58729032
20
22.86461396
10
34.58510027
20
22.86515219
10
34.58286652
20
22.86547754
10
34.58059192
20
22.86558673
10
34.57827326
20
22.86547754
10
34.57599976
20
22.86515219
10
34.5737727
20
22.86461396
10
34.57159338
20
22.86386614
10
34.56946305
20
22.86291203
10
34.56738302
20
22.86175492
10
34.56535455
20
22.8603981
10
34.56337894
20
22.85884487
10
34.56145745
20
22.85709851
10
34.55959137
20
22.85516232
10
34.55778199
20
22.8530396
10
34.55603058
20
22.85073363
10
34.55270679
20
22.84558512
10
34.54963026
20
22.83974315
10
34.54681124
20
22.83323404
10
34.54425997
20
22.82608415
10
34.54198669
20
22.81831981
10
34.54000166
20
22.80996735
10
34.53831512
20
22.80105314
10
34.53693732
20
22.79160349
10
34.5358785
20
22.78164475
10
34.53514891
20
22.77120327
97
0
92
2
72
0
73
1
93
163
10
34.47222661
20
22.74972805
10
34.47236886
20
22.75652266
10
34.47279111
20
22.76322985
10
34.47348658
20
22.76984121
10
34.47444851
20
22.77634833
10
34.47567013
20
22.7827428
10
34.47714468
20
22.78901619
10
34.47886539
20
22.79516011
10
34.48082549
20
22.80116613
10
34.48301822
20
22.80702585
10
34.4854368
20
22.81273084
10
34.48807448
20
22.8182727
10
34.49092447
20
22.82364302
10
34.49398003
20
22.82883338
10
34.49723438
20
22.83383537
10
34.50068074
20
22.83864057
10
34.50431237
20
22.84324058
10
34.50812248
20
22.84762697
10
34.51210432
20
22.85179135
10
34.51625111
20
22.85572528
10
34.52055609
20
22.85942037
10
34.52501249
20
22.8628682
10
34.52961355
20
22.86606036
10
34.53435249
20
22.86898842
10
34.53922256
20
22.87164399
10
34.54421697
20
22.87401865
10
34.54932898
20
22.87610398
10
34.5545518
20
22.87789157
10
34.55987868
20
22.87937301
10
34.56530284
20
22.88053988
10
34.57081753
20
22.88138378
10
34.57641596
20
22.88189629
10
34.58209138
20
22.88206899
10
34.58729743
20
22.88192624
10
34.59242467
20
22.88150047
10
34.59746743
20
22.88079544
10
34.60242005
20
22.8798149
10
34.60727684
20
22.87856259
10
34.61203215
20
22.87704227
10
34.61668029
20
22.87525768
10
34.6212156
20
22.87321257
10
34.62563242
20
22.8709107
10
34.62992506
20
22.8683558
10
34.63408786
20
22.86555163
10
34.63811515
20
22.86250194
10
34.64200127
20
22.85921048
10
34.64574053
20
22.855681
10
34.64932726
20
22.85191724
10
34.65275581
20
22.84792295
10
34.6560205
20
22.84370188
10
34.65911565
20
22.83925779
10
34.6620356
20
22.83459442
10
34.66477469
20
22.82971552
10
34.66732722
20
22.82462484
10
34.66968755
20
22.81932612
10
34.67185
20
22.81382312
10
34.67380889
20
22.80811959
10
34.67555856
20
22.80221927
10
34.67709333
20
22.79612591
10
34.67840755
20
22.78984327
10
34.67949553
20
22.78337509
10
34.68035161
20
22.77672512
10
34.68097011
20
22.76989711
10
34.68134537
20
22.7628948
10
34.68147172
20
22.75572195
10
34.5346504
20
22.75572195
10
34.5346504
20
22.7542225
10
34.53473218
20
22.74740874
10
34.53497692
20
22.74073458
10
34.5353837
20
22.73420506
10
34.53595161
20
22.7278252
10
34.53667973
20
22.72160003
10
34.53756715
20
22.71553459
10
34.53861294
20
22.7096339
10
34.53981619
20
22.70390299
10
34.541176
20
22.6983469
10
34.54269143
20
22.69297066
10
34.54436158
20
22.68777929
10
34.54618553
20
22.68277783
10
34.54816237
20
22.6779713
10
34.55029118
20
22.67336475
10
34.55257103
20
22.66896319
10
34.55500103
20
22.66477165
10
34.55758025
20
22.66079518
10
34.56030778
20
22.6570388
10
34.56318269
20
22.65350753
10
34.56620408
20
22.65020642
10
34.56937103
20
22.64714049
10
34.57268263
20
22.64431477
10
34.57613795
20
22.64173429
10
34.57973609
20
22.63940408
10
34.58347612
20
22.63732917
10
34.58735713
20
22.6355146
10
34.59137821
20
22.63396539
10
34.59553844
20
22.63268658
10
34.5998369
20
22.63168318
10
34.60427268
20
22.63096025
10
34.60884486
20
22.6305228
10
34.61355253
20
22.63037586
10
34.61704082
20
22.63045864
10
34.62057512
20
22.63071039
10
34.62415471
20
22.63113624
10
34.62777886
20
22.63174131
10
34.63144685
20
22.63253072
10
34.63515795
20
22.6335096
10
34.63891144
20
22.63468306
10
34.64270659
20
22.63605624
10
34.64654269
20
22.63763425
10
34.65041899
20
22.63942222
10
34.65433479
20
22.64142528
10
34.65828936
20
22.64364854
10
34.66228196
20
22.64609712
10
34.66631189
20
22.64877616
10
34.6703784
20
22.65169077
10
34.67448079
20
22.65484608
10
34.67448079
20
22.63536882
10
34.67017039
20
22.63272391
10
34.66568091
20
22.63022322
10
34.6610321
20
22.6278704
10
34.65624367
20
22.62566908
10
34.65133537
20
22.62362292
10
34.64632693
20
22.62173556
10
34.64123809
20
22.62001065
10
34.63608857
20
22.61845183
10
34.63089811
20
22.61706275
10
34.62568644
20
22.61584705
10
34.6204733
20
22.61480838
10
34.61527843
20
22.61395039
10
34.61012155
20
22.61327672
10
34.6050224
20
22.61279101
10
34.60000071
20
22.61249691
10
34.59507622
20
22.61239806
10
34.58861655
20
22.61257375
10
34.58225737
20
22.61309545
10
34.57600553
20
22.61395511
10
34.56986791
20
22.61514469
10
34.56385134
20
22.61665614
10
34.55796271
20
22.61848141
10
34.55220885
20
22.62061245
10
34.54659663
20
22.62304123
10
34.54113291
20
22.62575968
10
34.53582455
20
22.62875977
10
34.5306784
20
22.63203345
10
34.52570132
20
22.63557266
10
34.52090017
20
22.63936937
10
34.51628181
20
22.64341553
10
34.5118531
20
22.64770309
10
34.50762089
20
22.65222399
10
34.50359205
20
22.65697021
10
34.49977343
20
22.66193368
10
34.49617189
20
22.66710636
10
34.49279428
20
22.67248021
10
34.48964747
20
22.67804717
10
34.48673832
20
22.6837992
10
34.48407368
20
22.68972826
10
34.48166041
20
22.69582629
10
34.47950537
20
22.70208525
10
34.47761542
20
22.7084971
10
34.47599742
20
22.71505378
10
34.47465821
20
22.72174724
10
34.47360467
20
22.72856945
10
34.47284365
20
22.73551235
10
34.47238201
20
22.7425679
97
0
75
0
76
1
98
0
0
HATCH
5
2B8
330
104
100
AcDbEntity
8
E-ANNO-TTLB
100
AcDbHatch
10
0
20
0
30
0
210
0
220
0
230
1
2
SOLID
70
1
71
0
91
1
92
2
72
0
73
1
93
176
10
33.58174455
20
22.77764349
10
33.58174455
20
22.6174134
10
33.52491036
20
22.6174134
10
33.52491036
20
22.80614105
10
33.52479403
20
22.81323451
10
33.52444684
20
22.81991328
10
33.52387155
20
22.82617145
10
33.52307088
20
22.83200309
10
33.52204757
20
22.83740226
10
33.52080436
20
22.84236304
10
33.51934399
20
22.8468795
10
33.5176692
20
22.85094571
10
33.51578271
20
22.85455575
10
33.51368727
20
22.85770368
10
33.51138562
20
22.86038358
10
33.50888048
20
22.86258951
10
33.50617461
20
22.86431556
10
33.50327073
20
22.86555579
10
33.50017159
20
22.86630428
10
33.49687991
20
22.86655509
10
33.49302933
20
22.86627451
10
33.4891447
20
22.86545615
10
33.48525408
20
22.86413514
10
33.48138553
20
22.86234658
10
33.47756709
20
22.86012557
10
33.47382682
20
22.85750724
10
33.47019277
20
22.85452668
10
33.46669301
20
22.85121901
10
33.46335557
20
22.84761933
10
33.46020852
20
22.84376276
10
33.45727991
20
22.83968441
10
33.45459779
20
22.83541937
10
33.45219023
20
22.83100277
10
33.45008526
20
22.82646971
10
33.44831095
20
22.8218553
10
33.44689535
20
22.81719465
10
33.44689535
20
22.6174134
10
33.39006116
20
22.6174134
10
33.39006116
20
22.80769939
10
33.38995581
20
22.81469837
10
33.38964174
20
22.82127055
10
33.38912191
20
22.82741252
10
33.38839929
20
22.83312087
10
33.38747685
20
22.83839218
10
33.38635756
20
22.84322304
10
33.38504438
20
22.84761002
10
33.38354028
20
22.85154971
10
33.38184823
20
22.85503871
10
33.37997119
20
22.85807358
10
33.37791213
20
22.86065092
10
33.37567401
20
22.86276732
10
33.37325981
20
22.86441935
10
33.3706725
20
22.8656036
10
33.36791503
20
22.86631665
10
33.36499037
20
22.86655509
10
33.36259829
20
22.86645548
10
33.36018519
20
22.86616144
10
33.35775744
20
22.86568018
10
33.3553214
20
22.86501894
10
33.35288342
20
22.8641849
10
33.35044986
20
22.86318531
10
33.34562143
20
22.86071826
10
33.34088697
20
22.8576755
10
33.33629736
20
22.85411476
10
33.33190345
20
22.85009373
10
33.32775611
20
22.84567013
10
33.3239062
20
22.84090167
10
33.32040459
20
22.83584607
10
33.31730214
20
22.83056104
10
33.31464971
20
22.82510428
10
33.31249817
20
22.81953351
10
33.31089838
20
22.81390645
10
33.31032129
20
22.81108984
10
33.30990121
20
22.8082808
10
33.30964449
20
22.80548654
10
33.30955751
20
22.80271428
10
33.30955751
20
22.6174134
10
33.25272333
20
22.6174134
10
33.25272333
20
22.87714551
10
33.2672037
20
22.87714551
10
33.27186199
20
22.8770121
10
33.27631068
20
22.87661823
10
33.28053721
20
22.87597349
10
33.28452904
20
22.87508743
10
33.28827363
20
22.87396963
10
33.29175842
20
22.87262965
10
33.29497087
20
22.87107707
10
33.29789844
20
22.86932144
10
33.30052857
20
22.86737233
10
33.30284873
20
22.86523933
10
33.30484636
20
22.86293198
10
33.30650892
20
22.86045986
10
33.30782386
20
22.85783255
10
33.30877863
20
22.85505959
10
33.3093607
20
22.85215057
10
33.30955751
20
22.84911506
10
33.31341793
20
22.85325832
10
33.31729287
20
22.85710611
10
33.32118597
20
22.8606623
10
33.3251009
20
22.8639308
10
33.32904131
20
22.86691547
10
33.33301087
20
22.86962022
10
33.33701322
20
22.87204892
10
33.34105203
20
22.87420547
10
33.34513095
20
22.87609375
10
33.34925363
20
22.87771765
10
33.35342374
20
22.87908105
10
33.35764494
20
22.88018785
10
33.36192087
20
22.88104193
10
33.3662552
20
22.88164717
10
33.37065159
20
22.88200746
10
33.37511368
20
22.88212669
10
33.37993094
20
22.88195125
10
33.38468229
20
22.88143101
10
33.38935655
20
22.88057507
10
33.39394253
20
22.87939255
10
33.39842906
20
22.87789257
10
33.40280496
20
22.87608423
10
33.40705906
20
22.87397666
10
33.41118017
20
22.87157897
10
33.41515712
20
22.86890026
10
33.41897873
20
22.86594966
10
33.42263382
20
22.86273627
10
33.42611121
20
22.85926921
10
33.42939973
20
22.8555576
10
33.4324882
20
22.85161055
10
33.43536544
20
22.84743717
10
33.43802028
20
22.84304657
10
33.43802028
20
22.84413387
10
33.44127869
20
22.84858924
10
33.4446865
20
22.85278524
10
33.44823983
20
22.85671802
10
33.4519348
20
22.86038369
10
33.45576754
20
22.86377838
10
33.45973417
20
22.8668982
10
33.46383082
20
22.8697393
10
33.46805361
20
22.87229778
10
33.47239866
20
22.87456979
10
33.47686211
20
22.87655143
10
33.48144008
20
22.87823883
10
33.48612868
20
22.87962813
10
33.49092405
20
22.88071544
10
33.49582231
20
22.88149689
10
33.50081958
20
22.8819686
10
33.50591199
20
22.88212669
10
33.51017087
20
22.88200551
10
33.51433326
20
22.88164441
10
33.51839662
20
22.88104712
10
33.52235841
20
22.88021734
10
33.52621609
20
22.87915877
10
33.52996712
20
22.87787512
10
33.53360897
20
22.87637011
10
33.53713909
20
22.87464743
10
33.54055496
20
22.8727108
10
33.54385402
20
22.87056393
10
33.54703374
20
22.86821051
10
33.55009158
20
22.86565426
10
33.55302501
20
22.86289888
10
33.55583148
20
22.85994808
10
33.55850845
20
22.85680558
10
33.5610534
20
22.85347507
10
33.56346377
20
22.84996026
10
33.56573703
20
22.84626486
10
33.56787064
20
22.84239258
10
33.56986207
20
22.83834713
10
33.57170877
20
22.83413221
10
33.57340821
20
22.82975153
10
33.57495784
20
22.82520879
10
33.57635513
20
22.82050771
10
33.57759755
20
22.81565199
10
33.57868254
20
22.81064534
10
33.57960758
20
22.80549147
10
33.58037012
20
22.80019408
10
33.58096762
20
22.79475687
10
33.58139756
20
22.78918357
10
33.58165738
20
22.78347787
97
0
75
0
76
1
98
0
0
HATCH
5
2B9
330
104
100
AcDbEntity
8
E-ANNO-TTLB
100
AcDbHatch
10
0
20
0
30
0
210
0
220
0
230
1
2
SOLID
70
1
71
0
91
2
92
2
72
0
73
1
93
47
10
33.73013834
20
22.86562362
10
33.733168
20
22.86542789
10
33.73612176
20
22.86484616
10
33.738993
20
22.86388666
10
33.74177509
20
22.86255761
10
33.74446141
20
22.86086724
10
33.74704533
20
22.85882376
10
33.74952024
20
22.8564354
10
33.7518795
20
22.85371039
10
33.7541165
20
22.85065694
10
33.75622461
20
22.84728327
10
33.7581972
20
22.84359762
10
33.76002766
20
22.83960819
10
33.76170935
20
22.83532322
10
33.76323566
20
22.83075093
10
33.76459995
20
22.82589953
10
33.76579562
20
22.82077726
10
33.76681699
20
22.81544408
10
33.76765767
20
22.80984411
10
33.76831215
20
22.80398839
10
33.76877491
20
22.79788794
10
33.76904042
20
22.79155382
10
33.76910316
20
22.78499707
10
33.76895762
20
22.77822871
10
33.76859827
20
22.7712598
10
33.68467177
20
22.7712598
10
33.68539576
20
22.78168618
10
33.68645218
20
22.79163325
10
33.6878303
20
22.80107432
10
33.68951938
20
22.80998272
10
33.6915087
20
22.81833177
10
33.69378752
20
22.82609479
10
33.69634513
20
22.83324509
10
33.69917079
20
22.839756
10
33.70225377
20
22.84560084
10
33.70558334
20
22.85075293
10
33.70733724
20
22.85306086
10
33.70914877
20
22.85518559
10
33.71101658
20
22.85712379
10
33.71293934
20
22.85887214
10
33.71491569
20
22.86042728
10
33.71694431
20
22.86178589
10
33.71902384
20
22.86294464
10
33.72115295
20
22.86390018
10
33.72333029
20
22.86464918
10
33.72555454
20
22.86518832
10
33.72782433
20
22.86551424
97
0
92
2
72
0
73
1
93
164
10
33.76314997
20
22.63033818
10
33.75740647
20
22.63055609
10
33.75185828
20
22.63120487
10
33.74651083
20
22.63227713
10
33.74136956
20
22.63376544
10
33.73643987
20
22.63566242
10
33.73172722
20
22.63796065
10
33.72723702
20
22.64065273
10
33.72297469
20
22.64373125
10
33.71835665
20
22.64764544
10
33.7140217
20
22.65202074
10
33.70997191
20
22.65684395
10
33.70620932
20
22.66210182
10
33.70273596
20
22.66778115
10
33.6995539
20
22.67386869
10
33.69666518
20
22.68035123
10
33.69407185
20
22.68721554
10
33.69177594
20
22.69444841
10
33.68977952
20
22.70203659
10
33.68808462
20
22.70996687
10
33.68669329
20
22.71822602
10
33.68560759
20
22.72680083
10
33.68482955
20
22.73567805
10
33.68436123
20
22.74484447
10
33.68420466
20
22.75428687
10
33.68420466
20
22.7556882
10
33.83104169
20
22.7556882
10
33.83092933
20
22.76244506
10
33.83059545
20
22.76904929
10
33.83004484
20
22.77549791
10
33.8292823
20
22.78178796
10
33.82831263
20
22.78791649
10
33.82714061
20
22.79388053
10
33.82577105
20
22.79967712
10
33.82420875
20
22.8053033
10
33.82245849
20
22.8107561
10
33.82052507
20
22.81603258
10
33.81841329
20
22.82112976
10
33.81612794
20
22.82604468
10
33.81367382
20
22.83077439
10
33.81105572
20
22.83531592
10
33.80827844
20
22.83966631
10
33.80534678
20
22.8438226
10
33.80290551
20
22.84702845
10
33.80037145
20
22.85010478
10
33.79774663
20
22.85304974
10
33.79503309
20
22.8558615
10
33.7922329
20
22.85853824
10
33.78934809
20
22.86107811
10
33.78638071
20
22.86347928
10
33.7833328
20
22.86573991
10
33.78020643
20
22.86785818
10
33.77700362
20
22.86983224
10
33.77372643
20
22.87166027
10
33.77037691
20
22.87334043
10
33.76695711
20
22.87487088
10
33.76346906
20
22.87624979
10
33.75991482
20
22.87747533
10
33.75629643
20
22.87854566
10
33.75037336
20
22.88015656
10
33.74428948
20
22.8812703
10
33.73805913
20
22.88191668
10
33.73169667
20
22.88212552
10
33.72601069
20
22.88195267
10
33.72040262
20
22.88143974
10
33.71487919
20
22.88059517
10
33.70944713
20
22.87942741
10
33.70411317
20
22.87794488
10
33.69888403
20
22.87615602
10
33.69376644
20
22.87406928
10
33.68876713
20
22.87169309
10
33.68389284
20
22.86903589
10
33.67915028
20
22.86610612
10
33.67454618
20
22.86291222
10
33.67008728
20
22.85946261
10
33.6657803
20
22.85576575
10
33.66163197
20
22.85183007
10
33.65764902
20
22.84766401
10
33.65383818
20
22.843276
10
33.65020617
20
22.83867449
10
33.64675972
20
22.8338679
10
33.64350556
20
22.82886469
10
33.64045042
20
22.82367329
10
33.63760103
20
22.81830213
10
33.63496411
20
22.81275965
10
33.6325464
20
22.8070543
10
33.63035461
20
22.8011945
10
33.62839549
20
22.79518871
10
33.62667575
20
22.78904535
10
33.62520213
20
22.78277286
10
33.62398136
20
22.77637969
10
33.62302015
20
22.76987426
10
33.62232525
20
22.76326503
10
33.62190337
20
22.75656042
10
33.62176125
20
22.74976887
10
33.62186239
20
22.74399114
10
33.62216341
20
22.73828058
10
33.62266073
20
22.73264137
10
33.62335074
20
22.7270777
10
33.62422986
20
22.72159376
10
33.62529449
20
22.71619375
10
33.62654103
20
22.71088184
10
33.6279659
20
22.70566223
10
33.62956549
20
22.70053912
10
33.63133622
20
22.69551668
10
33.63327449
20
22.69059911
10
33.63537671
20
22.6857906
10
33.63763928
20
22.68109533
10
33.64005861
20
22.67651751
10
33.64263111
20
22.67206131
10
33.64535319
20
22.66773093
10
33.64822124
20
22.66353055
10
33.65123167
20
22.65946437
10
33.6543809
20
22.65553657
10
33.65766533
20
22.65175135
10
33.66108136
20
22.64811289
10
33.6646254
20
22.64462539
10
33.66829386
20
22.64129302
10
33.67208314
20
22.63811999
10
33.67598965
20
22.63511049
10
33.6800098
20
22.63226869
10
33.68413999
20
22.6295988
10
33.68837663
20
22.627105
10
33.69271612
20
22.62479147
10
33.69715487
20
22.62266242
10
33.70168929
20
22.62072203
10
33.70631579
20
22.61897448
10
33.71084783
20
22.61748649
10
33.71545305
20
22.61617913
10
33.72013142
20
22.61505789
10
33.72488287
20
22.61412823
10
33.72970738
20
22.61339564
10
33.73460488
20
22.61286558
10
33.73957534
20
22.61254353
10
33.74461871
20
22.61243496
10
33.75287358
20
22.61274506
10
33.76203602
20
22.61363246
10
33.77134842
20
22.61511262
10
33.78069762
20
22.61716556
10
33.78997046
20
22.61977132
10
33.79905378
20
22.62290993
10
33.80348901
20
22.62467282
10
33.80783443
20
22.62656144
10
33.81207588
20
22.6285733
10
33.81619924
20
22.63070588
10
33.82019034
20
22.63295672
10
33.82403505
20
22.63532329
10
33.82403505
20
22.65478877
10
33.81996397
20
22.65166711
10
33.81592688
20
22.64878136
10
33.81192492
20
22.6461265
10
33.80795924
20
22.64369752
10
33.80403097
20
22.64148937
10
33.80014128
20
22.63949705
10
33.79629129
20
22.63771552
10
33.79248215
20
22.63613975
10
33.78871501
20
22.63476473
10
33.78499101
20
22.63358542
10
33.7813113
20
22.6325968
10
33.77767702
20
22.63179385
10
33.77408931
20
22.63117153
10
33.77054933
20
22.63072484
10
33.7670582
20
22.63044873
10
33.76361708
20
22.63033818
97
0
75
0
76
1
98
0
0
HATCH
5
2BA
330
104
100
AcDbEntity
8
E-ANNO-TTLB
100
AcDbHatch
10
0
20
0
30
0
210
0
220
0
230
1
2
SOLID
70
1
71
0
91
1
92
2
72
0
73
1
93
4
10
33.41753108
20
22.07037916
10
33.36010025
20
22.07037916
10
33.36010025
20
22.33006809
10
33.41753108
20
22.33006809
97
0
75
0
76
1
98
0
0
HATCH
5
2BB
330
104
100
AcDbEntity
8
E-ANNO-TTLB
100
AcDbHatch
10
0
20
0
30
0
210
0
220
0
230
1
2
SOLID
70
1
71
0
91
1
92
2
72
0
73
1
93
56
10
33.4175299
20
22.42894796
10
33.41556334
20
22.42556767
10
33.41123277
20
22.41754108
10
33.40891651
20
22.41277648
10
33.40689189
20
22.40803956
10
33.40545312
20
22.40372677
10
33.40504537
20
22.40185329
10
33.40489441
20
22.4002345
10
33.40502726
20
22.39861503
10
33.40542157
20
22.39674095
10
33.40684553
20
22.39242718
10
33.40886821
20
22.38768957
10
33.41119155
20
22.38292449
10
33.41554788
20
22.37489747
10
33.4175299
20
22.37151713
10
33.41414956
20
22.3734837
10
33.40612254
20
22.37781426
10
33.40135747
20
22.38013052
10
33.39661986
20
22.38215514
10
33.39230608
20
22.38359391
10
33.390432
20
22.38400166
10
33.38881253
20
22.38415262
10
33.38719374
20
22.38401977
10
33.38532027
20
22.38362546
10
33.38100747
20
22.38220151
10
33.37627055
20
22.38017882
10
33.37150595
20
22.37785548
10
33.36347936
20
22.37349915
10
33.36009907
20
22.37151713
10
33.36206564
20
22.37489747
10
33.36639621
20
22.38292449
10
33.36871247
20
22.38768957
10
33.37073708
20
22.39242718
10
33.37217585
20
22.39674095
10
33.37258361
20
22.39861503
10
33.37273456
20
22.4002345
10
33.37260172
20
22.40185329
10
33.37220741
20
22.40372677
10
33.37078345
20
22.40803956
10
33.36876077
20
22.41277648
10
33.36643743
20
22.41754108
10
33.3620811
20
22.42556767
10
33.36009907
20
22.42894796
10
33.36347936
20
22.42698139
10
33.37150595
20
22.42265082
10
33.37627055
20
22.42033457
10
33.38100747
20
22.41830995
10
33.38532027
20
22.41687118
10
33.38719374
20
22.41646343
10
33.38881253
20
22.41631247
10
33.390432
20
22.41644531
10
33.39230608
20
22.41683962
10
33.39661986
20
22.41826358
10
33.40135747
20
22.42028627
10
33.40612254
20
22.4226096
10
33.41414956
20
22.42696593
97
0
75
0
76
1
98
0
0
HATCH
5
2BC
330
104
100
AcDbEntity
8
E-ANNO-TTLB
100
AcDbHatch
10
0
20
0
30
0
210
0
220
0
230
1
2
SOLID
70
1
71
0
91
1
92
2
72
0
73
1
93
4
10
34.16510925
20
22.07037916
10
34.10767842
20
22.07037916
10
34.10767842
20
22.33006809
10
34.16510925
20
22.33006809
97
0
75
0
76
1
98
0
0
HATCH
5
2BD
330
104
100
AcDbEntity
8
E-ANNO-TTLB
100
AcDbHatch
10
0
20
0
30
0
210
0
220
0
230
1
2
SOLID
70
1
71
0
91
1
92
2
72
0
73
1
93
56
10
34.16510847
20
22.42894796
10
34.1631419
20
22.42556767
10
34.15881133
20
22.41754108
10
34.15649508
20
22.41277648
10
34.15447046
20
22.40803956
10
34.15303169
20
22.40372677
10
34.15262394
20
22.40185329
10
34.15247298
20
22.4002345
10
34.15260583
20
22.39861503
10
34.15300013
20
22.39674095
10
34.15442409
20
22.39242718
10
34.15644678
20
22.38768957
10
34.15877012
20
22.38292449
10
34.16312645
20
22.37489747
10
34.16510847
20
22.37151713
10
34.16172819
20
22.3734837
10
34.15370159
20
22.37781426
10
34.14893699
20
22.38013052
10
34.14420008
20
22.38215514
10
34.13988728
20
22.38359391
10
34.1380138
20
22.38400166
10
34.13639502
20
22.38415262
10
34.13477554
20
22.38401977
10
34.13290146
20
22.38362546
10
34.12858769
20
22.38220151
10
34.12385008
20
22.38017882
10
34.11908501
20
22.37785548
10
34.11105798
20
22.37349915
10
34.10767764
20
22.37151713
10
34.10964421
20
22.37489747
10
34.11397478
20
22.38292449
10
34.11629103
20
22.38768957
10
34.11831565
20
22.39242718
10
34.11975442
20
22.39674095
10
34.12016217
20
22.39861503
10
34.12031313
20
22.4002345
10
34.12018028
20
22.40185329
10
34.11978597
20
22.40372677
10
34.11836202
20
22.40803956
10
34.11633933
20
22.41277648
10
34.11401599
20
22.41754108
10
34.10965966
20
22.42556767
10
34.10767764
20
22.42894796
10
34.11105798
20
22.42698139
10
34.11908501
20
22.42265082
10
34.12385008
20
22.42033457
10
34.12858769
20
22.41830995
10
34.13290146
20
22.41687118
10
34.13477554
20
22.41646343
10
34.13639502
20
22.41631247
10
34.1380138
20
22.41644531
10
34.13988728
20
22.41683962
10
34.14420008
20
22.41826358
10
34.14893699
20
22.42028627
10
34.15370159
20
22.4226096
10
34.16172819
20
22.42696593
97
0
75
0
76
1
98
0
0
LINE
5
2BE
330
104
100
AcDbEntity
8
E-ANNO-TTLB
100
AcDbLine
10
31.75
20
20.00153846
30
0
11
35.5
21
20.00153846
31
0
0
TEXT
5
2BF
330
104
100
AcDbEntity
8
E-ANNO-TTLB
100
AcDbText
10
31.87
20
21.55076923
30
0
40
0.09375
1
PROJECT
50
0
41
1
7
MAIN
72
0
11
31.87
21
21.55076923
31
0
100
AcDbText
73
0
0
MTEXT
5
2C0
330
104
100
AcDbEntity
8
E-ANNO-TTLB
100
AcDbMText
10
31.87
20
21.40076923
30
0
40
0.09375
41
2.13501686
71
1
72
1
7
BOLD
50
0
73
2
44
1.45
1
EXAMPLE \U+00B7 Gallery lighting riser
0
LINE
5
2C1
330
104
100
AcDbEntity
8
E-ANNO-TTLB
100
AcDbLine
10
31.75
20
18.23230769
30
0
11
35.5
21
18.23230769
31
0
0
TEXT
5
2C2
330
104
100
AcDbEntity
8
E-ANNO-TTLB
100
AcDbText
10
31.87
20
19.78153846
30
0
40
0.09375
1
PROJECT NUMBER
50
0
41
1
7
MAIN
72
0
11
31.87
21
19.78153846
31
0
100
AcDbText
73
0
0
MTEXT
5
2C3
330
104
100
AcDbEntity
8
E-ANNO-TTLB
100
AcDbMText
10
31.87
20
19.63153846
30
0
40
0.09375
41
0.48451118
71
1
72
1
7
BOLD
50
0
73
2
44
1.45
1
EX-001
0
LINE
5
2C4
330
104
100
AcDbEntity
8
E-ANNO-TTLB
100
AcDbLine
10
31.75
20
16.46307692
30
0
11
35.5
21
16.46307692
31
0
0
TEXT
5
2C5
330
104
100
AcDbEntity
8
E-ANNO-TTLB
100
AcDbText
10
31.87
20
18.01230769
30
0
40
0.09375
1
CLIENT
50
0
41
1
7
MAIN
72
0
11
31.87
21
18.01230769
31
0
100
AcDbText
73
0
0
MTEXT
5
2C6
330
104
100
AcDbEntity
8
E-ANNO-TTLB
100
AcDbMText
10
31.87
20
17.86230769
30
0
40
0.09375
41
1.52960078
71
1
72
1
7
BOLD
50
0
73
2
44
1.45
1
Example design review
0
LINE
5
2C7
330
104
100
AcDbEntity
8
E-ANNO-TTLB
100
AcDbLine
10
31.75
20
14.69384615
30
0
11
35.5
21
14.69384615
31
0
0
TEXT
5
2C8
330
104
100
AcDbEntity
8
E-ANNO-TTLB
100
AcDbText
10
31.87
20
16.24307692
30
0
40
0.09375
1
SITE ADDRESS
50
0
41
1
7
MAIN
72
0
11
31.87
21
16.24307692
31
0
100
AcDbText
73
0
0
MTEXT
5
2C9
330
104
100
AcDbEntity
8
E-ANNO-TTLB
100
AcDbMText
10
31.87
20
16.09307692
30
0
40
0.09375
41
0.03
71
1
72
1
7
BOLD
50
0
73
2
44
1.45
1

0
LINE
5
2CA
330
104
100
AcDbEntity
8
E-ANNO-TTLB
100
AcDbLine
10
31.75
20
12.92461538
30
0
11
35.5
21
12.92461538
31
0
0
TEXT
5
2CB
330
104
100
AcDbEntity
8
E-ANNO-TTLB
100
AcDbText
10
31.87
20
14.47384615
30
0
40
0.09375
1
SHEET TITLE
50
0
41
1
7
MAIN
72
0
11
31.87
21
14.47384615
31
0
100
AcDbText
73
0
0
MTEXT
5
2CC
330
104
100
AcDbEntity
8
E-ANNO-TTLB
100
AcDbMText
10
31.87
20
14.29384615
30
0
40
0.25
41
3.36108588
71
1
72
1
7
BOLD
50
0
73
2
44
1.45
1
LIGHTING SYSTEM\PRISER
0
LINE
5
2CD
330
104
100
AcDbEntity
8
E-ANNO-TTLB
100
AcDbLine
10
31.75
20
11.15538462
30
0
11
35.5
21
11.15538462
31
0
0
TEXT
5
2CE
330
104
100
AcDbEntity
8
E-ANNO-TTLB
100
AcDbText
10
31.87
20
12.70461538
30
0
40
0.09375
1
SHEET
50
0
41
1
7
MAIN
72
0
11
31.87
21
12.70461538
31
0
100
AcDbText
73
0
0
MTEXT
5
2CF
330
104
100
AcDbEntity
8
E-ANNO-TTLB
100
AcDbMText
10
31.87
20
12.52461538
30
0
40
0.32
41
0.7276863
71
1
72
1
7
BOLD
50
0
73
2
44
1.45
1
L-1
0
LINE
5
2D0
330
104
100
AcDbEntity
8
E-ANNO-TTLB
100
AcDbLine
10
31.75
20
9.38615385
30
0
11
35.5
21
9.38615385
31
0
0
TEXT
5
2D1
330
104
100
AcDbEntity
8
E-ANNO-TTLB
100
AcDbText
10
31.87
20
10.93538462
30
0
40
0.09375
1
DATE
50
0
41
1
7
MAIN
72
0
11
31.87
21
10.93538462
31
0
100
AcDbText
73
0
0
MTEXT
5
2D2
330
104
100
AcDbEntity
8
E-ANNO-TTLB
100
AcDbMText
10
31.87
20
10.78538462
30
0
40
0.09375
41
0.72703691
71
1
72
1
7
BOLD
50
0
73
2
44
1.45
1
2026-09-24
0
LINE
5
2D3
330
104
100
AcDbEntity
8
E-ANNO-TTLB
100
AcDbLine
10
31.75
20
7.61692308
30
0
11
35.5
21
7.61692308
31
0
0
TEXT
5
2D4
330
104
100
AcDbEntity
8
E-ANNO-TTLB
100
AcDbText
10
31.87
20
9.16615385
30
0
40
0.09375
1
SCALE
50
0
41
1
7
MAIN
72
0
11
31.87
21
9.16615385
31
0
100
AcDbText
73
0
0
MTEXT
5
2D5
330
104
100
AcDbEntity
8
E-ANNO-TTLB
100
AcDbMText
10
31.87
20
9.01615385
30
0
40
0.09375
41
1.04441625
71
1
72
1
7
BOLD
50
0
73
2
44
1.45
1
NOT TO SCALE
0
LINE
5
2D6
330
104
100
AcDbEntity
8
E-ANNO-TTLB
100
AcDbLine
10
31.75
20
5.84769231
30
0
11
35.5
21
5.84769231
31
0
0
TEXT
5
2D7
330
104
100
AcDbEntity
8
E-ANNO-TTLB
100
AcDbText
10
31.87
20
7.39692308
30
0
40
0.09375
1
DRAWN BY
50
0
41
1
7
MAIN
72
0
11
31.87
21
7.39692308
31
0
100
AcDbText
73
0
0
MTEXT
5
2D8
330
104
100
AcDbEntity
8
E-ANNO-TTLB
100
AcDbMText
10
31.87
20
7.24692308
30
0
40
0.09375
41
0.68871185
71
1
72
1
7
BOLD
50
0
73
2
44
1.45
1
EXAMPLE
0
LINE
5
2D9
330
104
100
AcDbEntity
8
E-ANNO-TTLB
100
AcDbLine
10
31.75
20
4.07846154
30
0
11
35.5
21
4.07846154
31
0
0
TEXT
5
2DA
330
104
100
AcDbEntity
8
E-ANNO-TTLB
100
AcDbText
10
31.87
20
5.62769231
30
0
40
0.09375
1
CHECKED BY
50
0
41
1
7
MAIN
72
0
11
31.87
21
5.62769231
31
0
100
AcDbText
73
0
0
MTEXT
5
2DB
330
104
100
AcDbEntity
8
E-ANNO-TTLB
100
AcDbMText
10
31.87
20
5.47769231
30
0
40
0.09375
41
0.03
71
1
72
1
7
BOLD
50
0
73
2
44
1.45
1

0
LINE
5
2DC
330
104
100
AcDbEntity
8
E-ANNO-TTLB
100
AcDbLine
10
31.75
20
2.30923077
30
0
11
35.5
21
2.30923077
31
0
0
TEXT
5
2DD
330
104
100
AcDbEntity
8
E-ANNO-TTLB
100
AcDbText
10
31.87
20
3.85846154
30
0
40
0.09375
1
LATEST REVISION
50
0
41
1
7
MAIN
72
0
11
31.87
21
3.85846154
31
0
100
AcDbText
73
0
0
MTEXT
5
2DE
330
104
100
AcDbEntity
8
E-ANNO-TTLB
100
AcDbMText
10
31.87
20
3.70846154
30
0
40
0.09375
41
0.16626686
71
1
72
1
7
BOLD
50
0
73
2
44
1.45
1
\U+2014
0
LINE
5
2DF
330
104
100
AcDbEntity
8
E-ANNO-TTLB
100
AcDbLine
10
31.75
20
0.54
30
0
11
35.5
21
0.54
31
0
0
TEXT
5
2E0
330
104
100
AcDbEntity
8
E-ANNO-TTLB
100
AcDbText
10
31.87
20
2.08923077
30
0
40
0.09375
1
ISSUE STATUS
50
0
41
1
7
MAIN
72
0
11
31.87
21
2.08923077
31
0
100
AcDbText
73
0
0
MTEXT
5
2E1
330
104
100
AcDbEntity
8
E-ANNO-TTLB
100
AcDbMText
10
31.87
20
1.93923077
30
0
40
0.09375
41
1.77864709
71
1
72
1
7
BOLD
50
0
73
2
44
1.45
1
NOT FOR CONSTRUCTION
0
TEXT
5
2E2
330
104
100
AcDbEntity
8
E-ANNO-SCHD
100
AcDbText
10
38.75
20
23
30
0
40
0.1875
1
EQUIPMENT SCHEDULE
50
0
41
1
7
BOLD
72
0
11
38.75
21
23
31
0
100
AcDbText
73
0
0
LINE
5
2E3
330
104
100
AcDbEntity
8
E-ANNO-SCHD
100
AcDbLine
10
38.75
20
22.88
30
0
11
53.875
21
22.88
31
0
0
LINE
5
2E4
330
104
100
AcDbEntity
8
E-ANNO-SCHD
100
AcDbLine
10
38.75
20
22.6
30
0
11
53.875
21
22.6
31
0
0
LINE
5
2E5
330
104
100
AcDbEntity
8
E-ANNO-SCHD
100
AcDbLine
10
38.75
20
22.3
30
0
11
53.875
21
22.3
31
0
0
LINE
5
2E6
330
104
100
AcDbEntity
8
E-ANNO-SCHD
100
AcDbLine
10
38.75
20
22.6
30
0
11
38.75
21
22.3
31
0
0
TEXT
5
2E7
330
104
100
AcDbEntity
8
E-ANNO-SCHD
100
AcDbText
10
38.82
20
22.43125
30
0
40
0.09375
1
TAG
50
0
41
1
7
BOLD
72
0
11
38.82
21
22.43125
31
0
100
AcDbText
73
0
0
LINE
5
2E8
330
104
100
AcDbEntity
8
E-ANNO-SCHD
100
AcDbLine
10
40.48850575
20
22.6
30
0
11
40.48850575
21
22.3
31
0
0
TEXT
5
2E9
330
104
100
AcDbEntity
8
E-ANNO-SCHD
100
AcDbText
10
40.55850575
20
22.43125
30
0
40
0.09375
1
QTY
50
0
41
1
7
BOLD
72
0
11
40.55850575
21
22.43125
31
0
100
AcDbText
73
0
0
LINE
5
2EA
330
104
100
AcDbEntity
8
E-ANNO-SCHD
100
AcDbLine
10
41.35775862
20
22.6
30
0
11
41.35775862
21
22.3
31
0
0
TEXT
5
2EB
330
104
100
AcDbEntity
8
E-ANNO-SCHD
100
AcDbText
10
41.42775862
20
22.43125
30
0
40
0.09375
1
SKU / MODEL
50
0
41
1
7
BOLD
72
0
11
41.42775862
21
22.43125
31
0
100
AcDbText
73
0
0
LINE
5
2EC
330
104
100
AcDbEntity
8
E-ANNO-SCHD
100
AcDbLine
10
46.57327586
20
22.6
30
0
11
46.57327586
21
22.3
31
0
0
TEXT
5
2ED
330
104
100
AcDbEntity
8
E-ANNO-SCHD
100
AcDbText
10
46.64327586
20
22.43125
30
0
40
0.09375
1
LOCATION / ENCLOSURE
50
0
41
1
7
BOLD
72
0
11
46.64327586
21
22.43125
31
0
100
AcDbText
73
0
0
LINE
5
2EE
330
104
100
AcDbEntity
8
E-ANNO-SCHD
100
AcDbLine
10
50.05028736
20
22.6
30
0
11
50.05028736
21
22.3
31
0
0
TEXT
5
2EF
330
104
100
AcDbEntity
8
E-ANNO-SCHD
100
AcDbText
10
50.12028736
20
22.43125
30
0
40
0.09375
1
POWER / CONTROL
50
0
41
1
7
BOLD
72
0
11
50.12028736
21
22.43125
31
0
100
AcDbText
73
0
0
LINE
5
2F0
330
104
100
AcDbEntity
8
E-ANNO-SCHD
100
AcDbLine
10
53.875
20
22.6
30
0
11
53.875
21
22.3
31
0
0
LINE
5
2F1
330
104
100
AcDbEntity
8
E-ANNO-SCHD
100
AcDbLine
10
38.75
20
22.3
30
0
11
53.875
21
22.3
31
0
0
LINE
5
2F2
330
104
100
AcDbEntity
8
E-ANNO-SCHD
100
AcDbLine
10
38.75
20
21.868125
30
0
11
53.875
21
21.868125
31
0
0
LINE
5
2F3
330
104
100
AcDbEntity
8
E-ANNO-SCHD
100
AcDbLine
10
38.75
20
22.3
30
0
11
38.75
21
21.868125
31
0
0
TEXT
5
2F4
330
104
100
AcDbEntity
8
E-ANNO-SCHD
100
AcDbText
10
38.82
20
22.13125
30
0
40
0.09375
1
PS-1
50
0
41
1
7
MAIN
72
0
11
38.82
21
22.13125
31
0
100
AcDbText
73
0
0
LINE
5
2F5
330
104
100
AcDbEntity
8
E-ANNO-SCHD
100
AcDbLine
10
40.48850575
20
22.3
30
0
11
40.48850575
21
21.868125
31
0
0
TEXT
5
2F6
330
104
100
AcDbEntity
8
E-ANNO-SCHD
100
AcDbText
10
40.55850575
20
22.13125
30
0
40
0.09375
1
1
50
0
41
1
7
MAIN
72
0
11
40.55850575
21
22.13125
31
0
100
AcDbText
73
0
0
LINE
5
2F7
330
104
100
AcDbEntity
8
E-ANNO-SCHD
100
AcDbLine
10
41.35775862
20
22.3
30
0
11
41.35775862
21
21.868125
31
0
0
MTEXT
5
2F8
330
104
100
AcDbEntity
8
E-ANNO-SCHD
100
AcDbMText
10
41.42775862
20
22.225
30
0
40
0.09375
41
2.41573456
71
1
72
1
7
MAIN
50
0
73
2
44
1.45
1
EX-PSU-24V-96W\PEXAMPLE 24 V 96 W CV power supply
0
LINE
5
2F9
330
104
100
AcDbEntity
8
E-ANNO-SCHD
100
AcDbLine
10
46.57327586
20
22.3
30
0
11
46.57327586
21
21.868125
31
0
0
MTEXT
5
2FA
330
104
100
AcDbEntity
8
E-ANNO-SCHD
100
AcDbMText
10
46.64327586
20
22.225
30
0
40
0.09375
41
0.62842974
71
1
72
1
7
MAIN
50
0
73
2
44
1.45
1
Cabinet A\PCabinet A
0
LINE
5
2FB
330
104
100
AcDbEntity
8
E-ANNO-SCHD
100
AcDbLine
10
50.05028736
20
22.3
30
0
11
50.05028736
21
21.868125
31
0
0
MTEXT
5
2FC
330
104
100
AcDbEntity
8
E-ANNO-SCHD
100
AcDbMText
10
50.12028736
20
22.225
30
0
40
0.09375
41
0.54512598
71
1
72
1
7
MAIN
50
0
73
2
44
1.45
1
LP-1/12 \P\U+2014 
0
LINE
5
2FD
330
104
100
AcDbEntity
8
E-ANNO-SCHD
100
AcDbLine
10
53.875
20
22.3
30
0
11
53.875
21
21.868125
31
0
0
LINE
5
2FE
330
104
100
AcDbEntity
8
E-ANNO-SCHD
100
AcDbLine
10
38.75
20
21.868125
30
0
11
53.875
21
21.868125
31
0
0
LINE
5
2FF
330
104
100
AcDbEntity
8
E-ANNO-SCHD
100
AcDbLine
10
38.75
20
21.43625
30
0
11
53.875
21
21.43625
31
0
0
LINE
5
300
330
104
100
AcDbEntity
8
E-ANNO-SCHD
100
AcDbLine
10
38.75
20
21.868125
30
0
11
38.75
21
21.43625
31
0
0
TEXT
5
301
330
104
100
AcDbEntity
8
E-ANNO-SCHD
100
AcDbText
10
38.82
20
21.699375
30
0
40
0.09375
1
PS-2
50
0
41
1
7
MAIN
72
0
11
38.82
21
21.699375
31
0
100
AcDbText
73
0
0
LINE
5
302
330
104
100
AcDbEntity
8
E-ANNO-SCHD
100
AcDbLine
10
40.48850575
20
21.868125
30
0
11
40.48850575
21
21.43625
31
0
0
TEXT
5
303
330
104
100
AcDbEntity
8
E-ANNO-SCHD
100
AcDbText
10
40.55850575
20
21.699375
30
0
40
0.09375
1
1
50
0
41
1
7
MAIN
72
0
11
40.55850575
21
21.699375
31
0
100
AcDbText
73
0
0
LINE
5
304
330
104
100
AcDbEntity
8
E-ANNO-SCHD
100
AcDbLine
10
41.35775862
20
21.868125
30
0
11
41.35775862
21
21.43625
31
0
0
MTEXT
5
305
330
104
100
AcDbEntity
8
E-ANNO-SCHD
100
AcDbMText
10
41.42775862
20
21.793125
30
0
40
0.09375
41
2.41573456
71
1
72
1
7
MAIN
50
0
73
2
44
1.45
1
EX-PSU-24V-96W\PEXAMPLE 24 V 96 W CV power supply
0
LINE
5
306
330
104
100
AcDbEntity
8
E-ANNO-SCHD
100
AcDbLine
10
46.57327586
20
21.868125
30
0
11
46.57327586
21
21.43625
31
0
0
MTEXT
5
307
330
104
100
AcDbEntity
8
E-ANNO-SCHD
100
AcDbMText
10
46.64327586
20
21.793125
30
0
40
0.09375
41
0.62842974
71
1
72
1
7
MAIN
50
0
73
2
44
1.45
1
Cabinet A\PCabinet A
0
LINE
5
308
330
104
100
AcDbEntity
8
E-ANNO-SCHD
100
AcDbLine
10
50.05028736
20
21.868125
30
0
11
50.05028736
21
21.43625
31
0
0
MTEXT
5
309
330
104
100
AcDbEntity
8
E-ANNO-SCHD
100
AcDbMText
10
50.12028736
20
21.793125
30
0
40
0.09375
41
0.54512598
71
1
72
1
7
MAIN
50
0
73
2
44
1.45
1
LP-1/12 \P\U+2014 
0
LINE
5
30A
330
104
100
AcDbEntity
8
E-ANNO-SCHD
100
AcDbLine
10
53.875
20
21.868125
30
0
11
53.875
21
21.43625
31
0
0
LINE
5
30B
330
104
100
AcDbEntity
8
E-ANNO-SCHD
100
AcDbLine
10
38.75
20
21.43625
30
0
11
53.875
21
21.43625
31
0
0
LINE
5
30C
330
104
100
AcDbEntity
8
E-ANNO-SCHD
100
AcDbLine
10
38.75
20
21.004375
30
0
11
53.875
21
21.004375
31
0
0
LINE
5
30D
330
104
100
AcDbEntity
8
E-ANNO-SCHD
100
AcDbLine
10
38.75
20
21.43625
30
0
11
38.75
21
21.004375
31
0
0
TEXT
5
30E
330
104
100
AcDbEntity
8
E-ANNO-SCHD
100
AcDbText
10
38.82
20
21.2675
30
0
40
0.09375
1
PS-3
50
0
41
1
7
MAIN
72
0
11
38.82
21
21.2675
31
0
100
AcDbText
73
0
0
LINE
5
30F
330
104
100
AcDbEntity
8
E-ANNO-SCHD
100
AcDbLine
10
40.48850575
20
21.43625
30
0
11
40.48850575
21
21.004375
31
0
0
TEXT
5
310
330
104
100
AcDbEntity
8
E-ANNO-SCHD
100
AcDbText
10
40.55850575
20
21.2675
30
0
40
0.09375
1
1
50
0
41
1
7
MAIN
72
0
11
40.55850575
21
21.2675
31
0
100
AcDbText
73
0
0
LINE
5
311
330
104
100
AcDbEntity
8
E-ANNO-SCHD
100
AcDbLine
10
41.35775862
20
21.43625
30
0
11
41.35775862
21
21.004375
31
0
0
MTEXT
5
312
330
104
100
AcDbEntity
8
E-ANNO-SCHD
100
AcDbMText
10
41.42775862
20
21.36125
30
0
40
0.09375
41
2.41573456
71
1
72
1
7
MAIN
50
0
73
2
44
1.45
1
EX-PSU-24V-96W\PEXAMPLE 24 V 96 W CV power supply
0
LINE
5
313
330
104
100
AcDbEntity
8
E-ANNO-SCHD
100
AcDbLine
10
46.57327586
20
21.43625
30
0
11
46.57327586
21
21.004375
31
0
0
MTEXT
5
314
330
104
100
AcDbEntity
8
E-ANNO-SCHD
100
AcDbMText
10
46.64327586
20
21.36125
30
0
40
0.09375
41
0.62842974
71
1
72
1
7
MAIN
50
0
73
2
44
1.45
1
Cabinet B\PCabinet B
0
LINE
5
315
330
104
100
AcDbEntity
8
E-ANNO-SCHD
100
AcDbLine
10
50.05028736
20
21.43625
30
0
11
50.05028736
21
21.004375
31
0
0
MTEXT
5
316
330
104
100
AcDbEntity
8
E-ANNO-SCHD
100
AcDbMText
10
50.12028736
20
21.36125
30
0
40
0.09375
41
0.54512598
71
1
72
1
7
MAIN
50
0
73
2
44
1.45
1
LP-1/14 \P\U+2014 
0
LINE
5
317
330
104
100
AcDbEntity
8
E-ANNO-SCHD
100
AcDbLine
10
53.875
20
21.43625
30
0
11
53.875
21
21.004375
31
0
0
LINE
5
318
330
104
100
AcDbEntity
8
E-ANNO-SCHD
100
AcDbLine
10
38.75
20
21.004375
30
0
11
53.875
21
21.004375
31
0
0
LINE
5
319
330
104
100
AcDbEntity
8
E-ANNO-SCHD
100
AcDbLine
10
38.75
20
20.5725
30
0
11
53.875
21
20.5725
31
0
0
LINE
5
31A
330
104
100
AcDbEntity
8
E-ANNO-SCHD
100
AcDbLine
10
38.75
20
21.004375
30
0
11
38.75
21
20.5725
31
0
0
TEXT
5
31B
330
104
100
AcDbEntity
8
E-ANNO-SCHD
100
AcDbText
10
38.82
20
20.835625
30
0
40
0.09375
1
DEC-1
50
0
41
1
7
MAIN
72
0
11
38.82
21
20.835625
31
0
100
AcDbText
73
0
0
LINE
5
31C
330
104
100
AcDbEntity
8
E-ANNO-SCHD
100
AcDbLine
10
40.48850575
20
21.004375
30
0
11
40.48850575
21
20.5725
31
0
0
TEXT
5
31D
330
104
100
AcDbEntity
8
E-ANNO-SCHD
100
AcDbText
10
40.55850575
20
20.835625
30
0
40
0.09375
1
1
50
0
41
1
7
MAIN
72
0
11
40.55850575
21
20.835625
31
0
100
AcDbText
73
0
0
LINE
5
31E
330
104
100
AcDbEntity
8
E-ANNO-SCHD
100
AcDbLine
10
41.35775862
20
21.004375
30
0
11
41.35775862
21
20.5725
31
0
0
MTEXT
5
31F
330
104
100
AcDbEntity
8
E-ANNO-SCHD
100
AcDbMText
10
41.42775862
20
20.929375
30
0
40
0.09375
41
2.18106015
71
1
72
1
7
MAIN
50
0
73
2
44
1.45
1
EX-DECODER-4CH\PEXAMPLE 4-channel DMX decoder
0
LINE
5
320
330
104
100
AcDbEntity
8
E-ANNO-SCHD
100
AcDbLine
10
46.57327586
20
21.004375
30
0
11
46.57327586
21
20.5725
31
0
0
MTEXT
5
321
330
104
100
AcDbEntity
8
E-ANNO-SCHD
100
AcDbMText
10
46.64327586
20
20.929375
30
0
40
0.09375
41
0.62842974
71
1
72
1
7
MAIN
50
0
73
2
44
1.45
1
Cabinet A\PCabinet A
0
LINE
5
322
330
104
100
AcDbEntity
8
E-ANNO-SCHD
100
AcDbLine
10
50.05028736
20
21.004375
30
0
11
50.05028736
21
20.5725
31
0
0
MTEXT
5
323
330
104
100
AcDbEntity
8
E-ANNO-SCHD
100
AcDbMText
10
50.12028736
20
20.929375
30
0
40
0.09375
41
1.18826828
71
1
72
1
7
MAIN
50
0
73
2
44
1.45
1
PS-1 OUT1\PCON-1 DATA-OUT
0
LINE
5
324
330
104
100
AcDbEntity
8
E-ANNO-SCHD
100
AcDbLine
10
53.875
20
21.004375
30
0
11
53.875
21
20.5725
31
0
0
LINE
5
325
330
104
100
AcDbEntity
8
E-ANNO-SCHD
100
AcDbLine
10
38.75
20
20.5725
30
0
11
53.875
21
20.5725
31
0
0
LINE
5
326
330
104
100
AcDbEntity
8
E-ANNO-SCHD
100
AcDbLine
10
38.75
20
20.140625
30
0
11
53.875
21
20.140625
31
0
0
LINE
5
327
330
104
100
AcDbEntity
8
E-ANNO-SCHD
100
AcDbLine
10
38.75
20
20.5725
30
0
11
38.75
21
20.140625
31
0
0
TEXT
5
328
330
104
100
AcDbEntity
8
E-ANNO-SCHD
100
AcDbText
10
38.82
20
20.40375
30
0
40
0.09375
1
DEC-2
50
0
41
1
7
MAIN
72
0
11
38.82
21
20.40375
31
0
100
AcDbText
73
0
0
LINE
5
329
330
104
100
AcDbEntity
8
E-ANNO-SCHD
100
AcDbLine
10
40.48850575
20
20.5725
30
0
11
40.48850575
21
20.140625
31
0
0
TEXT
5
32A
330
104
100
AcDbEntity
8
E-ANNO-SCHD
100
AcDbText
10
40.55850575
20
20.40375
30
0
40
0.09375
1
1
50
0
41
1
7
MAIN
72
0
11
40.55850575
21
20.40375
31
0
100
AcDbText
73
0
0
LINE
5
32B
330
104
100
AcDbEntity
8
E-ANNO-SCHD
100
AcDbLine
10
41.35775862
20
20.5725
30
0
11
41.35775862
21
20.140625
31
0
0
MTEXT
5
32C
330
104
100
AcDbEntity
8
E-ANNO-SCHD
100
AcDbMText
10
41.42775862
20
20.4975
30
0
40
0.09375
41
2.18106015
71
1
72
1
7
MAIN
50
0
73
2
44
1.45
1
EX-DECODER-4CH\PEXAMPLE 4-channel DMX decoder
0
LINE
5
32D
330
104
100
AcDbEntity
8
E-ANNO-SCHD
100
AcDbLine
10
46.57327586
20
20.5725
30
0
11
46.57327586
21
20.140625
31
0
0
MTEXT
5
32E
330
104
100
AcDbEntity
8
E-ANNO-SCHD
100
AcDbMText
10
46.64327586
20
20.4975
30
0
40
0.09375
41
0.62842974
71
1
72
1
7
MAIN
50
0
73
2
44
1.45
1
Cabinet A\PCabinet A
0
LINE
5
32F
330
104
100
AcDbEntity
8
E-ANNO-SCHD
100
AcDbLine
10
50.05028736
20
20.5725
30
0
11
50.05028736
21
20.140625
31
0
0
MTEXT
5
330
330
104
100
AcDbEntity
8
E-ANNO-SCHD
100
AcDbMText
10
50.12028736
20
20.4975
30
0
40
0.09375
41
0.73422285
71
1
72
1
7
MAIN
50
0
73
2
44
1.45
1
PS-2 OUT1\PDEC-1 
0
LINE
5
331
330
104
100
AcDbEntity
8
E-ANNO-SCHD
100
AcDbLine
10
53.875
20
20.5725
30
0
11
53.875
21
20.140625
31
0
0
LINE
5
332
330
104
100
AcDbEntity
8
E-ANNO-SCHD
100
AcDbLine
10
38.75
20
20.140625
30
0
11
53.875
21
20.140625
31
0
0
LINE
5
333
330
104
100
AcDbEntity
8
E-ANNO-SCHD
100
AcDbLine
10
38.75
20
19.70875
30
0
11
53.875
21
19.70875
31
0
0
LINE
5
334
330
104
100
AcDbEntity
8
E-ANNO-SCHD
100
AcDbLine
10
38.75
20
20.140625
30
0
11
38.75
21
19.70875
31
0
0
TEXT
5
335
330
104
100
AcDbEntity
8
E-ANNO-SCHD
100
AcDbText
10
38.82
20
19.971875
30
0
40
0.09375
1
CON-1
50
0
41
1
7
MAIN
72
0
11
38.82
21
19.971875
31
0
100
AcDbText
73
0
0
LINE
5
336
330
104
100
AcDbEntity
8
E-ANNO-SCHD
100
AcDbLine
10
40.48850575
20
20.140625
30
0
11
40.48850575
21
19.70875
31
0
0
TEXT
5
337
330
104
100
AcDbEntity
8
E-ANNO-SCHD
100
AcDbText
10
40.55850575
20
19.971875
30
0
40
0.09375
1
1
50
0
41
1
7
MAIN
72
0
11
40.55850575
21
19.971875
31
0
100
AcDbText
73
0
0
LINE
5
338
330
104
100
AcDbEntity
8
E-ANNO-SCHD
100
AcDbLine
10
41.35775862
20
20.140625
30
0
11
41.35775862
21
19.70875
31
0
0
MTEXT
5
339
330
104
100
AcDbEntity
8
E-ANNO-SCHD
100
AcDbMText
10
41.42775862
20
20.065625
30
0
40
0.09375
41
1.567327
71
1
72
1
7
MAIN
50
0
73
2
44
1.45
1
EX-DMX-CONTROLLER\PEXAMPLE dmx controller
0
LINE
5
33A
330
104
100
AcDbEntity
8
E-ANNO-SCHD
100
AcDbLine
10
46.57327586
20
20.140625
30
0
11
46.57327586
21
19.70875
31
0
0
MTEXT
5
33B
330
104
100
AcDbEntity
8
E-ANNO-SCHD
100
AcDbMText
10
46.64327586
20
20.065625
30
0
40
0.09375
41
0.79497072
71
1
72
1
7
MAIN
50
0
73
2
44
1.45
1
Control desk\PControl desk
0
LINE
5
33C
330
104
100
AcDbEntity
8
E-ANNO-SCHD
100
AcDbLine
10
50.05028736
20
20.140625
30
0
11
50.05028736
21
19.70875
31
0
0
MTEXT
5
33D
330
104
100
AcDbEntity
8
E-ANNO-SCHD
100
AcDbMText
10
50.12028736
20
20.065625
30
0
40
0.09375
41
0.73422285
71
1
72
1
7
MAIN
50
0
73
2
44
1.45
1
PS-3 OUT1\P\U+2014 
0
LINE
5
33E
330
104
100
AcDbEntity
8
E-ANNO-SCHD
100
AcDbLine
10
53.875
20
20.140625
30
0
11
53.875
21
19.70875
31
0
0
TEXT
5
33F
330
104
100
AcDbEntity
8
E-ANNO-SCHD
100
AcDbText
10
38.75
20
19.25875
30
0
40
0.1875
1
LOAD SCHEDULE
50
0
41
1
7
BOLD
72
0
11
38.75
21
19.25875
31
0
100
AcDbText
73
0
0
LINE
5
340
330
104
100
AcDbEntity
8
E-ANNO-SCHD
100
AcDbLine
10
38.75
20
19.13875
30
0
11
53.875
21
19.13875
31
0
0
LINE
5
341
330
104
100
AcDbEntity
8
E-ANNO-SCHD
100
AcDbLine
10
38.75
20
18.85875
30
0
11
53.875
21
18.85875
31
0
0
LINE
5
342
330
104
100
AcDbEntity
8
E-ANNO-SCHD
100
AcDbLine
10
38.75
20
18.55875
30
0
11
53.875
21
18.55875
31
0
0
LINE
5
343
330
104
100
AcDbEntity
8
E-ANNO-SCHD
100
AcDbLine
10
38.75
20
18.85875
30
0
11
38.75
21
18.55875
31
0
0
TEXT
5
344
330
104
100
AcDbEntity
8
E-ANNO-SCHD
100
AcDbText
10
38.82
20
18.69
30
0
40
0.09375
1
TAG
50
0
41
1
7
BOLD
72
0
11
38.82
21
18.69
31
0
100
AcDbText
73
0
0
LINE
5
345
330
104
100
AcDbEntity
8
E-ANNO-SCHD
100
AcDbLine
10
40.48850575
20
18.85875
30
0
11
40.48850575
21
18.55875
31
0
0
TEXT
5
346
330
104
100
AcDbEntity
8
E-ANNO-SCHD
100
AcDbText
10
40.55850575
20
18.69
30
0
40
0.09375
1
SKU / MODEL
50
0
41
1
7
BOLD
72
0
11
40.55850575
21
18.69
31
0
100
AcDbText
73
0
0
LINE
5
347
330
104
100
AcDbEntity
8
E-ANNO-SCHD
100
AcDbLine
10
45.70402299
20
18.85875
30
0
11
45.70402299
21
18.55875
31
0
0
TEXT
5
348
330
104
100
AcDbEntity
8
E-ANNO-SCHD
100
AcDbText
10
45.77402299
20
18.69
30
0
40
0.09375
1
QTY / LENGTH
50
0
41
1
7
BOLD
72
0
11
45.77402299
21
18.69
31
0
100
AcDbText
73
0
0
LINE
5
349
330
104
100
AcDbEntity
8
E-ANNO-SCHD
100
AcDbLine
10
48.13793103
20
18.85875
30
0
11
48.13793103
21
18.55875
31
0
0
TEXT
5
34A
330
104
100
AcDbEntity
8
E-ANNO-SCHD
100
AcDbText
10
48.20793103
20
18.69
30
0
40
0.09375
1
WATTS
50
0
41
1
7
BOLD
72
0
11
48.20793103
21
18.69
31
0
100
AcDbText
73
0
0
LINE
5
34B
330
104
100
AcDbEntity
8
E-ANNO-SCHD
100
AcDbLine
10
49.87643678
20
18.85875
30
0
11
49.87643678
21
18.55875
31
0
0
TEXT
5
34C
330
104
100
AcDbEntity
8
E-ANNO-SCHD
100
AcDbText
10
49.94643678
20
18.69
30
0
40
0.09375
1
FEED / ZONE
50
0
41
1
7
BOLD
72
0
11
49.94643678
21
18.69
31
0
100
AcDbText
73
0
0
LINE
5
34D
330
104
100
AcDbEntity
8
E-ANNO-SCHD
100
AcDbLine
10
53.875
20
18.85875
30
0
11
53.875
21
18.55875
31
0
0
LINE
5
34E
330
104
100
AcDbEntity
8
E-ANNO-SCHD
100
AcDbLine
10
38.75
20
18.55875
30
0
11
53.875
21
18.55875
31
0
0
LINE
5
34F
330
104
100
AcDbEntity
8
E-ANNO-SCHD
100
AcDbLine
10
38.75
20
18.126875
30
0
11
53.875
21
18.126875
31
0
0
LINE
5
350
330
104
100
AcDbEntity
8
E-ANNO-SCHD
100
AcDbLine
10
38.75
20
18.55875
30
0
11
38.75
21
18.126875
31
0
0
TEXT
5
351
330
104
100
AcDbEntity
8
E-ANNO-SCHD
100
AcDbText
10
38.82
20
18.39
30
0
40
0.09375
1
T1
50
0
41
1
7
MAIN
72
0
11
38.82
21
18.39
31
0
100
AcDbText
73
0
0
LINE
5
352
330
104
100
AcDbEntity
8
E-ANNO-SCHD
100
AcDbLine
10
40.48850575
20
18.55875
30
0
11
40.48850575
21
18.126875
31
0
0
MTEXT
5
353
330
104
100
AcDbEntity
8
E-ANNO-SCHD
100
AcDbMText
10
40.55850575
20
18.48375
30
0
40
0.09375
41
1.62820795
71
1
72
1
7
MAIN
50
0
73
2
44
1.45
1
EX-TAPE-RGBW\PEXAMPLE 24 V rgbw tape
0
LINE
5
354
330
104
100
AcDbEntity
8
E-ANNO-SCHD
100
AcDbLine
10
45.70402299
20
18.55875
30
0
11
45.70402299
21
18.126875
31
0
0
TEXT
5
355
330
104
100
AcDbEntity
8
E-ANNO-SCHD
100
AcDbText
10
45.77402299
20
18.39
30
0
40
0.09375
1
12.0 ft
50
0
41
1
7
MAIN
72
0
11
45.77402299
21
18.39
31
0
100
AcDbText
73
0
0
LINE
5
356
330
104
100
AcDbEntity
8
E-ANNO-SCHD
100
AcDbLine
10
48.13793103
20
18.55875
30
0
11
48.13793103
21
18.126875
31
0
0
TEXT
5
357
330
104
100
AcDbEntity
8
E-ANNO-SCHD
100
AcDbText
10
48.20793103
20
18.39
30
0
40
0.09375
1
52.8
50
0
41
1
7
MAIN
72
0
11
48.20793103
21
18.39
31
0
100
AcDbText
73
0
0
LINE
5
358
330
104
100
AcDbEntity
8
E-ANNO-SCHD
100
AcDbLine
10
49.87643678
20
18.55875
30
0
11
49.87643678
21
18.126875
31
0
0
MTEXT
5
359
330
104
100
AcDbEntity
8
E-ANNO-SCHD
100
AcDbMText
10
49.94643678
20
18.48375
30
0
40
0.09375
41
0.87048971
71
1
72
1
7
MAIN
50
0
73
2
44
1.45
1
DEC-1 CH1-4\PGallery cove
0
LINE
5
35A
330
104
100
AcDbEntity
8
E-ANNO-SCHD
100
AcDbLine
10
53.875
20
18.55875
30
0
11
53.875
21
18.126875
31
0
0
LINE
5
35B
330
104
100
AcDbEntity
8
E-ANNO-SCHD
100
AcDbLine
10
38.75
20
18.126875
30
0
11
53.875
21
18.126875
31
0
0
LINE
5
35C
330
104
100
AcDbEntity
8
E-ANNO-SCHD
100
AcDbLine
10
38.75
20
17.695
30
0
11
53.875
21
17.695
31
0
0
LINE
5
35D
330
104
100
AcDbEntity
8
E-ANNO-SCHD
100
AcDbLine
10
38.75
20
18.126875
30
0
11
38.75
21
17.695
31
0
0
TEXT
5
35E
330
104
100
AcDbEntity
8
E-ANNO-SCHD
100
AcDbText
10
38.82
20
17.958125
30
0
40
0.09375
1
T2
50
0
41
1
7
MAIN
72
0
11
38.82
21
17.958125
31
0
100
AcDbText
73
0
0
LINE
5
35F
330
104
100
AcDbEntity
8
E-ANNO-SCHD
100
AcDbLine
10
40.48850575
20
18.126875
30
0
11
40.48850575
21
17.695
31
0
0
MTEXT
5
360
330
104
100
AcDbEntity
8
E-ANNO-SCHD
100
AcDbMText
10
40.55850575
20
18.051875
30
0
40
0.09375
41
2.14340046
71
1
72
1
7
MAIN
50
0
73
2
44
1.45
1
EX-TAPE-TW\PEXAMPLE 24 V tunable-white tape
0
LINE
5
361
330
104
100
AcDbEntity
8
E-ANNO-SCHD
100
AcDbLine
10
45.70402299
20
18.126875
30
0
11
45.70402299
21
17.695
31
0
0
TEXT
5
362
330
104
100
AcDbEntity
8
E-ANNO-SCHD
100
AcDbText
10
45.77402299
20
17.958125
30
0
40
0.09375
1
10.0 ft
50
0
41
1
7
MAIN
72
0
11
45.77402299
21
17.958125
31
0
100
AcDbText
73
0
0
LINE
5
363
330
104
100
AcDbEntity
8
E-ANNO-SCHD
100
AcDbLine
10
48.13793103
20
18.126875
30
0
11
48.13793103
21
17.695
31
0
0
TEXT
5
364
330
104
100
AcDbEntity
8
E-ANNO-SCHD
100
AcDbText
10
48.20793103
20
17.958125
30
0
40
0.09375
1
44.0
50
0
41
1
7
MAIN
72
0
11
48.20793103
21
17.958125
31
0
100
AcDbText
73
0
0
LINE
5
365
330
104
100
AcDbEntity
8
E-ANNO-SCHD
100
AcDbLine
10
49.87643678
20
18.126875
30
0
11
49.87643678
21
17.695
31
0
0
MTEXT
5
366
330
104
100
AcDbEntity
8
E-ANNO-SCHD
100
AcDbMText
10
49.94643678
20
18.051875
30
0
40
0.09375
41
0.87048971
71
1
72
1
7
MAIN
50
0
73
2
44
1.45
1
DEC-2 CH1-2\PWest wall
0
LINE
5
367
330
104
100
AcDbEntity
8
E-ANNO-SCHD
100
AcDbLine
10
53.875
20
18.126875
30
0
11
53.875
21
17.695
31
0
0
LINE
5
368
330
104
100
AcDbEntity
8
E-ANNO-SCHD
100
AcDbLine
10
38.75
20
17.695
30
0
11
53.875
21
17.695
31
0
0
LINE
5
369
330
104
100
AcDbEntity
8
E-ANNO-SCHD
100
AcDbLine
10
38.75
20
17.263125
30
0
11
53.875
21
17.263125
31
0
0
LINE
5
36A
330
104
100
AcDbEntity
8
E-ANNO-SCHD
100
AcDbLine
10
38.75
20
17.695
30
0
11
38.75
21
17.263125
31
0
0
TEXT
5
36B
330
104
100
AcDbEntity
8
E-ANNO-SCHD
100
AcDbText
10
38.82
20
17.52625
30
0
40
0.09375
1
T3
50
0
41
1
7
MAIN
72
0
11
38.82
21
17.52625
31
0
100
AcDbText
73
0
0
LINE
5
36C
330
104
100
AcDbEntity
8
E-ANNO-SCHD
100
AcDbLine
10
40.48850575
20
17.695
30
0
11
40.48850575
21
17.263125
31
0
0
MTEXT
5
36D
330
104
100
AcDbEntity
8
E-ANNO-SCHD
100
AcDbMText
10
40.55850575
20
17.62
30
0
40
0.09375
41
1.65096345
71
1
72
1
7
MAIN
50
0
73
2
44
1.45
1
EX-TAPE-WHITE\PEXAMPLE 24 V white tape
0
LINE
5
36E
330
104
100
AcDbEntity
8
E-ANNO-SCHD
100
AcDbLine
10
45.70402299
20
17.695
30
0
11
45.70402299
21
17.263125
31
0
0
TEXT
5
36F
330
104
100
AcDbEntity
8
E-ANNO-SCHD
100
AcDbText
10
45.77402299
20
17.52625
30
0
40
0.09375
1
8.0 ft
50
0
41
1
7
MAIN
72
0
11
45.77402299
21
17.52625
31
0
100
AcDbText
73
0
0
LINE
5
370
330
104
100
AcDbEntity
8
E-ANNO-SCHD
100
AcDbLine
10
48.13793103
20
17.695
30
0
11
48.13793103
21
17.263125
31
0
0
TEXT
5
371
330
104
100
AcDbEntity
8
E-ANNO-SCHD
100
AcDbText
10
48.20793103
20
17.52625
30
0
40
0.09375
1
35.2
50
0
41
1
7
MAIN
72
0
11
48.20793103
21
17.52625
31
0
100
AcDbText
73
0
0
LINE
5
372
330
104
100
AcDbEntity
8
E-ANNO-SCHD
100
AcDbLine
10
49.87643678
20
17.695
30
0
11
49.87643678
21
17.263125
31
0
0
MTEXT
5
373
330
104
100
AcDbEntity
8
E-ANNO-SCHD
100
AcDbMText
10
49.94643678
20
17.62
30
0
40
0.09375
41
0.73422285
71
1
72
1
7
MAIN
50
0
73
2
44
1.45
1
PS-3 OUT1\PEntry
0
LINE
5
374
330
104
100
AcDbEntity
8
E-ANNO-SCHD
100
AcDbLine
10
53.875
20
17.695
30
0
11
53.875
21
17.263125
31
0
0
LINE
5
375
330
104
100
AcDbEntity
8
E-ANNO-SCHD
100
AcDbLine
10
38.75
20
17.263125
30
0
11
53.875
21
17.263125
31
0
0
LINE
5
376
330
104
100
AcDbEntity
8
E-ANNO-SCHD
100
AcDbLine
10
38.75
20
16.83125
30
0
11
53.875
21
16.83125
31
0
0
LINE
5
377
330
104
100
AcDbEntity
8
E-ANNO-SCHD
100
AcDbLine
10
38.75
20
17.263125
30
0
11
38.75
21
16.83125
31
0
0
TEXT
5
378
330
104
100
AcDbEntity
8
E-ANNO-SCHD
100
AcDbText
10
38.82
20
17.094375
30
0
40
0.09375
1
T3
50
0
41
1
7
MAIN
72
0
11
38.82
21
17.094375
31
0
100
AcDbText
73
0
0
LINE
5
379
330
104
100
AcDbEntity
8
E-ANNO-SCHD
100
AcDbLine
10
40.48850575
20
17.263125
30
0
11
40.48850575
21
16.83125
31
0
0
MTEXT
5
37A
330
104
100
AcDbEntity
8
E-ANNO-SCHD
100
AcDbMText
10
40.55850575
20
17.188125
30
0
40
0.09375
41
1.65096345
71
1
72
1
7
MAIN
50
0
73
2
44
1.45
1
EX-TAPE-WHITE\PEXAMPLE 24 V white tape
0
LINE
5
37B
330
104
100
AcDbEntity
8
E-ANNO-SCHD
100
AcDbLine
10
45.70402299
20
17.263125
30
0
11
45.70402299
21
16.83125
31
0
0
TEXT
5
37C
330
104
100
AcDbEntity
8
E-ANNO-SCHD
100
AcDbText
10
45.77402299
20
17.094375
30
0
40
0.09375
1
8.0 ft
50
0
41
1
7
MAIN
72
0
11
45.77402299
21
17.094375
31
0
100
AcDbText
73
0
0
LINE
5
37D
330
104
100
AcDbEntity
8
E-ANNO-SCHD
100
AcDbLine
10
48.13793103
20
17.263125
30
0
11
48.13793103
21
16.83125
31
0
0
TEXT
5
37E
330
104
100
AcDbEntity
8
E-ANNO-SCHD
100
AcDbText
10
48.20793103
20
17.094375
30
0
40
0.09375
1
35.2
50
0
41
1
7
MAIN
72
0
11
48.20793103
21
17.094375
31
0
100
AcDbText
73
0
0
LINE
5
37F
330
104
100
AcDbEntity
8
E-ANNO-SCHD
100
AcDbLine
10
49.87643678
20
17.263125
30
0
11
49.87643678
21
16.83125
31
0
0
MTEXT
5
380
330
104
100
AcDbEntity
8
E-ANNO-SCHD
100
AcDbMText
10
49.94643678
20
17.188125
30
0
40
0.09375
41
0.73422285
71
1
72
1
7
MAIN
50
0
73
2
44
1.45
1
PS-3 OUT1\PReception
0
LINE
5
381
330
104
100
AcDbEntity
8
E-ANNO-SCHD
100
AcDbLine
10
53.875
20
17.263125
30
0
11
53.875
21
16.83125
31
0
0
LINE
5
382
330
104
100
AcDbEntity
8
E-ANNO-SCHD
100
AcDbLine
10
38.75
20
16.83125
30
0
11
53.875
21
16.83125
31
0
0
LINE
5
383
330
104
100
AcDbEntity
8
E-ANNO-SCHD
100
AcDbLine
10
38.75
20
16.399375
30
0
11
53.875
21
16.399375
31
0
0
LINE
5
384
330
104
100
AcDbEntity
8
E-ANNO-SCHD
100
AcDbLine
10
38.75
20
16.83125
30
0
11
38.75
21
16.399375
31
0
0
TEXT
5
385
330
104
100
AcDbEntity
8
E-ANNO-SCHD
100
AcDbText
10
38.82
20
16.6625
30
0
40
0.09375
1
D1
50
0
41
1
7
MAIN
72
0
11
38.82
21
16.6625
31
0
100
AcDbText
73
0
0
LINE
5
386
330
104
100
AcDbEntity
8
E-ANNO-SCHD
100
AcDbLine
10
40.48850575
20
16.83125
30
0
11
40.48850575
21
16.399375
31
0
0
MTEXT
5
387
330
104
100
AcDbEntity
8
E-ANNO-SCHD
100
AcDbMText
10
40.55850575
20
16.75625
30
0
40
0.09375
41
2.02210433
71
1
72
1
7
MAIN
50
0
73
2
44
1.45
1
EX-DOWNLIGHT-LINE\PEXAMPLE line-voltage downlight
0
LINE
5
388
330
104
100
AcDbEntity
8
E-ANNO-SCHD
100
AcDbLine
10
45.70402299
20
16.83125
30
0
11
45.70402299
21
16.399375
31
0
0
TEXT
5
389
330
104
100
AcDbEntity
8
E-ANNO-SCHD
100
AcDbText
10
45.77402299
20
16.6625
30
0
40
0.09375
1
4 ea
50
0
41
1
7
MAIN
72
0
11
45.77402299
21
16.6625
31
0
100
AcDbText
73
0
0
LINE
5
38A
330
104
100
AcDbEntity
8
E-ANNO-SCHD
100
AcDbLine
10
48.13793103
20
16.83125
30
0
11
48.13793103
21
16.399375
31
0
0
TEXT
5
38B
330
104
100
AcDbEntity
8
E-ANNO-SCHD
100
AcDbText
10
48.20793103
20
16.6625
30
0
40
0.09375
1
60.0
50
0
41
1
7
MAIN
72
0
11
48.20793103
21
16.6625
31
0
100
AcDbText
73
0
0
LINE
5
38C
330
104
100
AcDbEntity
8
E-ANNO-SCHD
100
AcDbLine
10
49.87643678
20
16.83125
30
0
11
49.87643678
21
16.399375
31
0
0
MTEXT
5
38D
330
104
100
AcDbEntity
8
E-ANNO-SCHD
100
AcDbMText
10
49.94643678
20
16.75625
30
0
40
0.09375
41
0.54512598
71
1
72
1
7
MAIN
50
0
73
2
44
1.45
1
LP-1/12 \PGallery
0
LINE
5
38E
330
104
100
AcDbEntity
8
E-ANNO-SCHD
100
AcDbLine
10
53.875
20
16.83125
30
0
11
53.875
21
16.399375
31
0
0
LINE
5
38F
330
104
100
AcDbEntity
8
E-ANNO-SCHD
100
AcDbLine
10
38.75
20
16.399375
30
0
11
53.875
21
16.399375
31
0
0
LINE
5
390
330
104
100
AcDbEntity
8
E-ANNO-SCHD
100
AcDbLine
10
38.75
20
15.9675
30
0
11
53.875
21
15.9675
31
0
0
LINE
5
391
330
104
100
AcDbEntity
8
E-ANNO-SCHD
100
AcDbLine
10
38.75
20
16.399375
30
0
11
38.75
21
15.9675
31
0
0
TEXT
5
392
330
104
100
AcDbEntity
8
E-ANNO-SCHD
100
AcDbText
10
38.82
20
16.230625
30
0
40
0.09375
1
D1
50
0
41
1
7
MAIN
72
0
11
38.82
21
16.230625
31
0
100
AcDbText
73
0
0
LINE
5
393
330
104
100
AcDbEntity
8
E-ANNO-SCHD
100
AcDbLine
10
40.48850575
20
16.399375
30
0
11
40.48850575
21
15.9675
31
0
0
MTEXT
5
394
330
104
100
AcDbEntity
8
E-ANNO-SCHD
100
AcDbMText
10
40.55850575
20
16.324375
30
0
40
0.09375
41
2.02210433
71
1
72
1
7
MAIN
50
0
73
2
44
1.45
1
EX-DOWNLIGHT-LINE\PEXAMPLE line-voltage downlight
0
LINE
5
395
330
104
100
AcDbEntity
8
E-ANNO-SCHD
100
AcDbLine
10
45.70402299
20
16.399375
30
0
11
45.70402299
21
15.9675
31
0
0
TEXT
5
396
330
104
100
AcDbEntity
8
E-ANNO-SCHD
100
AcDbText
10
45.77402299
20
16.230625
30
0
40
0.09375
1
2 ea
50
0
41
1
7
MAIN
72
0
11
45.77402299
21
16.230625
31
0
100
AcDbText
73
0
0
LINE
5
397
330
104
100
AcDbEntity
8
E-ANNO-SCHD
100
AcDbLine
10
48.13793103
20
16.399375
30
0
11
48.13793103
21
15.9675
31
0
0
TEXT
5
398
330
104
100
AcDbEntity
8
E-ANNO-SCHD
100
AcDbText
10
48.20793103
20
16.230625
30
0
40
0.09375
1
30.0
50
0
41
1
7
MAIN
72
0
11
48.20793103
21
16.230625
31
0
100
AcDbText
73
0
0
LINE
5
399
330
104
100
AcDbEntity
8
E-ANNO-SCHD
100
AcDbLine
10
49.87643678
20
16.399375
30
0
11
49.87643678
21
15.9675
31
0
0
MTEXT
5
39A
330
104
100
AcDbEntity
8
E-ANNO-SCHD
100
AcDbMText
10
49.94643678
20
16.324375
30
0
40
0.09375
41
0.54512598
71
1
72
1
7
MAIN
50
0
73
2
44
1.45
1
LP-1/14 \PEntry
0
LINE
5
39B
330
104
100
AcDbEntity
8
E-ANNO-SCHD
100
AcDbLine
10
53.875
20
16.399375
30
0
11
53.875
21
15.9675
31
0
0
TEXT
5
39C
330
104
100
AcDbEntity
8
E-ANNO-SCHD
100
AcDbText
10
38.75
20
15.5175
30
0
40
0.1875
1
WIRE SCHEDULE
50
0
41
1
7
BOLD
72
0
11
38.75
21
15.5175
31
0
100
AcDbText
73
0
0
LINE
5
39D
330
104
100
AcDbEntity
8
E-ANNO-SCHD
100
AcDbLine
10
38.75
20
15.3975
30
0
11
53.875
21
15.3975
31
0
0
LINE
5
39E
330
104
100
AcDbEntity
8
E-ANNO-SCHD
100
AcDbLine
10
38.75
20
15.1175
30
0
11
53.875
21
15.1175
31
0
0
LINE
5
39F
330
104
100
AcDbEntity
8
E-ANNO-SCHD
100
AcDbLine
10
38.75
20
14.8175
30
0
11
53.875
21
14.8175
31
0
0
LINE
5
3A0
330
104
100
AcDbEntity
8
E-ANNO-SCHD
100
AcDbLine
10
38.75
20
15.1175
30
0
11
38.75
21
14.8175
31
0
0
TEXT
5
3A1
330
104
100
AcDbEntity
8
E-ANNO-SCHD
100
AcDbText
10
38.82
20
14.94875
30
0
40
0.09375
1
TAG
50
0
41
1
7
BOLD
72
0
11
38.82
21
14.94875
31
0
100
AcDbText
73
0
0
LINE
5
3A2
330
104
100
AcDbEntity
8
E-ANNO-SCHD
100
AcDbLine
10
40.27201258
20
15.1175
30
0
11
40.27201258
21
14.8175
31
0
0
TEXT
5
3A3
330
104
100
AcDbEntity
8
E-ANNO-SCHD
100
AcDbText
10
40.34201258
20
14.94875
30
0
40
0.09375
1
WIRE / FROM \U+2192 TO
50
0
41
1
7
BOLD
72
0
11
40.34201258
21
14.94875
31
0
100
AcDbText
73
0
0
LINE
5
3A4
330
104
100
AcDbEntity
8
E-ANNO-SCHD
100
AcDbLine
10
46.93081761
20
15.1175
30
0
11
46.93081761
21
14.8175
31
0
0
TEXT
5
3A5
330
104
100
AcDbEntity
8
E-ANNO-SCHD
100
AcDbText
10
47.00081761
20
14.94875
30
0
40
0.09375
1
LENGTH FT
50
0
41
1
7
BOLD
72
0
11
47.00081761
21
14.94875
31
0
100
AcDbText
73
0
0
LINE
5
3A6
330
104
100
AcDbEntity
8
E-ANNO-SCHD
100
AcDbLine
10
48.83333333
20
15.1175
30
0
11
48.83333333
21
14.8175
31
0
0
TEXT
5
3A7
330
104
100
AcDbEntity
8
E-ANNO-SCHD
100
AcDbText
10
48.90333333
20
14.94875
30
0
40
0.09375
1
A
50
0
41
1
7
BOLD
72
0
11
48.90333333
21
14.94875
31
0
100
AcDbText
73
0
0
LINE
5
3A8
330
104
100
AcDbEntity
8
E-ANNO-SCHD
100
AcDbLine
10
50.06996855
20
15.1175
30
0
11
50.06996855
21
14.8175
31
0
0
TEXT
5
3A9
330
104
100
AcDbEntity
8
E-ANNO-SCHD
100
AcDbText
10
50.13996855
20
14.94875
30
0
40
0.09375
1
VD %
50
0
41
1
7
BOLD
72
0
11
50.13996855
21
14.94875
31
0
100
AcDbText
73
0
0
LINE
5
3AA
330
104
100
AcDbEntity
8
E-ANNO-SCHD
100
AcDbLine
10
51.40172956
20
15.1175
30
0
11
51.40172956
21
14.8175
31
0
0
TEXT
5
3AB
330
104
100
AcDbEntity
8
E-ANNO-SCHD
100
AcDbText
10
51.47172956
20
14.94875
30
0
40
0.09375
1
END V
50
0
41
1
7
BOLD
72
0
11
51.47172956
21
14.94875
31
0
100
AcDbText
73
0
0
LINE
5
3AC
330
104
100
AcDbEntity
8
E-ANNO-SCHD
100
AcDbLine
10
52.73349057
20
15.1175
30
0
11
52.73349057
21
14.8175
31
0
0
TEXT
5
3AD
330
104
100
AcDbEntity
8
E-ANNO-SCHD
100
AcDbText
10
52.80349057
20
14.94875
30
0
40
0.09375
1
SETS
50
0
41
1
7
BOLD
72
0
11
52.80349057
21
14.94875
31
0
100
AcDbText
73
0
0
LINE
5
3AE
330
104
100
AcDbEntity
8
E-ANNO-SCHD
100
AcDbLine
10
53.875
20
15.1175
30
0
11
53.875
21
14.8175
31
0
0
LINE
5
3AF
330
104
100
AcDbEntity
8
E-ANNO-SCHD
100
AcDbLine
10
38.75
20
14.8175
30
0
11
53.875
21
14.8175
31
0
0
LINE
5
3B0
330
104
100
AcDbEntity
8
E-ANNO-SCHD
100
AcDbLine
10
38.75
20
14.385625
30
0
11
53.875
21
14.385625
31
0
0
LINE
5
3B1
330
104
100
AcDbEntity
8
E-ANNO-SCHD
100
AcDbLine
10
38.75
20
14.8175
30
0
11
38.75
21
14.385625
31
0
0
TEXT
5
3B2
330
104
100
AcDbEntity
8
E-ANNO-SCHD
100
AcDbText
10
38.82
20
14.64875
30
0
40
0.09375
1
W-01
50
0
41
1
7
MAIN
72
0
11
38.82
21
14.64875
31
0
100
AcDbText
73
0
0
LINE
5
3B3
330
104
100
AcDbEntity
8
E-ANNO-SCHD
100
AcDbLine
10
40.27201258
20
14.8175
30
0
11
40.27201258
21
14.385625
31
0
0
MTEXT
5
3B4
330
104
100
AcDbEntity
8
E-ANNO-SCHD
100
AcDbMText
10
40.34201258
20
14.7425
30
0
40
0.09375
41
1.8208978
71
1
72
1
7
MAIN
50
0
73
2
44
1.45
1
24 AWG 1-pair 120 \U+03A9 plenum\PCON-1:DATA-OUT \U+2192 DEC-1
0
LINE
5
3B5
330
104
100
AcDbEntity
8
E-ANNO-SCHD
100
AcDbLine
10
46.93081761
20
14.8175
30
0
11
46.93081761
21
14.385625
31
0
0
TEXT
5
3B6
330
104
100
AcDbEntity
8
E-ANNO-SCHD
100
AcDbText
10
47.00081761
20
14.64875
30
0
40
0.09375
1
50.0
50
0
41
1
7
MAIN
72
0
11
47.00081761
21
14.64875
31
0
100
AcDbText
73
0
0
LINE
5
3B7
330
104
100
AcDbEntity
8
E-ANNO-SCHD
100
AcDbLine
10
48.83333333
20
14.8175
30
0
11
48.83333333
21
14.385625
31
0
0
TEXT
5
3B8
330
104
100
AcDbEntity
8
E-ANNO-SCHD
100
AcDbText
10
48.90333333
20
14.64875
30
0
40
0.09375
1
0.00
50
0
41
1
7
MAIN
72
0
11
48.90333333
21
14.64875
31
0
100
AcDbText
73
0
0
LINE
5
3B9
330
104
100
AcDbEntity
8
E-ANNO-SCHD
100
AcDbLine
10
50.06996855
20
14.8175
30
0
11
50.06996855
21
14.385625
31
0
0
TEXT
5
3BA
330
104
100
AcDbEntity
8
E-ANNO-SCHD
100
AcDbText
10
50.13996855
20
14.64875
30
0
40
0.09375
1
\U+2014
50
0
41
1
7
MAIN
72
0
11
50.13996855
21
14.64875
31
0
100
AcDbText
73
0
0
LINE
5
3BB
330
104
100
AcDbEntity
8
E-ANNO-SCHD
100
AcDbLine
10
51.40172956
20
14.8175
30
0
11
51.40172956
21
14.385625
31
0
0
TEXT
5
3BC
330
104
100
AcDbEntity
8
E-ANNO-SCHD
100
AcDbText
10
51.47172956
20
14.64875
30
0
40
0.09375
1
\U+2014
50
0
41
1
7
MAIN
72
0
11
51.47172956
21
14.64875
31
0
100
AcDbText
73
0
0
LINE
5
3BD
330
104
100
AcDbEntity
8
E-ANNO-SCHD
100
AcDbLine
10
52.73349057
20
14.8175
30
0
11
52.73349057
21
14.385625
31
0
0
TEXT
5
3BE
330
104
100
AcDbEntity
8
E-ANNO-SCHD
100
AcDbText
10
52.80349057
20
14.64875
30
0
40
0.09375
1
1
50
0
41
1
7
MAIN
72
0
11
52.80349057
21
14.64875
31
0
100
AcDbText
73
0
0
LINE
5
3BF
330
104
100
AcDbEntity
8
E-ANNO-SCHD
100
AcDbLine
10
53.875
20
14.8175
30
0
11
53.875
21
14.385625
31
0
0
LINE
5
3C0
330
104
100
AcDbEntity
8
E-ANNO-SCHD
100
AcDbLine
10
38.75
20
14.385625
30
0
11
53.875
21
14.385625
31
0
0
LINE
5
3C1
330
104
100
AcDbEntity
8
E-ANNO-SCHD
100
AcDbLine
10
38.75
20
13.95375
30
0
11
53.875
21
13.95375
31
0
0
LINE
5
3C2
330
104
100
AcDbEntity
8
E-ANNO-SCHD
100
AcDbLine
10
38.75
20
14.385625
30
0
11
38.75
21
13.95375
31
0
0
TEXT
5
3C3
330
104
100
AcDbEntity
8
E-ANNO-SCHD
100
AcDbText
10
38.82
20
14.216875
30
0
40
0.09375
1
W-02
50
0
41
1
7
MAIN
72
0
11
38.82
21
14.216875
31
0
100
AcDbText
73
0
0
LINE
5
3C4
330
104
100
AcDbEntity
8
E-ANNO-SCHD
100
AcDbLine
10
40.27201258
20
14.385625
30
0
11
40.27201258
21
13.95375
31
0
0
MTEXT
5
3C5
330
104
100
AcDbEntity
8
E-ANNO-SCHD
100
AcDbMText
10
40.34201258
20
14.310625
30
0
40
0.09375
41
1.8208978
71
1
72
1
7
MAIN
50
0
73
2
44
1.45
1
24 AWG 1-pair 120 \U+03A9 plenum\PDEC-1 \U+2192 DEC-2
0
LINE
5
3C6
330
104
100
AcDbEntity
8
E-ANNO-SCHD
100
AcDbLine
10
46.93081761
20
14.385625
30
0
11
46.93081761
21
13.95375
31
0
0
TEXT
5
3C7
330
104
100
AcDbEntity
8
E-ANNO-SCHD
100
AcDbText
10
47.00081761
20
14.216875
30
0
40
0.09375
1
5.0
50
0
41
1
7
MAIN
72
0
11
47.00081761
21
14.216875
31
0
100
AcDbText
73
0
0
LINE
5
3C8
330
104
100
AcDbEntity
8
E-ANNO-SCHD
100
AcDbLine
10
48.83333333
20
14.385625
30
0
11
48.83333333
21
13.95375
31
0
0
TEXT
5
3C9
330
104
100
AcDbEntity
8
E-ANNO-SCHD
100
AcDbText
10
48.90333333
20
14.216875
30
0
40
0.09375
1
0.00
50
0
41
1
7
MAIN
72
0
11
48.90333333
21
14.216875
31
0
100
AcDbText
73
0
0
LINE
5
3CA
330
104
100
AcDbEntity
8
E-ANNO-SCHD
100
AcDbLine
10
50.06996855
20
14.385625
30
0
11
50.06996855
21
13.95375
31
0
0
TEXT
5
3CB
330
104
100
AcDbEntity
8
E-ANNO-SCHD
100
AcDbText
10
50.13996855
20
14.216875
30
0
40
0.09375
1
\U+2014
50
0
41
1
7
MAIN
72
0
11
50.13996855
21
14.216875
31
0
100
AcDbText
73
0
0
LINE
5
3CC
330
104
100
AcDbEntity
8
E-ANNO-SCHD
100
AcDbLine
10
51.40172956
20
14.385625
30
0
11
51.40172956
21
13.95375
31
0
0
TEXT
5
3CD
330
104
100
AcDbEntity
8
E-ANNO-SCHD
100
AcDbText
10
51.47172956
20
14.216875
30
0
40
0.09375
1
\U+2014
50
0
41
1
7
MAIN
72
0
11
51.47172956
21
14.216875
31
0
100
AcDbText
73
0
0
LINE
5
3CE
330
104
100
AcDbEntity
8
E-ANNO-SCHD
100
AcDbLine
10
52.73349057
20
14.385625
30
0
11
52.73349057
21
13.95375
31
0
0
TEXT
5
3CF
330
104
100
AcDbEntity
8
E-ANNO-SCHD
100
AcDbText
10
52.80349057
20
14.216875
30
0
40
0.09375
1
1
50
0
41
1
7
MAIN
72
0
11
52.80349057
21
14.216875
31
0
100
AcDbText
73
0
0
LINE
5
3D0
330
104
100
AcDbEntity
8
E-ANNO-SCHD
100
AcDbLine
10
53.875
20
14.385625
30
0
11
53.875
21
13.95375
31
0
0
LINE
5
3D1
330
104
100
AcDbEntity
8
E-ANNO-SCHD
100
AcDbLine
10
38.75
20
13.95375
30
0
11
53.875
21
13.95375
31
0
0
LINE
5
3D2
330
104
100
AcDbEntity
8
E-ANNO-SCHD
100
AcDbLine
10
38.75
20
13.521875
30
0
11
53.875
21
13.521875
31
0
0
LINE
5
3D3
330
104
100
AcDbEntity
8
E-ANNO-SCHD
100
AcDbLine
10
38.75
20
13.95375
30
0
11
38.75
21
13.521875
31
0
0
TEXT
5
3D4
330
104
100
AcDbEntity
8
E-ANNO-SCHD
100
AcDbText
10
38.82
20
13.785
30
0
40
0.09375
1
W-03
50
0
41
1
7
MAIN
72
0
11
38.82
21
13.785
31
0
100
AcDbText
73
0
0
LINE
5
3D5
330
104
100
AcDbEntity
8
E-ANNO-SCHD
100
AcDbLine
10
40.27201258
20
13.95375
30
0
11
40.27201258
21
13.521875
31
0
0
MTEXT
5
3D6
330
104
100
AcDbEntity
8
E-ANNO-SCHD
100
AcDbMText
10
40.34201258
20
13.87875
30
0
40
0.09375
41
1.24149752
71
1
72
1
7
MAIN
50
0
73
2
44
1.45
1
18/5 CL3R\PDEC-1:CH1-4 \U+2192 T1
0
LINE
5
3D7
330
104
100
AcDbEntity
8
E-ANNO-SCHD
100
AcDbLine
10
46.93081761
20
13.95375
30
0
11
46.93081761
21
13.521875
31
0
0
TEXT
5
3D8
330
104
100
AcDbEntity
8
E-ANNO-SCHD
100
AcDbText
10
47.00081761
20
13.785
30
0
40
0.09375
1
20.0
50
0
41
1
7
MAIN
72
0
11
47.00081761
21
13.785
31
0
100
AcDbText
73
0
0
LINE
5
3D9
330
104
100
AcDbEntity
8
E-ANNO-SCHD
100
AcDbLine
10
48.83333333
20
13.95375
30
0
11
48.83333333
21
13.521875
31
0
0
TEXT
5
3DA
330
104
100
AcDbEntity
8
E-ANNO-SCHD
100
AcDbText
10
48.90333333
20
13.785
30
0
40
0.09375
1
2.20
50
0
41
1
7
MAIN
72
0
11
48.90333333
21
13.785
31
0
100
AcDbText
73
0
0
LINE
5
3DB
330
104
100
AcDbEntity
8
E-ANNO-SCHD
100
AcDbLine
10
50.06996855
20
13.95375
30
0
11
50.06996855
21
13.521875
31
0
0
TEXT
5
3DC
330
104
100
AcDbEntity
8
E-ANNO-SCHD
100
AcDbText
10
50.13996855
20
13.785
30
0
40
0.09375
1
1.82
50
0
41
1
7
MAIN
72
0
11
50.13996855
21
13.785
31
0
100
AcDbText
73
0
0
LINE
5
3DD
330
104
100
AcDbEntity
8
E-ANNO-SCHD
100
AcDbLine
10
51.40172956
20
13.95375
30
0
11
51.40172956
21
13.521875
31
0
0
TEXT
5
3DE
330
104
100
AcDbEntity
8
E-ANNO-SCHD
100
AcDbText
10
51.47172956
20
13.785
30
0
40
0.09375
1
23.56
50
0
41
1
7
MAIN
72
0
11
51.47172956
21
13.785
31
0
100
AcDbText
73
0
0
LINE
5
3DF
330
104
100
AcDbEntity
8
E-ANNO-SCHD
100
AcDbLine
10
52.73349057
20
13.95375
30
0
11
52.73349057
21
13.521875
31
0
0
TEXT
5
3E0
330
104
100
AcDbEntity
8
E-ANNO-SCHD
100
AcDbText
10
52.80349057
20
13.785
30
0
40
0.09375
1
1
50
0
41
1
7
MAIN
72
0
11
52.80349057
21
13.785
31
0
100
AcDbText
73
0
0
LINE
5
3E1
330
104
100
AcDbEntity
8
E-ANNO-SCHD
100
AcDbLine
10
53.875
20
13.95375
30
0
11
53.875
21
13.521875
31
0
0
LINE
5
3E2
330
104
100
AcDbEntity
8
E-ANNO-SCHD
100
AcDbLine
10
38.75
20
13.521875
30
0
11
53.875
21
13.521875
31
0
0
LINE
5
3E3
330
104
100
AcDbEntity
8
E-ANNO-SCHD
100
AcDbLine
10
38.75
20
13.09
30
0
11
53.875
21
13.09
31
0
0
LINE
5
3E4
330
104
100
AcDbEntity
8
E-ANNO-SCHD
100
AcDbLine
10
38.75
20
13.521875
30
0
11
38.75
21
13.09
31
0
0
TEXT
5
3E5
330
104
100
AcDbEntity
8
E-ANNO-SCHD
100
AcDbText
10
38.82
20
13.353125
30
0
40
0.09375
1
W-04
50
0
41
1
7
MAIN
72
0
11
38.82
21
13.353125
31
0
100
AcDbText
73
0
0
LINE
5
3E6
330
104
100
AcDbEntity
8
E-ANNO-SCHD
100
AcDbLine
10
40.27201258
20
13.521875
30
0
11
40.27201258
21
13.09
31
0
0
MTEXT
5
3E7
330
104
100
AcDbEntity
8
E-ANNO-SCHD
100
AcDbMText
10
40.34201258
20
13.446875
30
0
40
0.09375
41
1.24149752
71
1
72
1
7
MAIN
50
0
73
2
44
1.45
1
18/3 CL3R\PDEC-2:CH1-2 \U+2192 T2
0
LINE
5
3E8
330
104
100
AcDbEntity
8
E-ANNO-SCHD
100
AcDbLine
10
46.93081761
20
13.521875
30
0
11
46.93081761
21
13.09
31
0
0
TEXT
5
3E9
330
104
100
AcDbEntity
8
E-ANNO-SCHD
100
AcDbText
10
47.00081761
20
13.353125
30
0
40
0.09375
1
20.0
50
0
41
1
7
MAIN
72
0
11
47.00081761
21
13.353125
31
0
100
AcDbText
73
0
0
LINE
5
3EA
330
104
100
AcDbEntity
8
E-ANNO-SCHD
100
AcDbLine
10
48.83333333
20
13.521875
30
0
11
48.83333333
21
13.09
31
0
0
TEXT
5
3EB
330
104
100
AcDbEntity
8
E-ANNO-SCHD
100
AcDbText
10
48.90333333
20
13.353125
30
0
40
0.09375
1
1.83
50
0
41
1
7
MAIN
72
0
11
48.90333333
21
13.353125
31
0
100
AcDbText
73
0
0
LINE
5
3EC
330
104
100
AcDbEntity
8
E-ANNO-SCHD
100
AcDbLine
10
50.06996855
20
13.521875
30
0
11
50.06996855
21
13.09
31
0
0
TEXT
5
3ED
330
104
100
AcDbEntity
8
E-ANNO-SCHD
100
AcDbText
10
50.13996855
20
13.353125
30
0
40
0.09375
1
2.43
50
0
41
1
7
MAIN
72
0
11
50.13996855
21
13.353125
31
0
100
AcDbText
73
0
0
LINE
5
3EE
330
104
100
AcDbEntity
8
E-ANNO-SCHD
100
AcDbLine
10
51.40172956
20
13.521875
30
0
11
51.40172956
21
13.09
31
0
0
TEXT
5
3EF
330
104
100
AcDbEntity
8
E-ANNO-SCHD
100
AcDbText
10
51.47172956
20
13.353125
30
0
40
0.09375
1
23.42
50
0
41
1
7
MAIN
72
0
11
51.47172956
21
13.353125
31
0
100
AcDbText
73
0
0
LINE
5
3F0
330
104
100
AcDbEntity
8
E-ANNO-SCHD
100
AcDbLine
10
52.73349057
20
13.521875
30
0
11
52.73349057
21
13.09
31
0
0
TEXT
5
3F1
330
104
100
AcDbEntity
8
E-ANNO-SCHD
100
AcDbText
10
52.80349057
20
13.353125
30
0
40
0.09375
1
1
50
0
41
1
7
MAIN
72
0
11
52.80349057
21
13.353125
31
0
100
AcDbText
73
0
0
LINE
5
3F2
330
104
100
AcDbEntity
8
E-ANNO-SCHD
100
AcDbLine
10
53.875
20
13.521875
30
0
11
53.875
21
13.09
31
0
0
LINE
5
3F3
330
104
100
AcDbEntity
8
E-ANNO-SCHD
100
AcDbLine
10
38.75
20
13.09
30
0
11
53.875
21
13.09
31
0
0
LINE
5
3F4
330
104
100
AcDbEntity
8
E-ANNO-SCHD
100
AcDbLine
10
38.75
20
12.658125
30
0
11
53.875
21
12.658125
31
0
0
LINE
5
3F5
330
104
100
AcDbEntity
8
E-ANNO-SCHD
100
AcDbLine
10
38.75
20
13.09
30
0
11
38.75
21
12.658125
31
0
0
TEXT
5
3F6
330
104
100
AcDbEntity
8
E-ANNO-SCHD
100
AcDbText
10
38.82
20
12.92125
30
0
40
0.09375
1
W-05
50
0
41
1
7
MAIN
72
0
11
38.82
21
12.92125
31
0
100
AcDbText
73
0
0
LINE
5
3F7
330
104
100
AcDbEntity
8
E-ANNO-SCHD
100
AcDbLine
10
40.27201258
20
13.09
30
0
11
40.27201258
21
12.658125
31
0
0
MTEXT
5
3F8
330
104
100
AcDbEntity
8
E-ANNO-SCHD
100
AcDbMText
10
40.34201258
20
13.015
30
0
40
0.09375
41
1.73373492
71
1
72
1
7
MAIN
50
0
73
2
44
1.45
1
2 \U+00D7 #12 + G THHN/THWN-2\PLP-1/12 \U+2192 D1
0
LINE
5
3F9
330
104
100
AcDbEntity
8
E-ANNO-SCHD
100
AcDbLine
10
46.93081761
20
13.09
30
0
11
46.93081761
21
12.658125
31
0
0
TEXT
5
3FA
330
104
100
AcDbEntity
8
E-ANNO-SCHD
100
AcDbText
10
47.00081761
20
12.92125
30
0
40
0.09375
1
48.0
50
0
41
1
7
MAIN
72
0
11
47.00081761
21
12.92125
31
0
100
AcDbText
73
0
0
LINE
5
3FB
330
104
100
AcDbEntity
8
E-ANNO-SCHD
100
AcDbLine
10
48.83333333
20
13.09
30
0
11
48.83333333
21
12.658125
31
0
0
TEXT
5
3FC
330
104
100
AcDbEntity
8
E-ANNO-SCHD
100
AcDbText
10
48.90333333
20
12.92125
30
0
40
0.09375
1
0.50
50
0
41
1
7
MAIN
72
0
11
48.90333333
21
12.92125
31
0
100
AcDbText
73
0
0
LINE
5
3FD
330
104
100
AcDbEntity
8
E-ANNO-SCHD
100
AcDbLine
10
50.06996855
20
13.09
30
0
11
50.06996855
21
12.658125
31
0
0
TEXT
5
3FE
330
104
100
AcDbEntity
8
E-ANNO-SCHD
100
AcDbText
10
50.13996855
20
12.92125
30
0
40
0.09375
1
0.08
50
0
41
1
7
MAIN
72
0
11
50.13996855
21
12.92125
31
0
100
AcDbText
73
0
0
LINE
5
3FF
330
104
100
AcDbEntity
8
E-ANNO-SCHD
100
AcDbLine
10
51.40172956
20
13.09
30
0
11
51.40172956
21
12.658125
31
0
0
TEXT
5
400
330
104
100
AcDbEntity
8
E-ANNO-SCHD
100
AcDbText
10
51.47172956
20
12.92125
30
0
40
0.09375
1
119.90
50
0
41
1
7
MAIN
72
0
11
51.47172956
21
12.92125
31
0
100
AcDbText
73
0
0
LINE
5
401
330
104
100
AcDbEntity
8
E-ANNO-SCHD
100
AcDbLine
10
52.73349057
20
13.09
30
0
11
52.73349057
21
12.658125
31
0
0
TEXT
5
402
330
104
100
AcDbEntity
8
E-ANNO-SCHD
100
AcDbText
10
52.80349057
20
12.92125
30
0
40
0.09375
1
1
50
0
41
1
7
MAIN
72
0
11
52.80349057
21
12.92125
31
0
100
AcDbText
73
0
0
LINE
5
403
330
104
100
AcDbEntity
8
E-ANNO-SCHD
100
AcDbLine
10
53.875
20
13.09
30
0
11
53.875
21
12.658125
31
0
0
LINE
5
404
330
104
100
AcDbEntity
8
E-ANNO-SCHD
100
AcDbLine
10
38.75
20
12.658125
30
0
11
53.875
21
12.658125
31
0
0
LINE
5
405
330
104
100
AcDbEntity
8
E-ANNO-SCHD
100
AcDbLine
10
38.75
20
12.22625
30
0
11
53.875
21
12.22625
31
0
0
LINE
5
406
330
104
100
AcDbEntity
8
E-ANNO-SCHD
100
AcDbLine
10
38.75
20
12.658125
30
0
11
38.75
21
12.22625
31
0
0
TEXT
5
407
330
104
100
AcDbEntity
8
E-ANNO-SCHD
100
AcDbText
10
38.82
20
12.489375
30
0
40
0.09375
1
W-06
50
0
41
1
7
MAIN
72
0
11
38.82
21
12.489375
31
0
100
AcDbText
73
0
0
LINE
5
408
330
104
100
AcDbEntity
8
E-ANNO-SCHD
100
AcDbLine
10
40.27201258
20
12.658125
30
0
11
40.27201258
21
12.22625
31
0
0
MTEXT
5
409
330
104
100
AcDbEntity
8
E-ANNO-SCHD
100
AcDbMText
10
40.34201258
20
12.583125
30
0
40
0.09375
41
1.73373492
71
1
72
1
7
MAIN
50
0
73
2
44
1.45
1
2 \U+00D7 #12 + G THHN/THWN-2\PLP-1/12 \U+2192 PS-1
0
LINE
5
40A
330
104
100
AcDbEntity
8
E-ANNO-SCHD
100
AcDbLine
10
46.93081761
20
12.658125
30
0
11
46.93081761
21
12.22625
31
0
0
TEXT
5
40B
330
104
100
AcDbEntity
8
E-ANNO-SCHD
100
AcDbText
10
47.00081761
20
12.489375
30
0
40
0.09375
1
35.0
50
0
41
1
7
MAIN
72
0
11
47.00081761
21
12.489375
31
0
100
AcDbText
73
0
0
LINE
5
40C
330
104
100
AcDbEntity
8
E-ANNO-SCHD
100
AcDbLine
10
48.83333333
20
12.658125
30
0
11
48.83333333
21
12.22625
31
0
0
TEXT
5
40D
330
104
100
AcDbEntity
8
E-ANNO-SCHD
100
AcDbText
10
48.90333333
20
12.489375
30
0
40
0.09375
1
0.94
50
0
41
1
7
MAIN
72
0
11
48.90333333
21
12.489375
31
0
100
AcDbText
73
0
0
LINE
5
40E
330
104
100
AcDbEntity
8
E-ANNO-SCHD
100
AcDbLine
10
50.06996855
20
12.658125
30
0
11
50.06996855
21
12.22625
31
0
0
TEXT
5
40F
330
104
100
AcDbEntity
8
E-ANNO-SCHD
100
AcDbText
10
50.13996855
20
12.489375
30
0
40
0.09375
1
0.11
50
0
41
1
7
MAIN
72
0
11
50.13996855
21
12.489375
31
0
100
AcDbText
73
0
0
LINE
5
410
330
104
100
AcDbEntity
8
E-ANNO-SCHD
100
AcDbLine
10
51.40172956
20
12.658125
30
0
11
51.40172956
21
12.22625
31
0
0
TEXT
5
411
330
104
100
AcDbEntity
8
E-ANNO-SCHD
100
AcDbText
10
51.47172956
20
12.489375
30
0
40
0.09375
1
119.87
50
0
41
1
7
MAIN
72
0
11
51.47172956
21
12.489375
31
0
100
AcDbText
73
0
0
LINE
5
412
330
104
100
AcDbEntity
8
E-ANNO-SCHD
100
AcDbLine
10
52.73349057
20
12.658125
30
0
11
52.73349057
21
12.22625
31
0
0
TEXT
5
413
330
104
100
AcDbEntity
8
E-ANNO-SCHD
100
AcDbText
10
52.80349057
20
12.489375
30
0
40
0.09375
1
1
50
0
41
1
7
MAIN
72
0
11
52.80349057
21
12.489375
31
0
100
AcDbText
73
0
0
LINE
5
414
330
104
100
AcDbEntity
8
E-ANNO-SCHD
100
AcDbLine
10
53.875
20
12.658125
30
0
11
53.875
21
12.22625
31
0
0
LINE
5
415
330
104
100
AcDbEntity
8
E-ANNO-SCHD
100
AcDbLine
10
38.75
20
12.22625
30
0
11
53.875
21
12.22625
31
0
0
LINE
5
416
330
104
100
AcDbEntity
8
E-ANNO-SCHD
100
AcDbLine
10
38.75
20
11.794375
30
0
11
53.875
21
11.794375
31
0
0
LINE
5
417
330
104
100
AcDbEntity
8
E-ANNO-SCHD
100
AcDbLine
10
38.75
20
12.22625
30
0
11
38.75
21
11.794375
31
0
0
TEXT
5
418
330
104
100
AcDbEntity
8
E-ANNO-SCHD
100
AcDbText
10
38.82
20
12.0575
30
0
40
0.09375
1
W-07
50
0
41
1
7
MAIN
72
0
11
38.82
21
12.0575
31
0
100
AcDbText
73
0
0
LINE
5
419
330
104
100
AcDbEntity
8
E-ANNO-SCHD
100
AcDbLine
10
40.27201258
20
12.22625
30
0
11
40.27201258
21
11.794375
31
0
0
MTEXT
5
41A
330
104
100
AcDbEntity
8
E-ANNO-SCHD
100
AcDbMText
10
40.34201258
20
12.15125
30
0
40
0.09375
41
1.73373492
71
1
72
1
7
MAIN
50
0
73
2
44
1.45
1
2 \U+00D7 #12 + G THHN/THWN-2\PLP-1/14 \U+2192 D1
0
LINE
5
41B
330
104
100
AcDbEntity
8
E-ANNO-SCHD
100
AcDbLine
10
46.93081761
20
12.22625
30
0
11
46.93081761
21
11.794375
31
0
0
TEXT
5
41C
330
104
100
AcDbEntity
8
E-ANNO-SCHD
100
AcDbText
10
47.00081761
20
12.0575
30
0
40
0.09375
1
30.0
50
0
41
1
7
MAIN
72
0
11
47.00081761
21
12.0575
31
0
100
AcDbText
73
0
0
LINE
5
41D
330
104
100
AcDbEntity
8
E-ANNO-SCHD
100
AcDbLine
10
48.83333333
20
12.22625
30
0
11
48.83333333
21
11.794375
31
0
0
TEXT
5
41E
330
104
100
AcDbEntity
8
E-ANNO-SCHD
100
AcDbText
10
48.90333333
20
12.0575
30
0
40
0.09375
1
0.25
50
0
41
1
7
MAIN
72
0
11
48.90333333
21
12.0575
31
0
100
AcDbText
73
0
0
LINE
5
41F
330
104
100
AcDbEntity
8
E-ANNO-SCHD
100
AcDbLine
10
50.06996855
20
12.22625
30
0
11
50.06996855
21
11.794375
31
0
0
TEXT
5
420
330
104
100
AcDbEntity
8
E-ANNO-SCHD
100
AcDbText
10
50.13996855
20
12.0575
30
0
40
0.09375
1
0.02
50
0
41
1
7
MAIN
72
0
11
50.13996855
21
12.0575
31
0
100
AcDbText
73
0
0
LINE
5
421
330
104
100
AcDbEntity
8
E-ANNO-SCHD
100
AcDbLine
10
51.40172956
20
12.22625
30
0
11
51.40172956
21
11.794375
31
0
0
TEXT
5
422
330
104
100
AcDbEntity
8
E-ANNO-SCHD
100
AcDbText
10
51.47172956
20
12.0575
30
0
40
0.09375
1
119.97
50
0
41
1
7
MAIN
72
0
11
51.47172956
21
12.0575
31
0
100
AcDbText
73
0
0
LINE
5
423
330
104
100
AcDbEntity
8
E-ANNO-SCHD
100
AcDbLine
10
52.73349057
20
12.22625
30
0
11
52.73349057
21
11.794375
31
0
0
TEXT
5
424
330
104
100
AcDbEntity
8
E-ANNO-SCHD
100
AcDbText
10
52.80349057
20
12.0575
30
0
40
0.09375
1
1
50
0
41
1
7
MAIN
72
0
11
52.80349057
21
12.0575
31
0
100
AcDbText
73
0
0
LINE
5
425
330
104
100
AcDbEntity
8
E-ANNO-SCHD
100
AcDbLine
10
53.875
20
12.22625
30
0
11
53.875
21
11.794375
31
0
0
LINE
5
426
330
104
100
AcDbEntity
8
E-ANNO-SCHD
100
AcDbLine
10
38.75
20
11.794375
30
0
11
53.875
21
11.794375
31
0
0
LINE
5
427
330
104
100
AcDbEntity
8
E-ANNO-SCHD
100
AcDbLine
10
38.75
20
11.3625
30
0
11
53.875
21
11.3625
31
0
0
LINE
5
428
330
104
100
AcDbEntity
8
E-ANNO-SCHD
100
AcDbLine
10
38.75
20
11.794375
30
0
11
38.75
21
11.3625
31
0
0
TEXT
5
429
330
104
100
AcDbEntity
8
E-ANNO-SCHD
100
AcDbText
10
38.82
20
11.625625
30
0
40
0.09375
1
W-08
50
0
41
1
7
MAIN
72
0
11
38.82
21
11.625625
31
0
100
AcDbText
73
0
0
LINE
5
42A
330
104
100
AcDbEntity
8
E-ANNO-SCHD
100
AcDbLine
10
40.27201258
20
11.794375
30
0
11
40.27201258
21
11.3625
31
0
0
MTEXT
5
42B
330
104
100
AcDbEntity
8
E-ANNO-SCHD
100
AcDbMText
10
40.34201258
20
11.719375
30
0
40
0.09375
41
1.73373492
71
1
72
1
7
MAIN
50
0
73
2
44
1.45
1
2 \U+00D7 #12 + G THHN/THWN-2\PLP-1/14 \U+2192 PS-3
0
LINE
5
42C
330
104
100
AcDbEntity
8
E-ANNO-SCHD
100
AcDbLine
10
46.93081761
20
11.794375
30
0
11
46.93081761
21
11.3625
31
0
0
TEXT
5
42D
330
104
100
AcDbEntity
8
E-ANNO-SCHD
100
AcDbText
10
47.00081761
20
11.625625
30
0
40
0.09375
1
28.0
50
0
41
1
7
MAIN
72
0
11
47.00081761
21
11.625625
31
0
100
AcDbText
73
0
0
LINE
5
42E
330
104
100
AcDbEntity
8
E-ANNO-SCHD
100
AcDbLine
10
48.83333333
20
11.794375
30
0
11
48.83333333
21
11.3625
31
0
0
TEXT
5
42F
330
104
100
AcDbEntity
8
E-ANNO-SCHD
100
AcDbText
10
48.90333333
20
11.625625
30
0
40
0.09375
1
0.73
50
0
41
1
7
MAIN
72
0
11
48.90333333
21
11.625625
31
0
100
AcDbText
73
0
0
LINE
5
430
330
104
100
AcDbEntity
8
E-ANNO-SCHD
100
AcDbLine
10
50.06996855
20
11.794375
30
0
11
50.06996855
21
11.3625
31
0
0
TEXT
5
431
330
104
100
AcDbEntity
8
E-ANNO-SCHD
100
AcDbText
10
50.13996855
20
11.625625
30
0
40
0.09375
1
0.07
50
0
41
1
7
MAIN
72
0
11
50.13996855
21
11.625625
31
0
100
AcDbText
73
0
0
LINE
5
432
330
104
100
AcDbEntity
8
E-ANNO-SCHD
100
AcDbLine
10
51.40172956
20
11.794375
30
0
11
51.40172956
21
11.3625
31
0
0
TEXT
5
433
330
104
100
AcDbEntity
8
E-ANNO-SCHD
100
AcDbText
10
51.47172956
20
11.625625
30
0
40
0.09375
1
119.92
50
0
41
1
7
MAIN
72
0
11
51.47172956
21
11.625625
31
0
100
AcDbText
73
0
0
LINE
5
434
330
104
100
AcDbEntity
8
E-ANNO-SCHD
100
AcDbLine
10
52.73349057
20
11.794375
30
0
11
52.73349057
21
11.3625
31
0
0
TEXT
5
435
330
104
100
AcDbEntity
8
E-ANNO-SCHD
100
AcDbText
10
52.80349057
20
11.625625
30
0
40
0.09375
1
1
50
0
41
1
7
MAIN
72
0
11
52.80349057
21
11.625625
31
0
100
AcDbText
73
0
0
LINE
5
436
330
104
100
AcDbEntity
8
E-ANNO-SCHD
100
AcDbLine
10
53.875
20
11.794375
30
0
11
53.875
21
11.3625
31
0
0
LINE
5
437
330
104
100
AcDbEntity
8
E-ANNO-SCHD
100
AcDbLine
10
38.75
20
11.3625
30
0
11
53.875
21
11.3625
31
0
0
LINE
5
438
330
104
100
AcDbEntity
8
E-ANNO-SCHD
100
AcDbLine
10
38.75
20
10.930625
30
0
11
53.875
21
10.930625
31
0
0
LINE
5
439
330
104
100
AcDbEntity
8
E-ANNO-SCHD
100
AcDbLine
10
38.75
20
11.3625
30
0
11
38.75
21
10.930625
31
0
0
TEXT
5
43A
330
104
100
AcDbEntity
8
E-ANNO-SCHD
100
AcDbText
10
38.82
20
11.19375
30
0
40
0.09375
1
W-09
50
0
41
1
7
MAIN
72
0
11
38.82
21
11.19375
31
0
100
AcDbText
73
0
0
LINE
5
43B
330
104
100
AcDbEntity
8
E-ANNO-SCHD
100
AcDbLine
10
40.27201258
20
11.3625
30
0
11
40.27201258
21
10.930625
31
0
0
MTEXT
5
43C
330
104
100
AcDbEntity
8
E-ANNO-SCHD
100
AcDbMText
10
40.34201258
20
11.2875
30
0
40
0.09375
41
1.35507541
71
1
72
1
7
MAIN
50
0
73
2
44
1.45
1
18/2 CL3R\PPS-1:OUT1 \U+2192 DEC-1
0
LINE
5
43D
330
104
100
AcDbEntity
8
E-ANNO-SCHD
100
AcDbLine
10
46.93081761
20
11.3625
30
0
11
46.93081761
21
10.930625
31
0
0
TEXT
5
43E
330
104
100
AcDbEntity
8
E-ANNO-SCHD
100
AcDbText
10
47.00081761
20
11.19375
30
0
40
0.09375
1
4.0
50
0
41
1
7
MAIN
72
0
11
47.00081761
21
11.19375
31
0
100
AcDbText
73
0
0
LINE
5
43F
330
104
100
AcDbEntity
8
E-ANNO-SCHD
100
AcDbLine
10
48.83333333
20
11.3625
30
0
11
48.83333333
21
10.930625
31
0
0
TEXT
5
440
330
104
100
AcDbEntity
8
E-ANNO-SCHD
100
AcDbText
10
48.90333333
20
11.19375
30
0
40
0.09375
1
2.20
50
0
41
1
7
MAIN
72
0
11
48.90333333
21
11.19375
31
0
100
AcDbText
73
0
0
LINE
5
441
330
104
100
AcDbEntity
8
E-ANNO-SCHD
100
AcDbLine
10
50.06996855
20
11.3625
30
0
11
50.06996855
21
10.930625
31
0
0
TEXT
5
442
330
104
100
AcDbEntity
8
E-ANNO-SCHD
100
AcDbText
10
50.13996855
20
11.19375
30
0
40
0.09375
1
0.58
50
0
41
1
7
MAIN
72
0
11
50.13996855
21
11.19375
31
0
100
AcDbText
73
0
0
LINE
5
443
330
104
100
AcDbEntity
8
E-ANNO-SCHD
100
AcDbLine
10
51.40172956
20
11.3625
30
0
11
51.40172956
21
10.930625
31
0
0
TEXT
5
444
330
104
100
AcDbEntity
8
E-ANNO-SCHD
100
AcDbText
10
51.47172956
20
11.19375
30
0
40
0.09375
1
23.86
50
0
41
1
7
MAIN
72
0
11
51.47172956
21
11.19375
31
0
100
AcDbText
73
0
0
LINE
5
445
330
104
100
AcDbEntity
8
E-ANNO-SCHD
100
AcDbLine
10
52.73349057
20
11.3625
30
0
11
52.73349057
21
10.930625
31
0
0
TEXT
5
446
330
104
100
AcDbEntity
8
E-ANNO-SCHD
100
AcDbText
10
52.80349057
20
11.19375
30
0
40
0.09375
1
1
50
0
41
1
7
MAIN
72
0
11
52.80349057
21
11.19375
31
0
100
AcDbText
73
0
0
LINE
5
447
330
104
100
AcDbEntity
8
E-ANNO-SCHD
100
AcDbLine
10
53.875
20
11.3625
30
0
11
53.875
21
10.930625
31
0
0
LINE
5
448
330
104
100
AcDbEntity
8
E-ANNO-SCHD
100
AcDbLine
10
38.75
20
10.930625
30
0
11
53.875
21
10.930625
31
0
0
LINE
5
449
330
104
100
AcDbEntity
8
E-ANNO-SCHD
100
AcDbLine
10
38.75
20
10.49875
30
0
11
53.875
21
10.49875
31
0
0
LINE
5
44A
330
104
100
AcDbEntity
8
E-ANNO-SCHD
100
AcDbLine
10
38.75
20
10.930625
30
0
11
38.75
21
10.49875
31
0
0
TEXT
5
44B
330
104
100
AcDbEntity
8
E-ANNO-SCHD
100
AcDbText
10
38.82
20
10.761875
30
0
40
0.09375
1
W-10
50
0
41
1
7
MAIN
72
0
11
38.82
21
10.761875
31
0
100
AcDbText
73
0
0
LINE
5
44C
330
104
100
AcDbEntity
8
E-ANNO-SCHD
100
AcDbLine
10
40.27201258
20
10.930625
30
0
11
40.27201258
21
10.49875
31
0
0
MTEXT
5
44D
330
104
100
AcDbEntity
8
E-ANNO-SCHD
100
AcDbMText
10
40.34201258
20
10.855625
30
0
40
0.09375
41
1.73373492
71
1
72
1
7
MAIN
50
0
73
2
44
1.45
1
2 \U+00D7 #12 + G THHN/THWN-2\PPS-1:AC-THRU \U+2192 PS-2
0
LINE
5
44E
330
104
100
AcDbEntity
8
E-ANNO-SCHD
100
AcDbLine
10
46.93081761
20
10.930625
30
0
11
46.93081761
21
10.49875
31
0
0
TEXT
5
44F
330
104
100
AcDbEntity
8
E-ANNO-SCHD
100
AcDbText
10
47.00081761
20
10.761875
30
0
40
0.09375
1
4.0
50
0
41
1
7
MAIN
72
0
11
47.00081761
21
10.761875
31
0
100
AcDbText
73
0
0
LINE
5
450
330
104
100
AcDbEntity
8
E-ANNO-SCHD
100
AcDbLine
10
48.83333333
20
10.930625
30
0
11
48.83333333
21
10.49875
31
0
0
TEXT
5
451
330
104
100
AcDbEntity
8
E-ANNO-SCHD
100
AcDbText
10
48.90333333
20
10.761875
30
0
40
0.09375
1
0.43
50
0
41
1
7
MAIN
72
0
11
48.90333333
21
10.761875
31
0
100
AcDbText
73
0
0
LINE
5
452
330
104
100
AcDbEntity
8
E-ANNO-SCHD
100
AcDbLine
10
50.06996855
20
10.930625
30
0
11
50.06996855
21
10.49875
31
0
0
TEXT
5
453
330
104
100
AcDbEntity
8
E-ANNO-SCHD
100
AcDbText
10
50.13996855
20
10.761875
30
0
40
0.09375
1
0.01
50
0
41
1
7
MAIN
72
0
11
50.13996855
21
10.761875
31
0
100
AcDbText
73
0
0
LINE
5
454
330
104
100
AcDbEntity
8
E-ANNO-SCHD
100
AcDbLine
10
51.40172956
20
10.930625
30
0
11
51.40172956
21
10.49875
31
0
0
TEXT
5
455
330
104
100
AcDbEntity
8
E-ANNO-SCHD
100
AcDbText
10
51.47172956
20
10.761875
30
0
40
0.09375
1
119.99
50
0
41
1
7
MAIN
72
0
11
51.47172956
21
10.761875
31
0
100
AcDbText
73
0
0
LINE
5
456
330
104
100
AcDbEntity
8
E-ANNO-SCHD
100
AcDbLine
10
52.73349057
20
10.930625
30
0
11
52.73349057
21
10.49875
31
0
0
TEXT
5
457
330
104
100
AcDbEntity
8
E-ANNO-SCHD
100
AcDbText
10
52.80349057
20
10.761875
30
0
40
0.09375
1
1
50
0
41
1
7
MAIN
72
0
11
52.80349057
21
10.761875
31
0
100
AcDbText
73
0
0
LINE
5
458
330
104
100
AcDbEntity
8
E-ANNO-SCHD
100
AcDbLine
10
53.875
20
10.930625
30
0
11
53.875
21
10.49875
31
0
0
LINE
5
459
330
104
100
AcDbEntity
8
E-ANNO-SCHD
100
AcDbLine
10
38.75
20
10.49875
30
0
11
53.875
21
10.49875
31
0
0
LINE
5
45A
330
104
100
AcDbEntity
8
E-ANNO-SCHD
100
AcDbLine
10
38.75
20
10.066875
30
0
11
53.875
21
10.066875
31
0
0
LINE
5
45B
330
104
100
AcDbEntity
8
E-ANNO-SCHD
100
AcDbLine
10
38.75
20
10.49875
30
0
11
38.75
21
10.066875
31
0
0
TEXT
5
45C
330
104
100
AcDbEntity
8
E-ANNO-SCHD
100
AcDbText
10
38.82
20
10.33
30
0
40
0.09375
1
W-11
50
0
41
1
7
MAIN
72
0
11
38.82
21
10.33
31
0
100
AcDbText
73
0
0
LINE
5
45D
330
104
100
AcDbEntity
8
E-ANNO-SCHD
100
AcDbLine
10
40.27201258
20
10.49875
30
0
11
40.27201258
21
10.066875
31
0
0
MTEXT
5
45E
330
104
100
AcDbEntity
8
E-ANNO-SCHD
100
AcDbMText
10
40.34201258
20
10.42375
30
0
40
0.09375
41
1.35507541
71
1
72
1
7
MAIN
50
0
73
2
44
1.45
1
18/2 CL3R\PPS-2:OUT1 \U+2192 DEC-2
0
LINE
5
45F
330
104
100
AcDbEntity
8
E-ANNO-SCHD
100
AcDbLine
10
46.93081761
20
10.49875
30
0
11
46.93081761
21
10.066875
31
0
0
TEXT
5
460
330
104
100
AcDbEntity
8
E-ANNO-SCHD
100
AcDbText
10
47.00081761
20
10.33
30
0
40
0.09375
1
4.0
50
0
41
1
7
MAIN
72
0
11
47.00081761
21
10.33
31
0
100
AcDbText
73
0
0
LINE
5
461
330
104
100
AcDbEntity
8
E-ANNO-SCHD
100
AcDbLine
10
48.83333333
20
10.49875
30
0
11
48.83333333
21
10.066875
31
0
0
TEXT
5
462
330
104
100
AcDbEntity
8
E-ANNO-SCHD
100
AcDbText
10
48.90333333
20
10.33
30
0
40
0.09375
1
1.83
50
0
41
1
7
MAIN
72
0
11
48.90333333
21
10.33
31
0
100
AcDbText
73
0
0
LINE
5
463
330
104
100
AcDbEntity
8
E-ANNO-SCHD
100
AcDbLine
10
50.06996855
20
10.49875
30
0
11
50.06996855
21
10.066875
31
0
0
TEXT
5
464
330
104
100
AcDbEntity
8
E-ANNO-SCHD
100
AcDbText
10
50.13996855
20
10.33
30
0
40
0.09375
1
0.49
50
0
41
1
7
MAIN
72
0
11
50.13996855
21
10.33
31
0
100
AcDbText
73
0
0
LINE
5
465
330
104
100
AcDbEntity
8
E-ANNO-SCHD
100
AcDbLine
10
51.40172956
20
10.49875
30
0
11
51.40172956
21
10.066875
31
0
0
TEXT
5
466
330
104
100
AcDbEntity
8
E-ANNO-SCHD
100
AcDbText
10
51.47172956
20
10.33
30
0
40
0.09375
1
23.88
50
0
41
1
7
MAIN
72
0
11
51.47172956
21
10.33
31
0
100
AcDbText
73
0
0
LINE
5
467
330
104
100
AcDbEntity
8
E-ANNO-SCHD
100
AcDbLine
10
52.73349057
20
10.49875
30
0
11
52.73349057
21
10.066875
31
0
0
TEXT
5
468
330
104
100
AcDbEntity
8
E-ANNO-SCHD
100
AcDbText
10
52.80349057
20
10.33
30
0
40
0.09375
1
1
50
0
41
1
7
MAIN
72
0
11
52.80349057
21
10.33
31
0
100
AcDbText
73
0
0
LINE
5
469
330
104
100
AcDbEntity
8
E-ANNO-SCHD
100
AcDbLine
10
53.875
20
10.49875
30
0
11
53.875
21
10.066875
31
0
0
LINE
5
46A
330
104
100
AcDbEntity
8
E-ANNO-SCHD
100
AcDbLine
10
38.75
20
10.066875
30
0
11
53.875
21
10.066875
31
0
0
LINE
5
46B
330
104
100
AcDbEntity
8
E-ANNO-SCHD
100
AcDbLine
10
38.75
20
9.635
30
0
11
53.875
21
9.635
31
0
0
LINE
5
46C
330
104
100
AcDbEntity
8
E-ANNO-SCHD
100
AcDbLine
10
38.75
20
10.066875
30
0
11
38.75
21
9.635
31
0
0
TEXT
5
46D
330
104
100
AcDbEntity
8
E-ANNO-SCHD
100
AcDbText
10
38.82
20
9.898125
30
0
40
0.09375
1
W-12
50
0
41
1
7
MAIN
72
0
11
38.82
21
9.898125
31
0
100
AcDbText
73
0
0
LINE
5
46E
330
104
100
AcDbEntity
8
E-ANNO-SCHD
100
AcDbLine
10
40.27201258
20
10.066875
30
0
11
40.27201258
21
9.635
31
0
0
MTEXT
5
46F
330
104
100
AcDbEntity
8
E-ANNO-SCHD
100
AcDbMText
10
40.34201258
20
9.991875
30
0
40
0.09375
41
1.37017921
71
1
72
1
7
MAIN
50
0
73
2
44
1.45
1
18/2 CL3R\PPS-3:OUT1 \U+2192 CON-1
0
LINE
5
470
330
104
100
AcDbEntity
8
E-ANNO-SCHD
100
AcDbLine
10
46.93081761
20
10.066875
30
0
11
46.93081761
21
9.635
31
0
0
TEXT
5
471
330
104
100
AcDbEntity
8
E-ANNO-SCHD
100
AcDbText
10
47.00081761
20
9.898125
30
0
40
0.09375
1
20.0
50
0
41
1
7
MAIN
72
0
11
47.00081761
21
9.898125
31
0
100
AcDbText
73
0
0
LINE
5
472
330
104
100
AcDbEntity
8
E-ANNO-SCHD
100
AcDbLine
10
48.83333333
20
10.066875
30
0
11
48.83333333
21
9.635
31
0
0
TEXT
5
473
330
104
100
AcDbEntity
8
E-ANNO-SCHD
100
AcDbText
10
48.90333333
20
9.898125
30
0
40
0.09375
1
0.21
50
0
41
1
7
MAIN
72
0
11
48.90333333
21
9.898125
31
0
100
AcDbText
73
0
0
LINE
5
474
330
104
100
AcDbEntity
8
E-ANNO-SCHD
100
AcDbLine
10
50.06996855
20
10.066875
30
0
11
50.06996855
21
9.635
31
0
0
TEXT
5
475
330
104
100
AcDbEntity
8
E-ANNO-SCHD
100
AcDbText
10
50.13996855
20
9.898125
30
0
40
0.09375
1
0.28
50
0
41
1
7
MAIN
72
0
11
50.13996855
21
9.898125
31
0
100
AcDbText
73
0
0
LINE
5
476
330
104
100
AcDbEntity
8
E-ANNO-SCHD
100
AcDbLine
10
51.40172956
20
10.066875
30
0
11
51.40172956
21
9.635
31
0
0
TEXT
5
477
330
104
100
AcDbEntity
8
E-ANNO-SCHD
100
AcDbText
10
51.47172956
20
9.898125
30
0
40
0.09375
1
23.93
50
0
41
1
7
MAIN
72
0
11
51.47172956
21
9.898125
31
0
100
AcDbText
73
0
0
LINE
5
478
330
104
100
AcDbEntity
8
E-ANNO-SCHD
100
AcDbLine
10
52.73349057
20
10.066875
30
0
11
52.73349057
21
9.635
31
0
0
TEXT
5
479
330
104
100
AcDbEntity
8
E-ANNO-SCHD
100
AcDbText
10
52.80349057
20
9.898125
30
0
40
0.09375
1
1
50
0
41
1
7
MAIN
72
0
11
52.80349057
21
9.898125
31
0
100
AcDbText
73
0
0
LINE
5
47A
330
104
100
AcDbEntity
8
E-ANNO-SCHD
100
AcDbLine
10
53.875
20
10.066875
30
0
11
53.875
21
9.635
31
0
0
LINE
5
47B
330
104
100
AcDbEntity
8
E-ANNO-SCHD
100
AcDbLine
10
38.75
20
9.635
30
0
11
53.875
21
9.635
31
0
0
LINE
5
47C
330
104
100
AcDbEntity
8
E-ANNO-SCHD
100
AcDbLine
10
38.75
20
9.203125
30
0
11
53.875
21
9.203125
31
0
0
LINE
5
47D
330
104
100
AcDbEntity
8
E-ANNO-SCHD
100
AcDbLine
10
38.75
20
9.635
30
0
11
38.75
21
9.203125
31
0
0
TEXT
5
47E
330
104
100
AcDbEntity
8
E-ANNO-SCHD
100
AcDbText
10
38.82
20
9.46625
30
0
40
0.09375
1
W-13
50
0
41
1
7
MAIN
72
0
11
38.82
21
9.46625
31
0
100
AcDbText
73
0
0
LINE
5
47F
330
104
100
AcDbEntity
8
E-ANNO-SCHD
100
AcDbLine
10
40.27201258
20
9.635
30
0
11
40.27201258
21
9.203125
31
0
0
MTEXT
5
480
330
104
100
AcDbEntity
8
E-ANNO-SCHD
100
AcDbMText
10
40.34201258
20
9.56
30
0
40
0.09375
41
1.10523066
71
1
72
1
7
MAIN
50
0
73
2
44
1.45
1
18/2 CL3R\PPS-3:OUT1 \U+2192 T3
0
LINE
5
481
330
104
100
AcDbEntity
8
E-ANNO-SCHD
100
AcDbLine
10
46.93081761
20
9.635
30
0
11
46.93081761
21
9.203125
31
0
0
TEXT
5
482
330
104
100
AcDbEntity
8
E-ANNO-SCHD
100
AcDbText
10
47.00081761
20
9.46625
30
0
40
0.09375
1
20.0
50
0
41
1
7
MAIN
72
0
11
47.00081761
21
9.46625
31
0
100
AcDbText
73
0
0
LINE
5
483
330
104
100
AcDbEntity
8
E-ANNO-SCHD
100
AcDbLine
10
48.83333333
20
9.635
30
0
11
48.83333333
21
9.203125
31
0
0
TEXT
5
484
330
104
100
AcDbEntity
8
E-ANNO-SCHD
100
AcDbText
10
48.90333333
20
9.46625
30
0
40
0.09375
1
1.47
50
0
41
1
7
MAIN
72
0
11
48.90333333
21
9.46625
31
0
100
AcDbText
73
0
0
LINE
5
485
330
104
100
AcDbEntity
8
E-ANNO-SCHD
100
AcDbLine
10
50.06996855
20
9.635
30
0
11
50.06996855
21
9.203125
31
0
0
TEXT
5
486
330
104
100
AcDbEntity
8
E-ANNO-SCHD
100
AcDbText
10
50.13996855
20
9.46625
30
0
40
0.09375
1
1.94
50
0
41
1
7
MAIN
72
0
11
50.13996855
21
9.46625
31
0
100
AcDbText
73
0
0
LINE
5
487
330
104
100
AcDbEntity
8
E-ANNO-SCHD
100
AcDbLine
10
51.40172956
20
9.635
30
0
11
51.40172956
21
9.203125
31
0
0
TEXT
5
488
330
104
100
AcDbEntity
8
E-ANNO-SCHD
100
AcDbText
10
51.47172956
20
9.46625
30
0
40
0.09375
1
23.53
50
0
41
1
7
MAIN
72
0
11
51.47172956
21
9.46625
31
0
100
AcDbText
73
0
0
LINE
5
489
330
104
100
AcDbEntity
8
E-ANNO-SCHD
100
AcDbLine
10
52.73349057
20
9.635
30
0
11
52.73349057
21
9.203125
31
0
0
TEXT
5
48A
330
104
100
AcDbEntity
8
E-ANNO-SCHD
100
AcDbText
10
52.80349057
20
9.46625
30
0
40
0.09375
1
1
50
0
41
1
7
MAIN
72
0
11
52.80349057
21
9.46625
31
0
100
AcDbText
73
0
0
LINE
5
48B
330
104
100
AcDbEntity
8
E-ANNO-SCHD
100
AcDbLine
10
53.875
20
9.635
30
0
11
53.875
21
9.203125
31
0
0
LINE
5
48C
330
104
100
AcDbEntity
8
E-ANNO-SCHD
100
AcDbLine
10
38.75
20
9.203125
30
0
11
53.875
21
9.203125
31
0
0
LINE
5
48D
330
104
100
AcDbEntity
8
E-ANNO-SCHD
100
AcDbLine
10
38.75
20
8.77125
30
0
11
53.875
21
8.77125
31
0
0
LINE
5
48E
330
104
100
AcDbEntity
8
E-ANNO-SCHD
100
AcDbLine
10
38.75
20
9.203125
30
0
11
38.75
21
8.77125
31
0
0
TEXT
5
48F
330
104
100
AcDbEntity
8
E-ANNO-SCHD
100
AcDbText
10
38.82
20
9.034375
30
0
40
0.09375
1
W-14
50
0
41
1
7
MAIN
72
0
11
38.82
21
9.034375
31
0
100
AcDbText
73
0
0
LINE
5
490
330
104
100
AcDbEntity
8
E-ANNO-SCHD
100
AcDbLine
10
40.27201258
20
9.203125
30
0
11
40.27201258
21
8.77125
31
0
0
MTEXT
5
491
330
104
100
AcDbEntity
8
E-ANNO-SCHD
100
AcDbMText
10
40.34201258
20
9.128125
30
0
40
0.09375
41
1.10523066
71
1
72
1
7
MAIN
50
0
73
2
44
1.45
1
18/2 CL3R\PPS-3:OUT1 \U+2192 T3
0
LINE
5
492
330
104
100
AcDbEntity
8
E-ANNO-SCHD
100
AcDbLine
10
46.93081761
20
9.203125
30
0
11
46.93081761
21
8.77125
31
0
0
TEXT
5
493
330
104
100
AcDbEntity
8
E-ANNO-SCHD
100
AcDbText
10
47.00081761
20
9.034375
30
0
40
0.09375
1
20.0
50
0
41
1
7
MAIN
72
0
11
47.00081761
21
9.034375
31
0
100
AcDbText
73
0
0
LINE
5
494
330
104
100
AcDbEntity
8
E-ANNO-SCHD
100
AcDbLine
10
48.83333333
20
9.203125
30
0
11
48.83333333
21
8.77125
31
0
0
TEXT
5
495
330
104
100
AcDbEntity
8
E-ANNO-SCHD
100
AcDbText
10
48.90333333
20
9.034375
30
0
40
0.09375
1
1.47
50
0
41
1
7
MAIN
72
0
11
48.90333333
21
9.034375
31
0
100
AcDbText
73
0
0
LINE
5
496
330
104
100
AcDbEntity
8
E-ANNO-SCHD
100
AcDbLine
10
50.06996855
20
9.203125
30
0
11
50.06996855
21
8.77125
31
0
0
TEXT
5
497
330
104
100
AcDbEntity
8
E-ANNO-SCHD
100
AcDbText
10
50.13996855
20
9.034375
30
0
40
0.09375
1
1.94
50
0
41
1
7
MAIN
72
0
11
50.13996855
21
9.034375
31
0
100
AcDbText
73
0
0
LINE
5
498
330
104
100
AcDbEntity
8
E-ANNO-SCHD
100
AcDbLine
10
51.40172956
20
9.203125
30
0
11
51.40172956
21
8.77125
31
0
0
TEXT
5
499
330
104
100
AcDbEntity
8
E-ANNO-SCHD
100
AcDbText
10
51.47172956
20
9.034375
30
0
40
0.09375
1
23.53
50
0
41
1
7
MAIN
72
0
11
51.47172956
21
9.034375
31
0
100
AcDbText
73
0
0
LINE
5
49A
330
104
100
AcDbEntity
8
E-ANNO-SCHD
100
AcDbLine
10
52.73349057
20
9.203125
30
0
11
52.73349057
21
8.77125
31
0
0
TEXT
5
49B
330
104
100
AcDbEntity
8
E-ANNO-SCHD
100
AcDbText
10
52.80349057
20
9.034375
30
0
40
0.09375
1
1
50
0
41
1
7
MAIN
72
0
11
52.80349057
21
9.034375
31
0
100
AcDbText
73
0
0
LINE
5
49C
330
104
100
AcDbEntity
8
E-ANNO-SCHD
100
AcDbLine
10
53.875
20
9.203125
30
0
11
53.875
21
8.77125
31
0
0
TEXT
5
49D
330
104
100
AcDbEntity
8
E-ANNO-SCHD
100
AcDbText
10
38.75
20
8.32125
30
0
40
0.1875
1
LOADING / CAPACITY
50
0
41
1
7
BOLD
72
0
11
38.75
21
8.32125
31
0
100
AcDbText
73
0
0
LINE
5
49E
330
104
100
AcDbEntity
8
E-ANNO-SCHD
100
AcDbLine
10
38.75
20
8.20125
30
0
11
53.875
21
8.20125
31
0
0
LINE
5
49F
330
104
100
AcDbEntity
8
E-ANNO-SCHD
100
AcDbLine
10
38.75
20
7.92125
30
0
11
53.875
21
7.92125
31
0
0
LINE
5
4A0
330
104
100
AcDbEntity
8
E-ANNO-SCHD
100
AcDbLine
10
38.75
20
7.62125
30
0
11
53.875
21
7.62125
31
0
0
LINE
5
4A1
330
104
100
AcDbEntity
8
E-ANNO-SCHD
100
AcDbLine
10
38.75
20
7.92125
30
0
11
38.75
21
7.62125
31
0
0
TEXT
5
4A2
330
104
100
AcDbEntity
8
E-ANNO-SCHD
100
AcDbText
10
38.82
20
7.7525
30
0
40
0.09375
1
TAG / OUTPUT
50
0
41
1
7
BOLD
72
0
11
38.82
21
7.7525
31
0
100
AcDbText
73
0
0
LINE
5
4A3
330
104
100
AcDbEntity
8
E-ANNO-SCHD
100
AcDbLine
10
45.625
20
7.92125
30
0
11
45.625
21
7.62125
31
0
0
TEXT
5
4A4
330
104
100
AcDbEntity
8
E-ANNO-SCHD
100
AcDbText
10
45.695
20
7.7525
30
0
40
0.09375
1
LOAD
50
0
41
1
7
BOLD
72
0
11
45.695
21
7.7525
31
0
100
AcDbText
73
0
0
LINE
5
4A5
330
104
100
AcDbEntity
8
E-ANNO-SCHD
100
AcDbLine
10
48.60416667
20
7.92125
30
0
11
48.60416667
21
7.62125
31
0
0
TEXT
5
4A6
330
104
100
AcDbEntity
8
E-ANNO-SCHD
100
AcDbText
10
48.67416667
20
7.7525
30
0
40
0.09375
1
RATED
50
0
41
1
7
BOLD
72
0
11
48.67416667
21
7.7525
31
0
100
AcDbText
73
0
0
LINE
5
4A7
330
104
100
AcDbEntity
8
E-ANNO-SCHD
100
AcDbLine
10
51.58333333
20
7.92125
30
0
11
51.58333333
21
7.62125
31
0
0
TEXT
5
4A8
330
104
100
AcDbEntity
8
E-ANNO-SCHD
100
AcDbText
10
51.65333333
20
7.7525
30
0
40
0.09375
1
LOAD %
50
0
41
1
7
BOLD
72
0
11
51.65333333
21
7.7525
31
0
100
AcDbText
73
0
0
LINE
5
4A9
330
104
100
AcDbEntity
8
E-ANNO-SCHD
100
AcDbLine
10
53.875
20
7.92125
30
0
11
53.875
21
7.62125
31
0
0
LINE
5
4AA
330
104
100
AcDbEntity
8
E-ANNO-SCHD
100
AcDbLine
10
38.75
20
7.62125
30
0
11
53.875
21
7.62125
31
0
0
LINE
5
4AB
330
104
100
AcDbEntity
8
E-ANNO-SCHD
100
AcDbLine
10
38.75
20
7.32125
30
0
11
53.875
21
7.32125
31
0
0
LINE
5
4AC
330
104
100
AcDbEntity
8
E-ANNO-SCHD
100
AcDbLine
10
38.75
20
7.62125
30
0
11
38.75
21
7.32125
31
0
0
TEXT
5
4AD
330
104
100
AcDbEntity
8
E-ANNO-SCHD
100
AcDbText
10
38.82
20
7.4525
30
0
40
0.09375
1
PS-1 / OUT1
50
0
41
1
7
MAIN
72
0
11
38.82
21
7.4525
31
0
100
AcDbText
73
0
0
LINE
5
4AE
330
104
100
AcDbEntity
8
E-ANNO-SCHD
100
AcDbLine
10
45.625
20
7.62125
30
0
11
45.625
21
7.32125
31
0
0
TEXT
5
4AF
330
104
100
AcDbEntity
8
E-ANNO-SCHD
100
AcDbText
10
45.695
20
7.4525
30
0
40
0.09375
1
52.80 W
50
0
41
1
7
MAIN
72
0
11
45.695
21
7.4525
31
0
100
AcDbText
73
0
0
LINE
5
4B0
330
104
100
AcDbEntity
8
E-ANNO-SCHD
100
AcDbLine
10
48.60416667
20
7.62125
30
0
11
48.60416667
21
7.32125
31
0
0
TEXT
5
4B1
330
104
100
AcDbEntity
8
E-ANNO-SCHD
100
AcDbText
10
48.67416667
20
7.4525
30
0
40
0.09375
1
96 W
50
0
41
1
7
MAIN
72
0
11
48.67416667
21
7.4525
31
0
100
AcDbText
73
0
0
LINE
5
4B2
330
104
100
AcDbEntity
8
E-ANNO-SCHD
100
AcDbLine
10
51.58333333
20
7.62125
30
0
11
51.58333333
21
7.32125
31
0
0
TEXT
5
4B3
330
104
100
AcDbEntity
8
E-ANNO-SCHD
100
AcDbText
10
51.65333333
20
7.4525
30
0
40
0.09375
1
55.0
50
0
41
1
7
MAIN
72
0
11
51.65333333
21
7.4525
31
0
100
AcDbText
73
0
0
LINE
5
4B4
330
104
100
AcDbEntity
8
E-ANNO-SCHD
100
AcDbLine
10
53.875
20
7.62125
30
0
11
53.875
21
7.32125
31
0
0
LINE
5
4B5
330
104
100
AcDbEntity
8
E-ANNO-SCHD
100
AcDbLine
10
38.75
20
7.32125
30
0
11
53.875
21
7.32125
31
0
0
LINE
5
4B6
330
104
100
AcDbEntity
8
E-ANNO-SCHD
100
AcDbLine
10
38.75
20
7.02125
30
0
11
53.875
21
7.02125
31
0
0
LINE
5
4B7
330
104
100
AcDbEntity
8
E-ANNO-SCHD
100
AcDbLine
10
38.75
20
7.32125
30
0
11
38.75
21
7.02125
31
0
0
TEXT
5
4B8
330
104
100
AcDbEntity
8
E-ANNO-SCHD
100
AcDbText
10
38.82
20
7.1525
30
0
40
0.09375
1
PS-2 / OUT1
50
0
41
1
7
MAIN
72
0
11
38.82
21
7.1525
31
0
100
AcDbText
73
0
0
LINE
5
4B9
330
104
100
AcDbEntity
8
E-ANNO-SCHD
100
AcDbLine
10
45.625
20
7.32125
30
0
11
45.625
21
7.02125
31
0
0
TEXT
5
4BA
330
104
100
AcDbEntity
8
E-ANNO-SCHD
100
AcDbText
10
45.695
20
7.1525
30
0
40
0.09375
1
44.00 W
50
0
41
1
7
MAIN
72
0
11
45.695
21
7.1525
31
0
100
AcDbText
73
0
0
LINE
5
4BB
330
104
100
AcDbEntity
8
E-ANNO-SCHD
100
AcDbLine
10
48.60416667
20
7.32125
30
0
11
48.60416667
21
7.02125
31
0
0
TEXT
5
4BC
330
104
100
AcDbEntity
8
E-ANNO-SCHD
100
AcDbText
10
48.67416667
20
7.1525
30
0
40
0.09375
1
96 W
50
0
41
1
7
MAIN
72
0
11
48.67416667
21
7.1525
31
0
100
AcDbText
73
0
0
LINE
5
4BD
330
104
100
AcDbEntity
8
E-ANNO-SCHD
100
AcDbLine
10
51.58333333
20
7.32125
30
0
11
51.58333333
21
7.02125
31
0
0
TEXT
5
4BE
330
104
100
AcDbEntity
8
E-ANNO-SCHD
100
AcDbText
10
51.65333333
20
7.1525
30
0
40
0.09375
1
45.8
50
0
41
1
7
MAIN
72
0
11
51.65333333
21
7.1525
31
0
100
AcDbText
73
0
0
LINE
5
4BF
330
104
100
AcDbEntity
8
E-ANNO-SCHD
100
AcDbLine
10
53.875
20
7.32125
30
0
11
53.875
21
7.02125
31
0
0
LINE
5
4C0
330
104
100
AcDbEntity
8
E-ANNO-SCHD
100
AcDbLine
10
38.75
20
7.02125
30
0
11
53.875
21
7.02125
31
0
0
LINE
5
4C1
330
104
100
AcDbEntity
8
E-ANNO-SCHD
100
AcDbLine
10
38.75
20
6.72125
30
0
11
53.875
21
6.72125
31
0
0
LINE
5
4C2
330
104
100
AcDbEntity
8
E-ANNO-SCHD
100
AcDbLine
10
38.75
20
7.02125
30
0
11
38.75
21
6.72125
31
0
0
TEXT
5
4C3
330
104
100
AcDbEntity
8
E-ANNO-SCHD
100
AcDbText
10
38.82
20
6.8525
30
0
40
0.09375
1
PS-3 / OUT1
50
0
41
1
7
MAIN
72
0
11
38.82
21
6.8525
31
0
100
AcDbText
73
0
0
LINE
5
4C4
330
104
100
AcDbEntity
8
E-ANNO-SCHD
100
AcDbLine
10
45.625
20
7.02125
30
0
11
45.625
21
6.72125
31
0
0
TEXT
5
4C5
330
104
100
AcDbEntity
8
E-ANNO-SCHD
100
AcDbText
10
45.695
20
6.8525
30
0
40
0.09375
1
75.40 W
50
0
41
1
7
MAIN
72
0
11
45.695
21
6.8525
31
0
100
AcDbText
73
0
0
LINE
5
4C6
330
104
100
AcDbEntity
8
E-ANNO-SCHD
100
AcDbLine
10
48.60416667
20
7.02125
30
0
11
48.60416667
21
6.72125
31
0
0
TEXT
5
4C7
330
104
100
AcDbEntity
8
E-ANNO-SCHD
100
AcDbText
10
48.67416667
20
6.8525
30
0
40
0.09375
1
96 W
50
0
41
1
7
MAIN
72
0
11
48.67416667
21
6.8525
31
0
100
AcDbText
73
0
0
LINE
5
4C8
330
104
100
AcDbEntity
8
E-ANNO-SCHD
100
AcDbLine
10
51.58333333
20
7.02125
30
0
11
51.58333333
21
6.72125
31
0
0
TEXT
5
4C9
330
104
100
AcDbEntity
8
E-ANNO-SCHD
100
AcDbText
10
51.65333333
20
6.8525
30
0
40
0.09375
1
78.5
50
0
41
1
7
MAIN
72
0
11
51.65333333
21
6.8525
31
0
100
AcDbText
73
0
0
LINE
5
4CA
330
104
100
AcDbEntity
8
E-ANNO-SCHD
100
AcDbLine
10
53.875
20
7.02125
30
0
11
53.875
21
6.72125
31
0
0
LINE
5
4CB
330
104
100
AcDbEntity
8
E-ANNO-SCHD
100
AcDbLine
10
38.75
20
6.72125
30
0
11
53.875
21
6.72125
31
0
0
LINE
5
4CC
330
104
100
AcDbEntity
8
E-ANNO-SCHD
100
AcDbLine
10
38.75
20
6.42125
30
0
11
53.875
21
6.42125
31
0
0
LINE
5
4CD
330
104
100
AcDbEntity
8
E-ANNO-SCHD
100
AcDbLine
10
38.75
20
6.72125
30
0
11
38.75
21
6.42125
31
0
0
TEXT
5
4CE
330
104
100
AcDbEntity
8
E-ANNO-SCHD
100
AcDbText
10
38.82
20
6.5525
30
0
40
0.09375
1
DEC-1 / CH1
50
0
41
1
7
MAIN
72
0
11
38.82
21
6.5525
31
0
100
AcDbText
73
0
0
LINE
5
4CF
330
104
100
AcDbEntity
8
E-ANNO-SCHD
100
AcDbLine
10
45.625
20
6.72125
30
0
11
45.625
21
6.42125
31
0
0
TEXT
5
4D0
330
104
100
AcDbEntity
8
E-ANNO-SCHD
100
AcDbText
10
45.695
20
6.5525
30
0
40
0.09375
1
0.55 A
50
0
41
1
7
MAIN
72
0
11
45.695
21
6.5525
31
0
100
AcDbText
73
0
0
LINE
5
4D1
330
104
100
AcDbEntity
8
E-ANNO-SCHD
100
AcDbLine
10
48.60416667
20
6.72125
30
0
11
48.60416667
21
6.42125
31
0
0
TEXT
5
4D2
330
104
100
AcDbEntity
8
E-ANNO-SCHD
100
AcDbText
10
48.67416667
20
6.5525
30
0
40
0.09375
1
5 A
50
0
41
1
7
MAIN
72
0
11
48.67416667
21
6.5525
31
0
100
AcDbText
73
0
0
LINE
5
4D3
330
104
100
AcDbEntity
8
E-ANNO-SCHD
100
AcDbLine
10
51.58333333
20
6.72125
30
0
11
51.58333333
21
6.42125
31
0
0
TEXT
5
4D4
330
104
100
AcDbEntity
8
E-ANNO-SCHD
100
AcDbText
10
51.65333333
20
6.5525
30
0
40
0.09375
1
11.0
50
0
41
1
7
MAIN
72
0
11
51.65333333
21
6.5525
31
0
100
AcDbText
73
0
0
LINE
5
4D5
330
104
100
AcDbEntity
8
E-ANNO-SCHD
100
AcDbLine
10
53.875
20
6.72125
30
0
11
53.875
21
6.42125
31
0
0
LINE
5
4D6
330
104
100
AcDbEntity
8
E-ANNO-SCHD
100
AcDbLine
10
38.75
20
6.42125
30
0
11
53.875
21
6.42125
31
0
0
LINE
5
4D7
330
104
100
AcDbEntity
8
E-ANNO-SCHD
100
AcDbLine
10
38.75
20
6.12125
30
0
11
53.875
21
6.12125
31
0
0
LINE
5
4D8
330
104
100
AcDbEntity
8
E-ANNO-SCHD
100
AcDbLine
10
38.75
20
6.42125
30
0
11
38.75
21
6.12125
31
0
0
TEXT
5
4D9
330
104
100
AcDbEntity
8
E-ANNO-SCHD
100
AcDbText
10
38.82
20
6.2525
30
0
40
0.09375
1
DEC-1 / CH2
50
0
41
1
7
MAIN
72
0
11
38.82
21
6.2525
31
0
100
AcDbText
73
0
0
LINE
5
4DA
330
104
100
AcDbEntity
8
E-ANNO-SCHD
100
AcDbLine
10
45.625
20
6.42125
30
0
11
45.625
21
6.12125
31
0
0
TEXT
5
4DB
330
104
100
AcDbEntity
8
E-ANNO-SCHD
100
AcDbText
10
45.695
20
6.2525
30
0
40
0.09375
1
0.55 A
50
0
41
1
7
MAIN
72
0
11
45.695
21
6.2525
31
0
100
AcDbText
73
0
0
LINE
5
4DC
330
104
100
AcDbEntity
8
E-ANNO-SCHD
100
AcDbLine
10
48.60416667
20
6.42125
30
0
11
48.60416667
21
6.12125
31
0
0
TEXT
5
4DD
330
104
100
AcDbEntity
8
E-ANNO-SCHD
100
AcDbText
10
48.67416667
20
6.2525
30
0
40
0.09375
1
5 A
50
0
41
1
7
MAIN
72
0
11
48.67416667
21
6.2525
31
0
100
AcDbText
73
0
0
LINE
5
4DE
330
104
100
AcDbEntity
8
E-ANNO-SCHD
100
AcDbLine
10
51.58333333
20
6.42125
30
0
11
51.58333333
21
6.12125
31
0
0
TEXT
5
4DF
330
104
100
AcDbEntity
8
E-ANNO-SCHD
100
AcDbText
10
51.65333333
20
6.2525
30
0
40
0.09375
1
11.0
50
0
41
1
7
MAIN
72
0
11
51.65333333
21
6.2525
31
0
100
AcDbText
73
0
0
LINE
5
4E0
330
104
100
AcDbEntity
8
E-ANNO-SCHD
100
AcDbLine
10
53.875
20
6.42125
30
0
11
53.875
21
6.12125
31
0
0
LINE
5
4E1
330
104
100
AcDbEntity
8
E-ANNO-SCHD
100
AcDbLine
10
38.75
20
6.12125
30
0
11
53.875
21
6.12125
31
0
0
LINE
5
4E2
330
104
100
AcDbEntity
8
E-ANNO-SCHD
100
AcDbLine
10
38.75
20
5.82125
30
0
11
53.875
21
5.82125
31
0
0
LINE
5
4E3
330
104
100
AcDbEntity
8
E-ANNO-SCHD
100
AcDbLine
10
38.75
20
6.12125
30
0
11
38.75
21
5.82125
31
0
0
TEXT
5
4E4
330
104
100
AcDbEntity
8
E-ANNO-SCHD
100
AcDbText
10
38.82
20
5.9525
30
0
40
0.09375
1
DEC-1 / CH3
50
0
41
1
7
MAIN
72
0
11
38.82
21
5.9525
31
0
100
AcDbText
73
0
0
LINE
5
4E5
330
104
100
AcDbEntity
8
E-ANNO-SCHD
100
AcDbLine
10
45.625
20
6.12125
30
0
11
45.625
21
5.82125
31
0
0
TEXT
5
4E6
330
104
100
AcDbEntity
8
E-ANNO-SCHD
100
AcDbText
10
45.695
20
5.9525
30
0
40
0.09375
1
0.55 A
50
0
41
1
7
MAIN
72
0
11
45.695
21
5.9525
31
0
100
AcDbText
73
0
0
LINE
5
4E7
330
104
100
AcDbEntity
8
E-ANNO-SCHD
100
AcDbLine
10
48.60416667
20
6.12125
30
0
11
48.60416667
21
5.82125
31
0
0
TEXT
5
4E8
330
104
100
AcDbEntity
8
E-ANNO-SCHD
100
AcDbText
10
48.67416667
20
5.9525
30
0
40
0.09375
1
5 A
50
0
41
1
7
MAIN
72
0
11
48.67416667
21
5.9525
31
0
100
AcDbText
73
0
0
LINE
5
4E9
330
104
100
AcDbEntity
8
E-ANNO-SCHD
100
AcDbLine
10
51.58333333
20
6.12125
30
0
11
51.58333333
21
5.82125
31
0
0
TEXT
5
4EA
330
104
100
AcDbEntity
8
E-ANNO-SCHD
100
AcDbText
10
51.65333333
20
5.9525
30
0
40
0.09375
1
11.0
50
0
41
1
7
MAIN
72
0
11
51.65333333
21
5.9525
31
0
100
AcDbText
73
0
0
LINE
5
4EB
330
104
100
AcDbEntity
8
E-ANNO-SCHD
100
AcDbLine
10
53.875
20
6.12125
30
0
11
53.875
21
5.82125
31
0
0
LINE
5
4EC
330
104
100
AcDbEntity
8
E-ANNO-SCHD
100
AcDbLine
10
38.75
20
5.82125
30
0
11
53.875
21
5.82125
31
0
0
LINE
5
4ED
330
104
100
AcDbEntity
8
E-ANNO-SCHD
100
AcDbLine
10
38.75
20
5.52125
30
0
11
53.875
21
5.52125
31
0
0
LINE
5
4EE
330
104
100
AcDbEntity
8
E-ANNO-SCHD
100
AcDbLine
10
38.75
20
5.82125
30
0
11
38.75
21
5.52125
31
0
0
TEXT
5
4EF
330
104
100
AcDbEntity
8
E-ANNO-SCHD
100
AcDbText
10
38.82
20
5.6525
30
0
40
0.09375
1
DEC-1 / CH4
50
0
41
1
7
MAIN
72
0
11
38.82
21
5.6525
31
0
100
AcDbText
73
0
0
LINE
5
4F0
330
104
100
AcDbEntity
8
E-ANNO-SCHD
100
AcDbLine
10
45.625
20
5.82125
30
0
11
45.625
21
5.52125
31
0
0
TEXT
5
4F1
330
104
100
AcDbEntity
8
E-ANNO-SCHD
100
AcDbText
10
45.695
20
5.6525
30
0
40
0.09375
1
0.55 A
50
0
41
1
7
MAIN
72
0
11
45.695
21
5.6525
31
0
100
AcDbText
73
0
0
LINE
5
4F2
330
104
100
AcDbEntity
8
E-ANNO-SCHD
100
AcDbLine
10
48.60416667
20
5.82125
30
0
11
48.60416667
21
5.52125
31
0
0
TEXT
5
4F3
330
104
100
AcDbEntity
8
E-ANNO-SCHD
100
AcDbText
10
48.67416667
20
5.6525
30
0
40
0.09375
1
5 A
50
0
41
1
7
MAIN
72
0
11
48.67416667
21
5.6525
31
0
100
AcDbText
73
0
0
LINE
5
4F4
330
104
100
AcDbEntity
8
E-ANNO-SCHD
100
AcDbLine
10
51.58333333
20
5.82125
30
0
11
51.58333333
21
5.52125
31
0
0
TEXT
5
4F5
330
104
100
AcDbEntity
8
E-ANNO-SCHD
100
AcDbText
10
51.65333333
20
5.6525
30
0
40
0.09375
1
11.0
50
0
41
1
7
MAIN
72
0
11
51.65333333
21
5.6525
31
0
100
AcDbText
73
0
0
LINE
5
4F6
330
104
100
AcDbEntity
8
E-ANNO-SCHD
100
AcDbLine
10
53.875
20
5.82125
30
0
11
53.875
21
5.52125
31
0
0
LINE
5
4F7
330
104
100
AcDbEntity
8
E-ANNO-SCHD
100
AcDbLine
10
38.75
20
5.52125
30
0
11
53.875
21
5.52125
31
0
0
LINE
5
4F8
330
104
100
AcDbEntity
8
E-ANNO-SCHD
100
AcDbLine
10
38.75
20
5.22125
30
0
11
53.875
21
5.22125
31
0
0
LINE
5
4F9
330
104
100
AcDbEntity
8
E-ANNO-SCHD
100
AcDbLine
10
38.75
20
5.52125
30
0
11
38.75
21
5.22125
31
0
0
TEXT
5
4FA
330
104
100
AcDbEntity
8
E-ANNO-SCHD
100
AcDbText
10
38.82
20
5.3525
30
0
40
0.09375
1
DEC-2 / CH1
50
0
41
1
7
MAIN
72
0
11
38.82
21
5.3525
31
0
100
AcDbText
73
0
0
LINE
5
4FB
330
104
100
AcDbEntity
8
E-ANNO-SCHD
100
AcDbLine
10
45.625
20
5.52125
30
0
11
45.625
21
5.22125
31
0
0
TEXT
5
4FC
330
104
100
AcDbEntity
8
E-ANNO-SCHD
100
AcDbText
10
45.695
20
5.3525
30
0
40
0.09375
1
1.83 A
50
0
41
1
7
MAIN
72
0
11
45.695
21
5.3525
31
0
100
AcDbText
73
0
0
LINE
5
4FD
330
104
100
AcDbEntity
8
E-ANNO-SCHD
100
AcDbLine
10
48.60416667
20
5.52125
30
0
11
48.60416667
21
5.22125
31
0
0
TEXT
5
4FE
330
104
100
AcDbEntity
8
E-ANNO-SCHD
100
AcDbText
10
48.67416667
20
5.3525
30
0
40
0.09375
1
5 A
50
0
41
1
7
MAIN
72
0
11
48.67416667
21
5.3525
31
0
100
AcDbText
73
0
0
LINE
5
4FF
330
104
100
AcDbEntity
8
E-ANNO-SCHD
100
AcDbLine
10
51.58333333
20
5.52125
30
0
11
51.58333333
21
5.22125
31
0
0
TEXT
5
500
330
104
100
AcDbEntity
8
E-ANNO-SCHD
100
AcDbText
10
51.65333333
20
5.3525
30
0
40
0.09375
1
36.7
50
0
41
1
7
MAIN
72
0
11
51.65333333
21
5.3525
31
0
100
AcDbText
73
0
0
LINE
5
501
330
104
100
AcDbEntity
8
E-ANNO-SCHD
100
AcDbLine
10
53.875
20
5.52125
30
0
11
53.875
21
5.22125
31
0
0
LINE
5
502
330
104
100
AcDbEntity
8
E-ANNO-SCHD
100
AcDbLine
10
38.75
20
5.22125
30
0
11
53.875
21
5.22125
31
0
0
LINE
5
503
330
104
100
AcDbEntity
8
E-ANNO-SCHD
100
AcDbLine
10
38.75
20
4.92125
30
0
11
53.875
21
4.92125
31
0
0
LINE
5
504
330
104
100
AcDbEntity
8
E-ANNO-SCHD
100
AcDbLine
10
38.75
20
5.22125
30
0
11
38.75
21
4.92125
31
0
0
TEXT
5
505
330
104
100
AcDbEntity
8
E-ANNO-SCHD
100
AcDbText
10
38.82
20
5.0525
30
0
40
0.09375
1
DEC-2 / CH2
50
0
41
1
7
MAIN
72
0
11
38.82
21
5.0525
31
0
100
AcDbText
73
0
0
LINE
5
506
330
104
100
AcDbEntity
8
E-ANNO-SCHD
100
AcDbLine
10
45.625
20
5.22125
30
0
11
45.625
21
4.92125
31
0
0
TEXT
5
507
330
104
100
AcDbEntity
8
E-ANNO-SCHD
100
AcDbText
10
45.695
20
5.0525
30
0
40
0.09375
1
1.83 A
50
0
41
1
7
MAIN
72
0
11
45.695
21
5.0525
31
0
100
AcDbText
73
0
0
LINE
5
508
330
104
100
AcDbEntity
8
E-ANNO-SCHD
100
AcDbLine
10
48.60416667
20
5.22125
30
0
11
48.60416667
21
4.92125
31
0
0
TEXT
5
509
330
104
100
AcDbEntity
8
E-ANNO-SCHD
100
AcDbText
10
48.67416667
20
5.0525
30
0
40
0.09375
1
5 A
50
0
41
1
7
MAIN
72
0
11
48.67416667
21
5.0525
31
0
100
AcDbText
73
0
0
LINE
5
50A
330
104
100
AcDbEntity
8
E-ANNO-SCHD
100
AcDbLine
10
51.58333333
20
5.22125
30
0
11
51.58333333
21
4.92125
31
0
0
TEXT
5
50B
330
104
100
AcDbEntity
8
E-ANNO-SCHD
100
AcDbText
10
51.65333333
20
5.0525
30
0
40
0.09375
1
36.7
50
0
41
1
7
MAIN
72
0
11
51.65333333
21
5.0525
31
0
100
AcDbText
73
0
0
LINE
5
50C
330
104
100
AcDbEntity
8
E-ANNO-SCHD
100
AcDbLine
10
53.875
20
5.22125
30
0
11
53.875
21
4.92125
31
0
0
LINE
5
50D
330
104
100
AcDbEntity
8
E-ANNO-SCHD
100
AcDbLine
10
38.75
20
4.92125
30
0
11
53.875
21
4.92125
31
0
0
LINE
5
50E
330
104
100
AcDbEntity
8
E-ANNO-SCHD
100
AcDbLine
10
38.75
20
4.62125
30
0
11
53.875
21
4.62125
31
0
0
LINE
5
50F
330
104
100
AcDbEntity
8
E-ANNO-SCHD
100
AcDbLine
10
38.75
20
4.92125
30
0
11
38.75
21
4.62125
31
0
0
TEXT
5
510
330
104
100
AcDbEntity
8
E-ANNO-SCHD
100
AcDbText
10
38.82
20
4.7525
30
0
40
0.09375
1
DEC-2 / CH3
50
0
41
1
7
MAIN
72
0
11
38.82
21
4.7525
31
0
100
AcDbText
73
0
0
LINE
5
511
330
104
100
AcDbEntity
8
E-ANNO-SCHD
100
AcDbLine
10
45.625
20
4.92125
30
0
11
45.625
21
4.62125
31
0
0
TEXT
5
512
330
104
100
AcDbEntity
8
E-ANNO-SCHD
100
AcDbText
10
45.695
20
4.7525
30
0
40
0.09375
1
0.00 A
50
0
41
1
7
MAIN
72
0
11
45.695
21
4.7525
31
0
100
AcDbText
73
0
0
LINE
5
513
330
104
100
AcDbEntity
8
E-ANNO-SCHD
100
AcDbLine
10
48.60416667
20
4.92125
30
0
11
48.60416667
21
4.62125
31
0
0
TEXT
5
514
330
104
100
AcDbEntity
8
E-ANNO-SCHD
100
AcDbText
10
48.67416667
20
4.7525
30
0
40
0.09375
1
5 A
50
0
41
1
7
MAIN
72
0
11
48.67416667
21
4.7525
31
0
100
AcDbText
73
0
0
LINE
5
515
330
104
100
AcDbEntity
8
E-ANNO-SCHD
100
AcDbLine
10
51.58333333
20
4.92125
30
0
11
51.58333333
21
4.62125
31
0
0
TEXT
5
516
330
104
100
AcDbEntity
8
E-ANNO-SCHD
100
AcDbText
10
51.65333333
20
4.7525
30
0
40
0.09375
1
0.0
50
0
41
1
7
MAIN
72
0
11
51.65333333
21
4.7525
31
0
100
AcDbText
73
0
0
LINE
5
517
330
104
100
AcDbEntity
8
E-ANNO-SCHD
100
AcDbLine
10
53.875
20
4.92125
30
0
11
53.875
21
4.62125
31
0
0
LINE
5
518
330
104
100
AcDbEntity
8
E-ANNO-SCHD
100
AcDbLine
10
38.75
20
4.62125
30
0
11
53.875
21
4.62125
31
0
0
LINE
5
519
330
104
100
AcDbEntity
8
E-ANNO-SCHD
100
AcDbLine
10
38.75
20
4.32125
30
0
11
53.875
21
4.32125
31
0
0
LINE
5
51A
330
104
100
AcDbEntity
8
E-ANNO-SCHD
100
AcDbLine
10
38.75
20
4.62125
30
0
11
38.75
21
4.32125
31
0
0
TEXT
5
51B
330
104
100
AcDbEntity
8
E-ANNO-SCHD
100
AcDbText
10
38.82
20
4.4525
30
0
40
0.09375
1
DEC-2 / CH4
50
0
41
1
7
MAIN
72
0
11
38.82
21
4.4525
31
0
100
AcDbText
73
0
0
LINE
5
51C
330
104
100
AcDbEntity
8
E-ANNO-SCHD
100
AcDbLine
10
45.625
20
4.62125
30
0
11
45.625
21
4.32125
31
0
0
TEXT
5
51D
330
104
100
AcDbEntity
8
E-ANNO-SCHD
100
AcDbText
10
45.695
20
4.4525
30
0
40
0.09375
1
0.00 A
50
0
41
1
7
MAIN
72
0
11
45.695
21
4.4525
31
0
100
AcDbText
73
0
0
LINE
5
51E
330
104
100
AcDbEntity
8
E-ANNO-SCHD
100
AcDbLine
10
48.60416667
20
4.62125
30
0
11
48.60416667
21
4.32125
31
0
0
TEXT
5
51F
330
104
100
AcDbEntity
8
E-ANNO-SCHD
100
AcDbText
10
48.67416667
20
4.4525
30
0
40
0.09375
1
5 A
50
0
41
1
7
MAIN
72
0
11
48.67416667
21
4.4525
31
0
100
AcDbText
73
0
0
LINE
5
520
330
104
100
AcDbEntity
8
E-ANNO-SCHD
100
AcDbLine
10
51.58333333
20
4.62125
30
0
11
51.58333333
21
4.32125
31
0
0
TEXT
5
521
330
104
100
AcDbEntity
8
E-ANNO-SCHD
100
AcDbText
10
51.65333333
20
4.4525
30
0
40
0.09375
1
0.0
50
0
41
1
7
MAIN
72
0
11
51.65333333
21
4.4525
31
0
100
AcDbText
73
0
0
LINE
5
522
330
104
100
AcDbEntity
8
E-ANNO-SCHD
100
AcDbLine
10
53.875
20
4.62125
30
0
11
53.875
21
4.32125
31
0
0
LINE
5
523
330
104
100
AcDbEntity
8
E-ANNO-SCHD
100
AcDbLine
10
38.75
20
4.32125
30
0
11
53.875
21
4.32125
31
0
0
LINE
5
524
330
104
100
AcDbEntity
8
E-ANNO-SCHD
100
AcDbLine
10
38.75
20
4.02125
30
0
11
53.875
21
4.02125
31
0
0
LINE
5
525
330
104
100
AcDbEntity
8
E-ANNO-SCHD
100
AcDbLine
10
38.75
20
4.32125
30
0
11
38.75
21
4.02125
31
0
0
TEXT
5
526
330
104
100
AcDbEntity
8
E-ANNO-SCHD
100
AcDbText
10
38.82
20
4.1525
30
0
40
0.09375
1
LP-1/12 / 12
50
0
41
1
7
MAIN
72
0
11
38.82
21
4.1525
31
0
100
AcDbText
73
0
0
LINE
5
527
330
104
100
AcDbEntity
8
E-ANNO-SCHD
100
AcDbLine
10
45.625
20
4.32125
30
0
11
45.625
21
4.02125
31
0
0
TEXT
5
528
330
104
100
AcDbEntity
8
E-ANNO-SCHD
100
AcDbText
10
45.695
20
4.1525
30
0
40
0.09375
1
1.44 A
50
0
41
1
7
MAIN
72
0
11
45.695
21
4.1525
31
0
100
AcDbText
73
0
0
LINE
5
529
330
104
100
AcDbEntity
8
E-ANNO-SCHD
100
AcDbLine
10
48.60416667
20
4.32125
30
0
11
48.60416667
21
4.02125
31
0
0
TEXT
5
52A
330
104
100
AcDbEntity
8
E-ANNO-SCHD
100
AcDbText
10
48.67416667
20
4.1525
30
0
40
0.09375
1
20 A
50
0
41
1
7
MAIN
72
0
11
48.67416667
21
4.1525
31
0
100
AcDbText
73
0
0
LINE
5
52B
330
104
100
AcDbEntity
8
E-ANNO-SCHD
100
AcDbLine
10
51.58333333
20
4.32125
30
0
11
51.58333333
21
4.02125
31
0
0
TEXT
5
52C
330
104
100
AcDbEntity
8
E-ANNO-SCHD
100
AcDbText
10
51.65333333
20
4.1525
30
0
40
0.09375
1
7.2
50
0
41
1
7
MAIN
72
0
11
51.65333333
21
4.1525
31
0
100
AcDbText
73
0
0
LINE
5
52D
330
104
100
AcDbEntity
8
E-ANNO-SCHD
100
AcDbLine
10
53.875
20
4.32125
30
0
11
53.875
21
4.02125
31
0
0
LINE
5
52E
330
104
100
AcDbEntity
8
E-ANNO-SCHD
100
AcDbLine
10
38.75
20
4.02125
30
0
11
53.875
21
4.02125
31
0
0
LINE
5
52F
330
104
100
AcDbEntity
8
E-ANNO-SCHD
100
AcDbLine
10
38.75
20
3.72125
30
0
11
53.875
21
3.72125
31
0
0
LINE
5
530
330
104
100
AcDbEntity
8
E-ANNO-SCHD
100
AcDbLine
10
38.75
20
4.02125
30
0
11
38.75
21
3.72125
31
0
0
TEXT
5
531
330
104
100
AcDbEntity
8
E-ANNO-SCHD
100
AcDbText
10
38.82
20
3.8525
30
0
40
0.09375
1
LP-1/14 / 14
50
0
41
1
7
MAIN
72
0
11
38.82
21
3.8525
31
0
100
AcDbText
73
0
0
LINE
5
532
330
104
100
AcDbEntity
8
E-ANNO-SCHD
100
AcDbLine
10
45.625
20
4.02125
30
0
11
45.625
21
3.72125
31
0
0
TEXT
5
533
330
104
100
AcDbEntity
8
E-ANNO-SCHD
100
AcDbText
10
45.695
20
3.8525
30
0
40
0.09375
1
0.98 A
50
0
41
1
7
MAIN
72
0
11
45.695
21
3.8525
31
0
100
AcDbText
73
0
0
LINE
5
534
330
104
100
AcDbEntity
8
E-ANNO-SCHD
100
AcDbLine
10
48.60416667
20
4.02125
30
0
11
48.60416667
21
3.72125
31
0
0
TEXT
5
535
330
104
100
AcDbEntity
8
E-ANNO-SCHD
100
AcDbText
10
48.67416667
20
3.8525
30
0
40
0.09375
1
20 A
50
0
41
1
7
MAIN
72
0
11
48.67416667
21
3.8525
31
0
100
AcDbText
73
0
0
LINE
5
536
330
104
100
AcDbEntity
8
E-ANNO-SCHD
100
AcDbLine
10
51.58333333
20
4.02125
30
0
11
51.58333333
21
3.72125
31
0
0
TEXT
5
537
330
104
100
AcDbEntity
8
E-ANNO-SCHD
100
AcDbText
10
51.65333333
20
3.8525
30
0
40
0.09375
1
4.9
50
0
41
1
7
MAIN
72
0
11
51.65333333
21
3.8525
31
0
100
AcDbText
73
0
0
LINE
5
538
330
104
100
AcDbEntity
8
E-ANNO-SCHD
100
AcDbLine
10
53.875
20
4.02125
30
0
11
53.875
21
3.72125
31
0
0
TEXT
5
539
330
104
100
AcDbEntity
8
E-ANNO-SCHD
100
AcDbText
10
38.75
20
3.27125
30
0
40
0.1875
1
DMX PATCH
50
0
41
1
7
BOLD
72
0
11
38.75
21
3.27125
31
0
100
AcDbText
73
0
0
LINE
5
53A
330
104
100
AcDbEntity
8
E-ANNO-SCHD
100
AcDbLine
10
38.75
20
3.15125
30
0
11
53.875
21
3.15125
31
0
0
LINE
5
53B
330
104
100
AcDbEntity
8
E-ANNO-SCHD
100
AcDbLine
10
38.75
20
2.87125
30
0
11
53.875
21
2.87125
31
0
0
LINE
5
53C
330
104
100
AcDbEntity
8
E-ANNO-SCHD
100
AcDbLine
10
38.75
20
2.57125
30
0
11
53.875
21
2.57125
31
0
0
LINE
5
53D
330
104
100
AcDbEntity
8
E-ANNO-SCHD
100
AcDbLine
10
38.75
20
2.87125
30
0
11
38.75
21
2.57125
31
0
0
TEXT
5
53E
330
104
100
AcDbEntity
8
E-ANNO-SCHD
100
AcDbText
10
38.82
20
2.7025
30
0
40
0.09375
1
TAG
50
0
41
1
7
BOLD
72
0
11
38.82
21
2.7025
31
0
100
AcDbText
73
0
0
LINE
5
53F
330
104
100
AcDbEntity
8
E-ANNO-SCHD
100
AcDbLine
10
43.79166667
20
2.87125
30
0
11
43.79166667
21
2.57125
31
0
0
TEXT
5
540
330
104
100
AcDbEntity
8
E-ANNO-SCHD
100
AcDbText
10
43.86166667
20
2.7025
30
0
40
0.09375
1
UNIVERSE
50
0
41
1
7
BOLD
72
0
11
43.86166667
21
2.7025
31
0
100
AcDbText
73
0
0
LINE
5
541
330
104
100
AcDbEntity
8
E-ANNO-SCHD
100
AcDbLine
10
46.3125
20
2.87125
30
0
11
46.3125
21
2.57125
31
0
0
TEXT
5
542
330
104
100
AcDbEntity
8
E-ANNO-SCHD
100
AcDbText
10
46.3825
20
2.7025
30
0
40
0.09375
1
START
50
0
41
1
7
BOLD
72
0
11
46.3825
21
2.7025
31
0
100
AcDbText
73
0
0
LINE
5
543
330
104
100
AcDbEntity
8
E-ANNO-SCHD
100
AcDbLine
10
48.83333333
20
2.87125
30
0
11
48.83333333
21
2.57125
31
0
0
TEXT
5
544
330
104
100
AcDbEntity
8
E-ANNO-SCHD
100
AcDbText
10
48.90333333
20
2.7025
30
0
40
0.09375
1
END
50
0
41
1
7
BOLD
72
0
11
48.90333333
21
2.7025
31
0
100
AcDbText
73
0
0
LINE
5
545
330
104
100
AcDbEntity
8
E-ANNO-SCHD
100
AcDbLine
10
51.35416667
20
2.87125
30
0
11
51.35416667
21
2.57125
31
0
0
TEXT
5
546
330
104
100
AcDbEntity
8
E-ANNO-SCHD
100
AcDbText
10
51.42416667
20
2.7025
30
0
40
0.09375
1
FOOTPRINT
50
0
41
1
7
BOLD
72
0
11
51.42416667
21
2.7025
31
0
100
AcDbText
73
0
0
LINE
5
547
330
104
100
AcDbEntity
8
E-ANNO-SCHD
100
AcDbLine
10
53.875
20
2.87125
30
0
11
53.875
21
2.57125
31
0
0
LINE
5
548
330
104
100
AcDbEntity
8
E-ANNO-SCHD
100
AcDbLine
10
38.75
20
2.57125
30
0
11
53.875
21
2.57125
31
0
0
LINE
5
549
330
104
100
AcDbEntity
8
E-ANNO-SCHD
100
AcDbLine
10
38.75
20
2.27125
30
0
11
53.875
21
2.27125
31
0
0
LINE
5
54A
330
104
100
AcDbEntity
8
E-ANNO-SCHD
100
AcDbLine
10
38.75
20
2.57125
30
0
11
38.75
21
2.27125
31
0
0
TEXT
5
54B
330
104
100
AcDbEntity
8
E-ANNO-SCHD
100
AcDbText
10
38.82
20
2.4025
30
0
40
0.09375
1
DEC-1
50
0
41
1
7
MAIN
72
0
11
38.82
21
2.4025
31
0
100
AcDbText
73
0
0
LINE
5
54C
330
104
100
AcDbEntity
8
E-ANNO-SCHD
100
AcDbLine
10
43.79166667
20
2.57125
30
0
11
43.79166667
21
2.27125
31
0
0
TEXT
5
54D
330
104
100
AcDbEntity
8
E-ANNO-SCHD
100
AcDbText
10
43.86166667
20
2.4025
30
0
40
0.09375
1
1
50
0
41
1
7
MAIN
72
0
11
43.86166667
21
2.4025
31
0
100
AcDbText
73
0
0
LINE
5
54E
330
104
100
AcDbEntity
8
E-ANNO-SCHD
100
AcDbLine
10
46.3125
20
2.57125
30
0
11
46.3125
21
2.27125
31
0
0
TEXT
5
54F
330
104
100
AcDbEntity
8
E-ANNO-SCHD
100
AcDbText
10
46.3825
20
2.4025
30
0
40
0.09375
1
1
50
0
41
1
7
MAIN
72
0
11
46.3825
21
2.4025
31
0
100
AcDbText
73
0
0
LINE
5
550
330
104
100
AcDbEntity
8
E-ANNO-SCHD
100
AcDbLine
10
48.83333333
20
2.57125
30
0
11
48.83333333
21
2.27125
31
0
0
TEXT
5
551
330
104
100
AcDbEntity
8
E-ANNO-SCHD
100
AcDbText
10
48.90333333
20
2.4025
30
0
40
0.09375
1
4
50
0
41
1
7
MAIN
72
0
11
48.90333333
21
2.4025
31
0
100
AcDbText
73
0
0
LINE
5
552
330
104
100
AcDbEntity
8
E-ANNO-SCHD
100
AcDbLine
10
51.35416667
20
2.57125
30
0
11
51.35416667
21
2.27125
31
0
0
TEXT
5
553
330
104
100
AcDbEntity
8
E-ANNO-SCHD
100
AcDbText
10
51.42416667
20
2.4025
30
0
40
0.09375
1
4
50
0
41
1
7
MAIN
72
0
11
51.42416667
21
2.4025
31
0
100
AcDbText
73
0
0
LINE
5
554
330
104
100
AcDbEntity
8
E-ANNO-SCHD
100
AcDbLine
10
53.875
20
2.57125
30
0
11
53.875
21
2.27125
31
0
0
LINE
5
555
330
104
100
AcDbEntity
8
E-ANNO-SCHD
100
AcDbLine
10
38.75
20
2.27125
30
0
11
53.875
21
2.27125
31
0
0
LINE
5
556
330
104
100
AcDbEntity
8
E-ANNO-SCHD
100
AcDbLine
10
38.75
20
1.97125
30
0
11
53.875
21
1.97125
31
0
0
LINE
5
557
330
104
100
AcDbEntity
8
E-ANNO-SCHD
100
AcDbLine
10
38.75
20
2.27125
30
0
11
38.75
21
1.97125
31
0
0
TEXT
5
558
330
104
100
AcDbEntity
8
E-ANNO-SCHD
100
AcDbText
10
38.82
20
2.1025
30
0
40
0.09375
1
DEC-2
50
0
41
1
7
MAIN
72
0
11
38.82
21
2.1025
31
0
100
AcDbText
73
0
0
LINE
5
559
330
104
100
AcDbEntity
8
E-ANNO-SCHD
100
AcDbLine
10
43.79166667
20
2.27125
30
0
11
43.79166667
21
1.97125
31
0
0
TEXT
5
55A
330
104
100
AcDbEntity
8
E-ANNO-SCHD
100
AcDbText
10
43.86166667
20
2.1025
30
0
40
0.09375
1
1
50
0
41
1
7
MAIN
72
0
11
43.86166667
21
2.1025
31
0
100
AcDbText
73
0
0
LINE
5
55B
330
104
100
AcDbEntity
8
E-ANNO-SCHD
100
AcDbLine
10
46.3125
20
2.27125
30
0
11
46.3125
21
1.97125
31
0
0
TEXT
5
55C
330
104
100
AcDbEntity
8
E-ANNO-SCHD
100
AcDbText
10
46.3825
20
2.1025
30
0
40
0.09375
1
5
50
0
41
1
7
MAIN
72
0
11
46.3825
21
2.1025
31
0
100
AcDbText
73
0
0
LINE
5
55D
330
104
100
AcDbEntity
8
E-ANNO-SCHD
100
AcDbLine
10
48.83333333
20
2.27125
30
0
11
48.83333333
21
1.97125
31
0
0
TEXT
5
55E
330
104
100
AcDbEntity
8
E-ANNO-SCHD
100
AcDbText
10
48.90333333
20
2.1025
30
0
40
0.09375
1
8
50
0
41
1
7
MAIN
72
0
11
48.90333333
21
2.1025
31
0
100
AcDbText
73
0
0
LINE
5
55F
330
104
100
AcDbEntity
8
E-ANNO-SCHD
100
AcDbLine
10
51.35416667
20
2.27125
30
0
11
51.35416667
21
1.97125
31
0
0
TEXT
5
560
330
104
100
AcDbEntity
8
E-ANNO-SCHD
100
AcDbText
10
51.42416667
20
2.1025
30
0
40
0.09375
1
4
50
0
41
1
7
MAIN
72
0
11
51.42416667
21
2.1025
31
0
100
AcDbText
73
0
0
LINE
5
561
330
104
100
AcDbEntity
8
E-ANNO-SCHD
100
AcDbLine
10
53.875
20
2.27125
30
0
11
53.875
21
1.97125
31
0
0
TEXT
5
562
330
104
100
AcDbEntity
8
E-ANNO-SCHD
100
AcDbText
10
54.375
20
23
30
0
40
0.1875
1
BILL OF MATERIALS
50
0
41
1
7
BOLD
72
0
11
54.375
21
23
31
0
100
AcDbText
73
0
0
LINE
5
563
330
104
100
AcDbEntity
8
E-ANNO-SCHD
100
AcDbLine
10
54.375
20
22.88
30
0
11
69.5
21
22.88
31
0
0
LINE
5
564
330
104
100
AcDbEntity
8
E-ANNO-SCHD
100
AcDbLine
10
54.375
20
22.6
30
0
11
69.5
21
22.6
31
0
0
LINE
5
565
330
104
100
AcDbEntity
8
E-ANNO-SCHD
100
AcDbLine
10
54.375
20
22.3
30
0
11
69.5
21
22.3
31
0
0
LINE
5
566
330
104
100
AcDbEntity
8
E-ANNO-SCHD
100
AcDbLine
10
54.375
20
22.6
30
0
11
54.375
21
22.3
31
0
0
TEXT
5
567
330
104
100
AcDbEntity
8
E-ANNO-SCHD
100
AcDbText
10
54.445
20
22.43125
30
0
40
0.09375
1
SKU
50
0
41
1
7
BOLD
72
0
11
54.445
21
22.43125
31
0
100
AcDbText
73
0
0
LINE
5
568
330
104
100
AcDbEntity
8
E-ANNO-SCHD
100
AcDbLine
10
58.15625
20
22.6
30
0
11
58.15625
21
22.3
31
0
0
TEXT
5
569
330
104
100
AcDbEntity
8
E-ANNO-SCHD
100
AcDbText
10
58.22625
20
22.43125
30
0
40
0.09375
1
DESCRIPTION
50
0
41
1
7
BOLD
72
0
11
58.22625
21
22.43125
31
0
100
AcDbText
73
0
0
LINE
5
56A
330
104
100
AcDbEntity
8
E-ANNO-SCHD
100
AcDbLine
10
65.71875
20
22.6
30
0
11
65.71875
21
22.3
31
0
0
TEXT
5
56B
330
104
100
AcDbEntity
8
E-ANNO-SCHD
100
AcDbText
10
65.78875
20
22.43125
30
0
40
0.09375
1
QUANTITY
50
0
41
1
7
BOLD
72
0
11
65.78875
21
22.43125
31
0
100
AcDbText
73
0
0
LINE
5
56C
330
104
100
AcDbEntity
8
E-ANNO-SCHD
100
AcDbLine
10
67.9875
20
22.6
30
0
11
67.9875
21
22.3
31
0
0
TEXT
5
56D
330
104
100
AcDbEntity
8
E-ANNO-SCHD
100
AcDbText
10
68.0575
20
22.43125
30
0
40
0.09375
1
REELS
50
0
41
1
7
BOLD
72
0
11
68.0575
21
22.43125
31
0
100
AcDbText
73
0
0
LINE
5
56E
330
104
100
AcDbEntity
8
E-ANNO-SCHD
100
AcDbLine
10
69.5
20
22.6
30
0
11
69.5
21
22.3
31
0
0
LINE
5
56F
330
104
100
AcDbEntity
8
E-ANNO-SCHD
100
AcDbLine
10
54.375
20
22.3
30
0
11
69.5
21
22.3
31
0
0
LINE
5
570
330
104
100
AcDbEntity
8
E-ANNO-SCHD
100
AcDbLine
10
54.375
20
22
30
0
11
69.5
21
22
31
0
0
LINE
5
571
330
104
100
AcDbEntity
8
E-ANNO-SCHD
100
AcDbLine
10
54.375
20
22.3
30
0
11
54.375
21
22
31
0
0
TEXT
5
572
330
104
100
AcDbEntity
8
E-ANNO-SCHD
100
AcDbText
10
54.445
20
22.13125
30
0
40
0.09375
1
VERIFY-DMX-TERMINATOR
50
0
41
1
7
MAIN
72
0
11
54.445
21
22.13125
31
0
100
AcDbText
73
0
0
LINE
5
573
330
104
100
AcDbEntity
8
E-ANNO-SCHD
100
AcDbLine
10
58.15625
20
22.3
30
0
11
58.15625
21
22
31
0
0
TEXT
5
574
330
104
100
AcDbEntity
8
E-ANNO-SCHD
100
AcDbText
10
58.22625
20
22.13125
30
0
40
0.09375
1
DMX end-of-segment terminator \U+2014 verify equipment requirements [EXAMPLE]
50
0
41
1
7
MAIN
72
0
11
58.22625
21
22.13125
31
0
100
AcDbText
73
0
0
LINE
5
575
330
104
100
AcDbEntity
8
E-ANNO-SCHD
100
AcDbLine
10
65.71875
20
22.3
30
0
11
65.71875
21
22
31
0
0
TEXT
5
576
330
104
100
AcDbEntity
8
E-ANNO-SCHD
100
AcDbText
10
65.78875
20
22.13125
30
0
40
0.09375
1
1 ea
50
0
41
1
7
MAIN
72
0
11
65.78875
21
22.13125
31
0
100
AcDbText
73
0
0
LINE
5
577
330
104
100
AcDbEntity
8
E-ANNO-SCHD
100
AcDbLine
10
67.9875
20
22.3
30
0
11
67.9875
21
22
31
0
0
TEXT
5
578
330
104
100
AcDbEntity
8
E-ANNO-SCHD
100
AcDbText
10
68.0575
20
22.13125
30
0
40
0.09375
1
\U+2014
50
0
41
1
7
MAIN
72
0
11
68.0575
21
22.13125
31
0
100
AcDbText
73
0
0
LINE
5
579
330
104
100
AcDbEntity
8
E-ANNO-SCHD
100
AcDbLine
10
69.5
20
22.3
30
0
11
69.5
21
22
31
0
0
LINE
5
57A
330
104
100
AcDbEntity
8
E-ANNO-SCHD
100
AcDbLine
10
54.375
20
22
30
0
11
69.5
21
22
31
0
0
LINE
5
57B
330
104
100
AcDbEntity
8
E-ANNO-SCHD
100
AcDbLine
10
54.375
20
21.7
30
0
11
69.5
21
21.7
31
0
0
LINE
5
57C
330
104
100
AcDbEntity
8
E-ANNO-SCHD
100
AcDbLine
10
54.375
20
22
30
0
11
54.375
21
21.7
31
0
0
TEXT
5
57D
330
104
100
AcDbEntity
8
E-ANNO-SCHD
100
AcDbText
10
54.445
20
21.83125
30
0
40
0.09375
1
EX-DECODER-4CH
50
0
41
1
7
MAIN
72
0
11
54.445
21
21.83125
31
0
100
AcDbText
73
0
0
LINE
5
57E
330
104
100
AcDbEntity
8
E-ANNO-SCHD
100
AcDbLine
10
58.15625
20
22
30
0
11
58.15625
21
21.7
31
0
0
TEXT
5
57F
330
104
100
AcDbEntity
8
E-ANNO-SCHD
100
AcDbText
10
58.22625
20
21.83125
30
0
40
0.09375
1
EXAMPLE 4-channel DMX decoder [EXAMPLE]
50
0
41
1
7
MAIN
72
0
11
58.22625
21
21.83125
31
0
100
AcDbText
73
0
0
LINE
5
580
330
104
100
AcDbEntity
8
E-ANNO-SCHD
100
AcDbLine
10
65.71875
20
22
30
0
11
65.71875
21
21.7
31
0
0
TEXT
5
581
330
104
100
AcDbEntity
8
E-ANNO-SCHD
100
AcDbText
10
65.78875
20
21.83125
30
0
40
0.09375
1
2 ea
50
0
41
1
7
MAIN
72
0
11
65.78875
21
21.83125
31
0
100
AcDbText
73
0
0
LINE
5
582
330
104
100
AcDbEntity
8
E-ANNO-SCHD
100
AcDbLine
10
67.9875
20
22
30
0
11
67.9875
21
21.7
31
0
0
TEXT
5
583
330
104
100
AcDbEntity
8
E-ANNO-SCHD
100
AcDbText
10
68.0575
20
21.83125
30
0
40
0.09375
1
\U+2014
50
0
41
1
7
MAIN
72
0
11
68.0575
21
21.83125
31
0
100
AcDbText
73
0
0
LINE
5
584
330
104
100
AcDbEntity
8
E-ANNO-SCHD
100
AcDbLine
10
69.5
20
22
30
0
11
69.5
21
21.7
31
0
0
LINE
5
585
330
104
100
AcDbEntity
8
E-ANNO-SCHD
100
AcDbLine
10
54.375
20
21.7
30
0
11
69.5
21
21.7
31
0
0
LINE
5
586
330
104
100
AcDbEntity
8
E-ANNO-SCHD
100
AcDbLine
10
54.375
20
21.4
30
0
11
69.5
21
21.4
31
0
0
LINE
5
587
330
104
100
AcDbEntity
8
E-ANNO-SCHD
100
AcDbLine
10
54.375
20
21.7
30
0
11
54.375
21
21.4
31
0
0
TEXT
5
588
330
104
100
AcDbEntity
8
E-ANNO-SCHD
100
AcDbText
10
54.445
20
21.53125
30
0
40
0.09375
1
EX-DMX-CONTROLLER
50
0
41
1
7
MAIN
72
0
11
54.445
21
21.53125
31
0
100
AcDbText
73
0
0
LINE
5
589
330
104
100
AcDbEntity
8
E-ANNO-SCHD
100
AcDbLine
10
58.15625
20
21.7
30
0
11
58.15625
21
21.4
31
0
0
TEXT
5
58A
330
104
100
AcDbEntity
8
E-ANNO-SCHD
100
AcDbText
10
58.22625
20
21.53125
30
0
40
0.09375
1
EXAMPLE dmx controller [EXAMPLE]
50
0
41
1
7
MAIN
72
0
11
58.22625
21
21.53125
31
0
100
AcDbText
73
0
0
LINE
5
58B
330
104
100
AcDbEntity
8
E-ANNO-SCHD
100
AcDbLine
10
65.71875
20
21.7
30
0
11
65.71875
21
21.4
31
0
0
TEXT
5
58C
330
104
100
AcDbEntity
8
E-ANNO-SCHD
100
AcDbText
10
65.78875
20
21.53125
30
0
40
0.09375
1
1 ea
50
0
41
1
7
MAIN
72
0
11
65.78875
21
21.53125
31
0
100
AcDbText
73
0
0
LINE
5
58D
330
104
100
AcDbEntity
8
E-ANNO-SCHD
100
AcDbLine
10
67.9875
20
21.7
30
0
11
67.9875
21
21.4
31
0
0
TEXT
5
58E
330
104
100
AcDbEntity
8
E-ANNO-SCHD
100
AcDbText
10
68.0575
20
21.53125
30
0
40
0.09375
1
\U+2014
50
0
41
1
7
MAIN
72
0
11
68.0575
21
21.53125
31
0
100
AcDbText
73
0
0
LINE
5
58F
330
104
100
AcDbEntity
8
E-ANNO-SCHD
100
AcDbLine
10
69.5
20
21.7
30
0
11
69.5
21
21.4
31
0
0
LINE
5
590
330
104
100
AcDbEntity
8
E-ANNO-SCHD
100
AcDbLine
10
54.375
20
21.4
30
0
11
69.5
21
21.4
31
0
0
LINE
5
591
330
104
100
AcDbEntity
8
E-ANNO-SCHD
100
AcDbLine
10
54.375
20
21.1
30
0
11
69.5
21
21.1
31
0
0
LINE
5
592
330
104
100
AcDbEntity
8
E-ANNO-SCHD
100
AcDbLine
10
54.375
20
21.4
30
0
11
54.375
21
21.1
31
0
0
TEXT
5
593
330
104
100
AcDbEntity
8
E-ANNO-SCHD
100
AcDbText
10
54.445
20
21.23125
30
0
40
0.09375
1
EX-DOWNLIGHT-LINE
50
0
41
1
7
MAIN
72
0
11
54.445
21
21.23125
31
0
100
AcDbText
73
0
0
LINE
5
594
330
104
100
AcDbEntity
8
E-ANNO-SCHD
100
AcDbLine
10
58.15625
20
21.4
30
0
11
58.15625
21
21.1
31
0
0
TEXT
5
595
330
104
100
AcDbEntity
8
E-ANNO-SCHD
100
AcDbText
10
58.22625
20
21.23125
30
0
40
0.09375
1
EXAMPLE line-voltage downlight [EXAMPLE]
50
0
41
1
7
MAIN
72
0
11
58.22625
21
21.23125
31
0
100
AcDbText
73
0
0
LINE
5
596
330
104
100
AcDbEntity
8
E-ANNO-SCHD
100
AcDbLine
10
65.71875
20
21.4
30
0
11
65.71875
21
21.1
31
0
0
TEXT
5
597
330
104
100
AcDbEntity
8
E-ANNO-SCHD
100
AcDbText
10
65.78875
20
21.23125
30
0
40
0.09375
1
6 ea
50
0
41
1
7
MAIN
72
0
11
65.78875
21
21.23125
31
0
100
AcDbText
73
0
0
LINE
5
598
330
104
100
AcDbEntity
8
E-ANNO-SCHD
100
AcDbLine
10
67.9875
20
21.4
30
0
11
67.9875
21
21.1
31
0
0
TEXT
5
599
330
104
100
AcDbEntity
8
E-ANNO-SCHD
100
AcDbText
10
68.0575
20
21.23125
30
0
40
0.09375
1
\U+2014
50
0
41
1
7
MAIN
72
0
11
68.0575
21
21.23125
31
0
100
AcDbText
73
0
0
LINE
5
59A
330
104
100
AcDbEntity
8
E-ANNO-SCHD
100
AcDbLine
10
69.5
20
21.4
30
0
11
69.5
21
21.1
31
0
0
LINE
5
59B
330
104
100
AcDbEntity
8
E-ANNO-SCHD
100
AcDbLine
10
54.375
20
21.1
30
0
11
69.5
21
21.1
31
0
0
LINE
5
59C
330
104
100
AcDbEntity
8
E-ANNO-SCHD
100
AcDbLine
10
54.375
20
20.8
30
0
11
69.5
21
20.8
31
0
0
LINE
5
59D
330
104
100
AcDbEntity
8
E-ANNO-SCHD
100
AcDbLine
10
54.375
20
21.1
30
0
11
54.375
21
20.8
31
0
0
TEXT
5
59E
330
104
100
AcDbEntity
8
E-ANNO-SCHD
100
AcDbText
10
54.445
20
20.93125
30
0
40
0.09375
1
EX-PSU-24V-96W
50
0
41
1
7
MAIN
72
0
11
54.445
21
20.93125
31
0
100
AcDbText
73
0
0
LINE
5
59F
330
104
100
AcDbEntity
8
E-ANNO-SCHD
100
AcDbLine
10
58.15625
20
21.1
30
0
11
58.15625
21
20.8
31
0
0
TEXT
5
5A0
330
104
100
AcDbEntity
8
E-ANNO-SCHD
100
AcDbText
10
58.22625
20
20.93125
30
0
40
0.09375
1
EXAMPLE 24 V 96 W CV power supply [EXAMPLE]
50
0
41
1
7
MAIN
72
0
11
58.22625
21
20.93125
31
0
100
AcDbText
73
0
0
LINE
5
5A1
330
104
100
AcDbEntity
8
E-ANNO-SCHD
100
AcDbLine
10
65.71875
20
21.1
30
0
11
65.71875
21
20.8
31
0
0
TEXT
5
5A2
330
104
100
AcDbEntity
8
E-ANNO-SCHD
100
AcDbText
10
65.78875
20
20.93125
30
0
40
0.09375
1
3 ea
50
0
41
1
7
MAIN
72
0
11
65.78875
21
20.93125
31
0
100
AcDbText
73
0
0
LINE
5
5A3
330
104
100
AcDbEntity
8
E-ANNO-SCHD
100
AcDbLine
10
67.9875
20
21.1
30
0
11
67.9875
21
20.8
31
0
0
TEXT
5
5A4
330
104
100
AcDbEntity
8
E-ANNO-SCHD
100
AcDbText
10
68.0575
20
20.93125
30
0
40
0.09375
1
\U+2014
50
0
41
1
7
MAIN
72
0
11
68.0575
21
20.93125
31
0
100
AcDbText
73
0
0
LINE
5
5A5
330
104
100
AcDbEntity
8
E-ANNO-SCHD
100
AcDbLine
10
69.5
20
21.1
30
0
11
69.5
21
20.8
31
0
0
LINE
5
5A6
330
104
100
AcDbEntity
8
E-ANNO-SCHD
100
AcDbLine
10
54.375
20
20.8
30
0
11
69.5
21
20.8
31
0
0
LINE
5
5A7
330
104
100
AcDbEntity
8
E-ANNO-SCHD
100
AcDbLine
10
54.375
20
20.5
30
0
11
69.5
21
20.5
31
0
0
LINE
5
5A8
330
104
100
AcDbEntity
8
E-ANNO-SCHD
100
AcDbLine
10
54.375
20
20.8
30
0
11
54.375
21
20.5
31
0
0
TEXT
5
5A9
330
104
100
AcDbEntity
8
E-ANNO-SCHD
100
AcDbText
10
54.445
20
20.63125
30
0
40
0.09375
1
EX-TAPE-RGBW
50
0
41
1
7
MAIN
72
0
11
54.445
21
20.63125
31
0
100
AcDbText
73
0
0
LINE
5
5AA
330
104
100
AcDbEntity
8
E-ANNO-SCHD
100
AcDbLine
10
58.15625
20
20.8
30
0
11
58.15625
21
20.5
31
0
0
TEXT
5
5AB
330
104
100
AcDbEntity
8
E-ANNO-SCHD
100
AcDbText
10
58.22625
20
20.63125
30
0
40
0.09375
1
EXAMPLE 24 V rgbw tape [EXAMPLE]
50
0
41
1
7
MAIN
72
0
11
58.22625
21
20.63125
31
0
100
AcDbText
73
0
0
LINE
5
5AC
330
104
100
AcDbEntity
8
E-ANNO-SCHD
100
AcDbLine
10
65.71875
20
20.8
30
0
11
65.71875
21
20.5
31
0
0
TEXT
5
5AD
330
104
100
AcDbEntity
8
E-ANNO-SCHD
100
AcDbText
10
65.78875
20
20.63125
30
0
40
0.09375
1
12.0 ft
50
0
41
1
7
MAIN
72
0
11
65.78875
21
20.63125
31
0
100
AcDbText
73
0
0
LINE
5
5AE
330
104
100
AcDbEntity
8
E-ANNO-SCHD
100
AcDbLine
10
67.9875
20
20.8
30
0
11
67.9875
21
20.5
31
0
0
TEXT
5
5AF
330
104
100
AcDbEntity
8
E-ANNO-SCHD
100
AcDbText
10
68.0575
20
20.63125
30
0
40
0.09375
1
1
50
0
41
1
7
MAIN
72
0
11
68.0575
21
20.63125
31
0
100
AcDbText
73
0
0
LINE
5
5B0
330
104
100
AcDbEntity
8
E-ANNO-SCHD
100
AcDbLine
10
69.5
20
20.8
30
0
11
69.5
21
20.5
31
0
0
LINE
5
5B1
330
104
100
AcDbEntity
8
E-ANNO-SCHD
100
AcDbLine
10
54.375
20
20.5
30
0
11
69.5
21
20.5
31
0
0
LINE
5
5B2
330
104
100
AcDbEntity
8
E-ANNO-SCHD
100
AcDbLine
10
54.375
20
20.2
30
0
11
69.5
21
20.2
31
0
0
LINE
5
5B3
330
104
100
AcDbEntity
8
E-ANNO-SCHD
100
AcDbLine
10
54.375
20
20.5
30
0
11
54.375
21
20.2
31
0
0
TEXT
5
5B4
330
104
100
AcDbEntity
8
E-ANNO-SCHD
100
AcDbText
10
54.445
20
20.33125
30
0
40
0.09375
1
EX-TAPE-TW
50
0
41
1
7
MAIN
72
0
11
54.445
21
20.33125
31
0
100
AcDbText
73
0
0
LINE
5
5B5
330
104
100
AcDbEntity
8
E-ANNO-SCHD
100
AcDbLine
10
58.15625
20
20.5
30
0
11
58.15625
21
20.2
31
0
0
TEXT
5
5B6
330
104
100
AcDbEntity
8
E-ANNO-SCHD
100
AcDbText
10
58.22625
20
20.33125
30
0
40
0.09375
1
EXAMPLE 24 V tunable-white tape [EXAMPLE]
50
0
41
1
7
MAIN
72
0
11
58.22625
21
20.33125
31
0
100
AcDbText
73
0
0
LINE
5
5B7
330
104
100
AcDbEntity
8
E-ANNO-SCHD
100
AcDbLine
10
65.71875
20
20.5
30
0
11
65.71875
21
20.2
31
0
0
TEXT
5
5B8
330
104
100
AcDbEntity
8
E-ANNO-SCHD
100
AcDbText
10
65.78875
20
20.33125
30
0
40
0.09375
1
10.0 ft
50
0
41
1
7
MAIN
72
0
11
65.78875
21
20.33125
31
0
100
AcDbText
73
0
0
LINE
5
5B9
330
104
100
AcDbEntity
8
E-ANNO-SCHD
100
AcDbLine
10
67.9875
20
20.5
30
0
11
67.9875
21
20.2
31
0
0
TEXT
5
5BA
330
104
100
AcDbEntity
8
E-ANNO-SCHD
100
AcDbText
10
68.0575
20
20.33125
30
0
40
0.09375
1
1
50
0
41
1
7
MAIN
72
0
11
68.0575
21
20.33125
31
0
100
AcDbText
73
0
0
LINE
5
5BB
330
104
100
AcDbEntity
8
E-ANNO-SCHD
100
AcDbLine
10
69.5
20
20.5
30
0
11
69.5
21
20.2
31
0
0
LINE
5
5BC
330
104
100
AcDbEntity
8
E-ANNO-SCHD
100
AcDbLine
10
54.375
20
20.2
30
0
11
69.5
21
20.2
31
0
0
LINE
5
5BD
330
104
100
AcDbEntity
8
E-ANNO-SCHD
100
AcDbLine
10
54.375
20
19.9
30
0
11
69.5
21
19.9
31
0
0
LINE
5
5BE
330
104
100
AcDbEntity
8
E-ANNO-SCHD
100
AcDbLine
10
54.375
20
20.2
30
0
11
54.375
21
19.9
31
0
0
TEXT
5
5BF
330
104
100
AcDbEntity
8
E-ANNO-SCHD
100
AcDbText
10
54.445
20
20.03125
30
0
40
0.09375
1
EX-TAPE-WHITE
50
0
41
1
7
MAIN
72
0
11
54.445
21
20.03125
31
0
100
AcDbText
73
0
0
LINE
5
5C0
330
104
100
AcDbEntity
8
E-ANNO-SCHD
100
AcDbLine
10
58.15625
20
20.2
30
0
11
58.15625
21
19.9
31
0
0
TEXT
5
5C1
330
104
100
AcDbEntity
8
E-ANNO-SCHD
100
AcDbText
10
58.22625
20
20.03125
30
0
40
0.09375
1
EXAMPLE 24 V white tape [EXAMPLE]
50
0
41
1
7
MAIN
72
0
11
58.22625
21
20.03125
31
0
100
AcDbText
73
0
0
LINE
5
5C2
330
104
100
AcDbEntity
8
E-ANNO-SCHD
100
AcDbLine
10
65.71875
20
20.2
30
0
11
65.71875
21
19.9
31
0
0
TEXT
5
5C3
330
104
100
AcDbEntity
8
E-ANNO-SCHD
100
AcDbText
10
65.78875
20
20.03125
30
0
40
0.09375
1
16.0 ft
50
0
41
1
7
MAIN
72
0
11
65.78875
21
20.03125
31
0
100
AcDbText
73
0
0
LINE
5
5C4
330
104
100
AcDbEntity
8
E-ANNO-SCHD
100
AcDbLine
10
67.9875
20
20.2
30
0
11
67.9875
21
19.9
31
0
0
TEXT
5
5C5
330
104
100
AcDbEntity
8
E-ANNO-SCHD
100
AcDbText
10
68.0575
20
20.03125
30
0
40
0.09375
1
1
50
0
41
1
7
MAIN
72
0
11
68.0575
21
20.03125
31
0
100
AcDbText
73
0
0
LINE
5
5C6
330
104
100
AcDbEntity
8
E-ANNO-SCHD
100
AcDbLine
10
69.5
20
20.2
30
0
11
69.5
21
19.9
31
0
0
LINE
5
5C7
330
104
100
AcDbEntity
8
E-ANNO-SCHD
100
AcDbLine
10
54.375
20
19.9
30
0
11
69.5
21
19.9
31
0
0
LINE
5
5C8
330
104
100
AcDbEntity
8
E-ANNO-SCHD
100
AcDbLine
10
54.375
20
19.6
30
0
11
69.5
21
19.6
31
0
0
LINE
5
5C9
330
104
100
AcDbEntity
8
E-ANNO-SCHD
100
AcDbLine
10
54.375
20
19.9
30
0
11
54.375
21
19.6
31
0
0
TEXT
5
5CA
330
104
100
AcDbEntity
8
E-ANNO-SCHD
100
AcDbText
10
54.445
20
19.73125
30
0
40
0.09375
1
cl3-18-2-r
50
0
41
1
7
MAIN
72
0
11
54.445
21
19.73125
31
0
100
AcDbText
73
0
0
LINE
5
5CB
330
104
100
AcDbEntity
8
E-ANNO-SCHD
100
AcDbLine
10
58.15625
20
19.9
30
0
11
58.15625
21
19.6
31
0
0
TEXT
5
5CC
330
104
100
AcDbEntity
8
E-ANNO-SCHD
100
AcDbText
10
58.22625
20
19.73125
30
0
40
0.09375
1
18/2 CL3R [EXAMPLE]
50
0
41
1
7
MAIN
72
0
11
58.22625
21
19.73125
31
0
100
AcDbText
73
0
0
LINE
5
5CD
330
104
100
AcDbEntity
8
E-ANNO-SCHD
100
AcDbLine
10
65.71875
20
19.9
30
0
11
65.71875
21
19.6
31
0
0
TEXT
5
5CE
330
104
100
AcDbEntity
8
E-ANNO-SCHD
100
AcDbText
10
65.78875
20
19.73125
30
0
40
0.09375
1
74.8 ft
50
0
41
1
7
MAIN
72
0
11
65.78875
21
19.73125
31
0
100
AcDbText
73
0
0
LINE
5
5CF
330
104
100
AcDbEntity
8
E-ANNO-SCHD
100
AcDbLine
10
67.9875
20
19.9
30
0
11
67.9875
21
19.6
31
0
0
TEXT
5
5D0
330
104
100
AcDbEntity
8
E-ANNO-SCHD
100
AcDbText
10
68.0575
20
19.73125
30
0
40
0.09375
1
\U+2014
50
0
41
1
7
MAIN
72
0
11
68.0575
21
19.73125
31
0
100
AcDbText
73
0
0
LINE
5
5D1
330
104
100
AcDbEntity
8
E-ANNO-SCHD
100
AcDbLine
10
69.5
20
19.9
30
0
11
69.5
21
19.6
31
0
0
LINE
5
5D2
330
104
100
AcDbEntity
8
E-ANNO-SCHD
100
AcDbLine
10
54.375
20
19.6
30
0
11
69.5
21
19.6
31
0
0
LINE
5
5D3
330
104
100
AcDbEntity
8
E-ANNO-SCHD
100
AcDbLine
10
54.375
20
19.3
30
0
11
69.5
21
19.3
31
0
0
LINE
5
5D4
330
104
100
AcDbEntity
8
E-ANNO-SCHD
100
AcDbLine
10
54.375
20
19.6
30
0
11
54.375
21
19.3
31
0
0
TEXT
5
5D5
330
104
100
AcDbEntity
8
E-ANNO-SCHD
100
AcDbText
10
54.445
20
19.43125
30
0
40
0.09375
1
cl3-18-3-r
50
0
41
1
7
MAIN
72
0
11
54.445
21
19.43125
31
0
100
AcDbText
73
0
0
LINE
5
5D6
330
104
100
AcDbEntity
8
E-ANNO-SCHD
100
AcDbLine
10
58.15625
20
19.6
30
0
11
58.15625
21
19.3
31
0
0
TEXT
5
5D7
330
104
100
AcDbEntity
8
E-ANNO-SCHD
100
AcDbText
10
58.22625
20
19.43125
30
0
40
0.09375
1
18/3 CL3R [EXAMPLE]
50
0
41
1
7
MAIN
72
0
11
58.22625
21
19.43125
31
0
100
AcDbText
73
0
0
LINE
5
5D8
330
104
100
AcDbEntity
8
E-ANNO-SCHD
100
AcDbLine
10
65.71875
20
19.6
30
0
11
65.71875
21
19.3
31
0
0
TEXT
5
5D9
330
104
100
AcDbEntity
8
E-ANNO-SCHD
100
AcDbText
10
65.78875
20
19.43125
30
0
40
0.09375
1
22.0 ft
50
0
41
1
7
MAIN
72
0
11
65.78875
21
19.43125
31
0
100
AcDbText
73
0
0
LINE
5
5DA
330
104
100
AcDbEntity
8
E-ANNO-SCHD
100
AcDbLine
10
67.9875
20
19.6
30
0
11
67.9875
21
19.3
31
0
0
TEXT
5
5DB
330
104
100
AcDbEntity
8
E-ANNO-SCHD
100
AcDbText
10
68.0575
20
19.43125
30
0
40
0.09375
1
\U+2014
50
0
41
1
7
MAIN
72
0
11
68.0575
21
19.43125
31
0
100
AcDbText
73
0
0
LINE
5
5DC
330
104
100
AcDbEntity
8
E-ANNO-SCHD
100
AcDbLine
10
69.5
20
19.6
30
0
11
69.5
21
19.3
31
0
0
LINE
5
5DD
330
104
100
AcDbEntity
8
E-ANNO-SCHD
100
AcDbLine
10
54.375
20
19.3
30
0
11
69.5
21
19.3
31
0
0
LINE
5
5DE
330
104
100
AcDbEntity
8
E-ANNO-SCHD
100
AcDbLine
10
54.375
20
19
30
0
11
69.5
21
19
31
0
0
LINE
5
5DF
330
104
100
AcDbEntity
8
E-ANNO-SCHD
100
AcDbLine
10
54.375
20
19.3
30
0
11
54.375
21
19
31
0
0
TEXT
5
5E0
330
104
100
AcDbEntity
8
E-ANNO-SCHD
100
AcDbText
10
54.445
20
19.13125
30
0
40
0.09375
1
cl3-18-5-r
50
0
41
1
7
MAIN
72
0
11
54.445
21
19.13125
31
0
100
AcDbText
73
0
0
LINE
5
5E1
330
104
100
AcDbEntity
8
E-ANNO-SCHD
100
AcDbLine
10
58.15625
20
19.3
30
0
11
58.15625
21
19
31
0
0
TEXT
5
5E2
330
104
100
AcDbEntity
8
E-ANNO-SCHD
100
AcDbText
10
58.22625
20
19.13125
30
0
40
0.09375
1
18/5 CL3R [EXAMPLE]
50
0
41
1
7
MAIN
72
0
11
58.22625
21
19.13125
31
0
100
AcDbText
73
0
0
LINE
5
5E3
330
104
100
AcDbEntity
8
E-ANNO-SCHD
100
AcDbLine
10
65.71875
20
19.3
30
0
11
65.71875
21
19
31
0
0
TEXT
5
5E4
330
104
100
AcDbEntity
8
E-ANNO-SCHD
100
AcDbText
10
65.78875
20
19.13125
30
0
40
0.09375
1
22.0 ft
50
0
41
1
7
MAIN
72
0
11
65.78875
21
19.13125
31
0
100
AcDbText
73
0
0
LINE
5
5E5
330
104
100
AcDbEntity
8
E-ANNO-SCHD
100
AcDbLine
10
67.9875
20
19.3
30
0
11
67.9875
21
19
31
0
0
TEXT
5
5E6
330
104
100
AcDbEntity
8
E-ANNO-SCHD
100
AcDbText
10
68.0575
20
19.13125
30
0
40
0.09375
1
\U+2014
50
0
41
1
7
MAIN
72
0
11
68.0575
21
19.13125
31
0
100
AcDbText
73
0
0
LINE
5
5E7
330
104
100
AcDbEntity
8
E-ANNO-SCHD
100
AcDbLine
10
69.5
20
19.3
30
0
11
69.5
21
19
31
0
0
LINE
5
5E8
330
104
100
AcDbEntity
8
E-ANNO-SCHD
100
AcDbLine
10
54.375
20
19
30
0
11
69.5
21
19
31
0
0
LINE
5
5E9
330
104
100
AcDbEntity
8
E-ANNO-SCHD
100
AcDbLine
10
54.375
20
18.7
30
0
11
69.5
21
18.7
31
0
0
LINE
5
5EA
330
104
100
AcDbEntity
8
E-ANNO-SCHD
100
AcDbLine
10
54.375
20
19
30
0
11
54.375
21
18.7
31
0
0
TEXT
5
5EB
330
104
100
AcDbEntity
8
E-ANNO-SCHD
100
AcDbText
10
54.445
20
18.83125
30
0
40
0.09375
1
dmx-24-1p-plenum
50
0
41
1
7
MAIN
72
0
11
54.445
21
18.83125
31
0
100
AcDbText
73
0
0
LINE
5
5EC
330
104
100
AcDbEntity
8
E-ANNO-SCHD
100
AcDbLine
10
58.15625
20
19
30
0
11
58.15625
21
18.7
31
0
0
TEXT
5
5ED
330
104
100
AcDbEntity
8
E-ANNO-SCHD
100
AcDbText
10
58.22625
20
18.83125
30
0
40
0.09375
1
24 AWG 1-pair 120 \U+03A9 plenum [EXAMPLE]
50
0
41
1
7
MAIN
72
0
11
58.22625
21
18.83125
31
0
100
AcDbText
73
0
0
LINE
5
5EE
330
104
100
AcDbEntity
8
E-ANNO-SCHD
100
AcDbLine
10
65.71875
20
19
30
0
11
65.71875
21
18.7
31
0
0
TEXT
5
5EF
330
104
100
AcDbEntity
8
E-ANNO-SCHD
100
AcDbText
10
65.78875
20
18.83125
30
0
40
0.09375
1
60.5 ft
50
0
41
1
7
MAIN
72
0
11
65.78875
21
18.83125
31
0
100
AcDbText
73
0
0
LINE
5
5F0
330
104
100
AcDbEntity
8
E-ANNO-SCHD
100
AcDbLine
10
67.9875
20
19
30
0
11
67.9875
21
18.7
31
0
0
TEXT
5
5F1
330
104
100
AcDbEntity
8
E-ANNO-SCHD
100
AcDbText
10
68.0575
20
18.83125
30
0
40
0.09375
1
\U+2014
50
0
41
1
7
MAIN
72
0
11
68.0575
21
18.83125
31
0
100
AcDbText
73
0
0
LINE
5
5F2
330
104
100
AcDbEntity
8
E-ANNO-SCHD
100
AcDbLine
10
69.5
20
19
30
0
11
69.5
21
18.7
31
0
0
LINE
5
5F3
330
104
100
AcDbEntity
8
E-ANNO-SCHD
100
AcDbLine
10
54.375
20
18.7
30
0
11
69.5
21
18.7
31
0
0
LINE
5
5F4
330
104
100
AcDbEntity
8
E-ANNO-SCHD
100
AcDbLine
10
54.375
20
18.4
30
0
11
69.5
21
18.4
31
0
0
LINE
5
5F5
330
104
100
AcDbEntity
8
E-ANNO-SCHD
100
AcDbLine
10
54.375
20
18.7
30
0
11
54.375
21
18.4
31
0
0
TEXT
5
5F6
330
104
100
AcDbEntity
8
E-ANNO-SCHD
100
AcDbText
10
54.445
20
18.53125
30
0
40
0.09375
1
thhn-12
50
0
41
1
7
MAIN
72
0
11
54.445
21
18.53125
31
0
100
AcDbText
73
0
0
LINE
5
5F7
330
104
100
AcDbEntity
8
E-ANNO-SCHD
100
AcDbLine
10
58.15625
20
18.7
30
0
11
58.15625
21
18.4
31
0
0
TEXT
5
5F8
330
104
100
AcDbEntity
8
E-ANNO-SCHD
100
AcDbText
10
58.22625
20
18.53125
30
0
40
0.09375
1
2 \U+00D7 #12 + G THHN/THWN-2 (individual conductor feet) [EXAMPLE]
50
0
41
1
7
MAIN
72
0
11
58.22625
21
18.53125
31
0
100
AcDbText
73
0
0
LINE
5
5F9
330
104
100
AcDbEntity
8
E-ANNO-SCHD
100
AcDbLine
10
65.71875
20
18.7
30
0
11
65.71875
21
18.4
31
0
0
TEXT
5
5FA
330
104
100
AcDbEntity
8
E-ANNO-SCHD
100
AcDbText
10
65.78875
20
18.53125
30
0
40
0.09375
1
478.5 ft
50
0
41
1
7
MAIN
72
0
11
65.78875
21
18.53125
31
0
100
AcDbText
73
0
0
LINE
5
5FB
330
104
100
AcDbEntity
8
E-ANNO-SCHD
100
AcDbLine
10
67.9875
20
18.7
30
0
11
67.9875
21
18.4
31
0
0
TEXT
5
5FC
330
104
100
AcDbEntity
8
E-ANNO-SCHD
100
AcDbText
10
68.0575
20
18.53125
30
0
40
0.09375
1
\U+2014
50
0
41
1
7
MAIN
72
0
11
68.0575
21
18.53125
31
0
100
AcDbText
73
0
0
LINE
5
5FD
330
104
100
AcDbEntity
8
E-ANNO-SCHD
100
AcDbLine
10
69.5
20
18.7
30
0
11
69.5
21
18.4
31
0
0
TEXT
5
5FE
330
104
100
AcDbEntity
8
E-ANNO-SCHD
100
AcDbText
10
54.375
20
17.95
30
0
40
0.1875
1
GENERAL NOTES
50
0
41
1
7
BOLD
72
0
11
54.375
21
17.95
31
0
100
AcDbText
73
0
0
LINE
5
5FF
330
104
100
AcDbEntity
8
E-ANNO-SCHD
100
AcDbLine
10
54.375
20
17.83
30
0
11
69.5
21
17.83
31
0
0
LINE
5
600
330
104
100
AcDbEntity
8
E-ANNO-SCHD
100
AcDbLine
10
54.375
20
17.55
30
0
11
69.5
21
17.55
31
0
0
LINE
5
601
330
104
100
AcDbEntity
8
E-ANNO-SCHD
100
AcDbLine
10
54.375
20
17.25
30
0
11
69.5
21
17.25
31
0
0
LINE
5
602
330
104
100
AcDbEntity
8
E-ANNO-SCHD
100
AcDbLine
10
54.375
20
17.55
30
0
11
54.375
21
17.25
31
0
0
TEXT
5
603
330
104
100
AcDbEntity
8
E-ANNO-SCHD
100
AcDbText
10
54.445
20
17.38125
30
0
40
0.09375
1
NO.
50
0
41
1
7
BOLD
72
0
11
54.445
21
17.38125
31
0
100
AcDbText
73
0
0
LINE
5
604
330
104
100
AcDbEntity
8
E-ANNO-SCHD
100
AcDbLine
10
55.26470588
20
17.55
30
0
11
55.26470588
21
17.25
31
0
0
TEXT
5
605
330
104
100
AcDbEntity
8
E-ANNO-SCHD
100
AcDbText
10
55.33470588
20
17.38125
30
0
40
0.09375
1
NOTE
50
0
41
1
7
BOLD
72
0
11
55.33470588
21
17.38125
31
0
100
AcDbText
73
0
0
LINE
5
606
330
104
100
AcDbEntity
8
E-ANNO-SCHD
100
AcDbLine
10
69.5
20
17.55
30
0
11
69.5
21
17.25
31
0
0
LINE
5
607
330
104
100
AcDbEntity
8
E-ANNO-SCHD
100
AcDbLine
10
54.375
20
17.25
30
0
11
69.5
21
17.25
31
0
0
LINE
5
608
330
104
100
AcDbEntity
8
E-ANNO-SCHD
100
AcDbLine
10
54.375
20
16.95
30
0
11
69.5
21
16.95
31
0
0
LINE
5
609
330
104
100
AcDbEntity
8
E-ANNO-SCHD
100
AcDbLine
10
54.375
20
17.25
30
0
11
54.375
21
16.95
31
0
0
TEXT
5
60A
330
104
100
AcDbEntity
8
E-ANNO-SCHD
100
AcDbText
10
54.445
20
17.08125
30
0
40
0.09375
1
1
50
0
41
1
7
MAIN
72
0
11
54.445
21
17.08125
31
0
100
AcDbText
73
0
0
LINE
5
60B
330
104
100
AcDbEntity
8
E-ANNO-SCHD
100
AcDbLine
10
55.26470588
20
17.25
30
0
11
55.26470588
21
16.95
31
0
0
TEXT
5
60C
330
104
100
AcDbEntity
8
E-ANNO-SCHD
100
AcDbText
10
55.33470588
20
17.08125
30
0
40
0.09375
1
Install and commission equipment in accordance with the approved product documentation, project specifications and adopted code. Verify listings and installation conditions before procurement.
50
0
41
1
7
MAIN
72
0
11
55.33470588
21
17.08125
31
0
100
AcDbText
73
0
0
LINE
5
60D
330
104
100
AcDbEntity
8
E-ANNO-SCHD
100
AcDbLine
10
69.5
20
17.25
30
0
11
69.5
21
16.95
31
0
0
LINE
5
60E
330
104
100
AcDbEntity
8
E-ANNO-SCHD
100
AcDbLine
10
54.375
20
16.95
30
0
11
69.5
21
16.95
31
0
0
LINE
5
60F
330
104
100
AcDbEntity
8
E-ANNO-SCHD
100
AcDbLine
10
54.375
20
16.65
30
0
11
69.5
21
16.65
31
0
0
LINE
5
610
330
104
100
AcDbEntity
8
E-ANNO-SCHD
100
AcDbLine
10
54.375
20
16.95
30
0
11
54.375
21
16.65
31
0
0
TEXT
5
611
330
104
100
AcDbEntity
8
E-ANNO-SCHD
100
AcDbText
10
54.445
20
16.78125
30
0
40
0.09375
1
2
50
0
41
1
7
MAIN
72
0
11
54.445
21
16.78125
31
0
100
AcDbText
73
0
0
LINE
5
612
330
104
100
AcDbEntity
8
E-ANNO-SCHD
100
AcDbLine
10
55.26470588
20
16.95
30
0
11
55.26470588
21
16.65
31
0
0
TEXT
5
613
330
104
100
AcDbEntity
8
E-ANNO-SCHD
100
AcDbText
10
55.33470588
20
16.78125
30
0
40
0.09375
1
Field-verify circuit voltage, source identity, enclosure locations, access and actual one-way cable lengths before installation. Coordinate discrepancies with the designer.
50
0
41
1
7
MAIN
72
0
11
55.33470588
21
16.78125
31
0
100
AcDbText
73
0
0
LINE
5
614
330
104
100
AcDbEntity
8
E-ANNO-SCHD
100
AcDbLine
10
69.5
20
16.95
30
0
11
69.5
21
16.65
31
0
0
LINE
5
615
330
104
100
AcDbEntity
8
E-ANNO-SCHD
100
AcDbLine
10
54.375
20
16.65
30
0
11
69.5
21
16.65
31
0
0
LINE
5
616
330
104
100
AcDbEntity
8
E-ANNO-SCHD
100
AcDbLine
10
54.375
20
16.35
30
0
11
69.5
21
16.35
31
0
0
LINE
5
617
330
104
100
AcDbEntity
8
E-ANNO-SCHD
100
AcDbLine
10
54.375
20
16.65
30
0
11
54.375
21
16.35
31
0
0
TEXT
5
618
330
104
100
AcDbEntity
8
E-ANNO-SCHD
100
AcDbText
10
54.445
20
16.48125
30
0
40
0.09375
1
3
50
0
41
1
7
MAIN
72
0
11
54.445
21
16.48125
31
0
100
AcDbText
73
0
0
LINE
5
619
330
104
100
AcDbEntity
8
E-ANNO-SCHD
100
AcDbLine
10
55.26470588
20
16.65
30
0
11
55.26470588
21
16.35
31
0
0
TEXT
5
61A
330
104
100
AcDbEntity
8
E-ANNO-SCHD
100
AcDbText
10
55.33470588
20
16.48125
30
0
40
0.09375
1
Maintain required separation, barriers and wiring methods between power-limited circuits and branch circuits. Cable voltage rating alone does not authorize mixed routing.
50
0
41
1
7
MAIN
72
0
11
55.33470588
21
16.48125
31
0
100
AcDbText
73
0
0
LINE
5
61B
330
104
100
AcDbEntity
8
E-ANNO-SCHD
100
AcDbLine
10
69.5
20
16.65
30
0
11
69.5
21
16.35
31
0
0
LINE
5
61C
330
104
100
AcDbEntity
8
E-ANNO-SCHD
100
AcDbLine
10
54.375
20
16.35
30
0
11
69.5
21
16.35
31
0
0
LINE
5
61D
330
104
100
AcDbEntity
8
E-ANNO-SCHD
100
AcDbLine
10
54.375
20
16.05
30
0
11
69.5
21
16.05
31
0
0
LINE
5
61E
330
104
100
AcDbEntity
8
E-ANNO-SCHD
100
AcDbLine
10
54.375
20
16.35
30
0
11
54.375
21
16.05
31
0
0
TEXT
5
61F
330
104
100
AcDbEntity
8
E-ANNO-SCHD
100
AcDbText
10
54.445
20
16.18125
30
0
40
0.09375
1
4
50
0
41
1
7
MAIN
72
0
11
54.445
21
16.18125
31
0
100
AcDbText
73
0
0
LINE
5
620
330
104
100
AcDbEntity
8
E-ANNO-SCHD
100
AcDbLine
10
55.26470588
20
16.35
30
0
11
55.26470588
21
16.05
31
0
0
TEXT
5
621
330
104
100
AcDbEntity
8
E-ANNO-SCHD
100
AcDbText
10
55.33470588
20
16.18125
30
0
40
0.09375
1
Verify conductor material, gauge, insulation, environmental rating, ampacity and terminal capacity for every run. Account for applicable ambient and grouping adjustments.
50
0
41
1
7
MAIN
72
0
11
55.33470588
21
16.18125
31
0
100
AcDbText
73
0
0
LINE
5
622
330
104
100
AcDbEntity
8
E-ANNO-SCHD
100
AcDbLine
10
69.5
20
16.35
30
0
11
69.5
21
16.05
31
0
0
LINE
5
623
330
104
100
AcDbEntity
8
E-ANNO-SCHD
100
AcDbLine
10
54.375
20
16.05
30
0
11
69.5
21
16.05
31
0
0
LINE
5
624
330
104
100
AcDbEntity
8
E-ANNO-SCHD
100
AcDbLine
10
54.375
20
15.75
30
0
11
69.5
21
15.75
31
0
0
LINE
5
625
330
104
100
AcDbEntity
8
E-ANNO-SCHD
100
AcDbLine
10
54.375
20
16.05
30
0
11
54.375
21
15.75
31
0
0
TEXT
5
626
330
104
100
AcDbEntity
8
E-ANNO-SCHD
100
AcDbText
10
54.445
20
15.88125
30
0
40
0.09375
1
5
50
0
41
1
7
MAIN
72
0
11
54.445
21
15.88125
31
0
100
AcDbText
73
0
0
LINE
5
627
330
104
100
AcDbEntity
8
E-ANNO-SCHD
100
AcDbLine
10
55.26470588
20
16.05
30
0
11
55.26470588
21
15.75
31
0
0
TEXT
5
628
330
104
100
AcDbEntity
8
E-ANNO-SCHD
100
AcDbText
10
55.33470588
20
15.88125
30
0
40
0.09375
1
Do not parallel power-supply outputs or field conductors unless the listed equipment instructions and applicable rules permit the arrangement. Provide approved distribution and overcurrent protection as required.
50
0
41
1
7
MAIN
72
0
11
55.33470588
21
15.88125
31
0
100
AcDbText
73
0
0
LINE
5
629
330
104
100
AcDbEntity
8
E-ANNO-SCHD
100
AcDbLine
10
69.5
20
16.05
30
0
11
69.5
21
15.75
31
0
0
LINE
5
62A
330
104
100
AcDbEntity
8
E-ANNO-SCHD
100
AcDbLine
10
54.375
20
15.75
30
0
11
69.5
21
15.75
31
0
0
LINE
5
62B
330
104
100
AcDbEntity
8
E-ANNO-SCHD
100
AcDbLine
10
54.375
20
15.45
30
0
11
69.5
21
15.45
31
0
0
LINE
5
62C
330
104
100
AcDbEntity
8
E-ANNO-SCHD
100
AcDbLine
10
54.375
20
15.75
30
0
11
54.375
21
15.45
31
0
0
TEXT
5
62D
330
104
100
AcDbEntity
8
E-ANNO-SCHD
100
AcDbText
10
54.445
20
15.58125
30
0
40
0.09375
1
6
50
0
41
1
7
MAIN
72
0
11
54.445
21
15.58125
31
0
100
AcDbText
73
0
0
LINE
5
62E
330
104
100
AcDbEntity
8
E-ANNO-SCHD
100
AcDbLine
10
55.26470588
20
15.75
30
0
11
55.26470588
21
15.45
31
0
0
TEXT
5
62F
330
104
100
AcDbEntity
8
E-ANNO-SCHD
100
AcDbText
10
55.33470588
20
15.58125
30
0
40
0.09375
1
Route wired DMX as a daisy chain or through a listed opto-splitter. Terminate the final receiver of each physical segment as required by the receiving equipment instructions. Verify shield and common connections.
50
0
41
1
7
MAIN
72
0
11
55.33470588
21
15.58125
31
0
100
AcDbText
73
0
0
LINE
5
630
330
104
100
AcDbEntity
8
E-ANNO-SCHD
100
AcDbLine
10
69.5
20
15.75
30
0
11
69.5
21
15.45
31
0
0
LINE
5
631
330
104
100
AcDbEntity
8
E-ANNO-SCHD
100
AcDbLine
10
54.375
20
15.45
30
0
11
69.5
21
15.45
31
0
0
LINE
5
632
330
104
100
AcDbEntity
8
E-ANNO-SCHD
100
AcDbLine
10
54.375
20
15.15
30
0
11
69.5
21
15.15
31
0
0
LINE
5
633
330
104
100
AcDbEntity
8
E-ANNO-SCHD
100
AcDbLine
10
54.375
20
15.45
30
0
11
54.375
21
15.15
31
0
0
TEXT
5
634
330
104
100
AcDbEntity
8
E-ANNO-SCHD
100
AcDbText
10
54.445
20
15.28125
30
0
40
0.09375
1
7
50
0
41
1
7
MAIN
72
0
11
54.445
21
15.28125
31
0
100
AcDbText
73
0
0
LINE
5
635
330
104
100
AcDbEntity
8
E-ANNO-SCHD
100
AcDbLine
10
55.26470588
20
15.45
30
0
11
55.26470588
21
15.15
31
0
0
TEXT
5
636
330
104
100
AcDbEntity
8
E-ANNO-SCHD
100
AcDbText
10
55.33470588
20
15.28125
30
0
40
0.09375
1
Observe the tape manufacturer maximum run, feed arrangement, cut interval, polarity and thermal mounting requirements. Coordinate extra feeds and accessible power supplies where required.
50
0
41
1
7
MAIN
72
0
11
55.33470588
21
15.28125
31
0
100
AcDbText
73
0
0
LINE
5
637
330
104
100
AcDbEntity
8
E-ANNO-SCHD
100
AcDbLine
10
69.5
20
15.45
30
0
11
69.5
21
15.15
31
0
0
LINE
5
638
330
104
100
AcDbEntity
8
E-ANNO-SCHD
100
AcDbLine
10
54.375
20
15.15
30
0
11
69.5
21
15.15
31
0
0
LINE
5
639
330
104
100
AcDbEntity
8
E-ANNO-SCHD
100
AcDbLine
10
54.375
20
14.85
30
0
11
69.5
21
14.85
31
0
0
LINE
5
63A
330
104
100
AcDbEntity
8
E-ANNO-SCHD
100
AcDbLine
10
54.375
20
15.15
30
0
11
54.375
21
14.85
31
0
0
TEXT
5
63B
330
104
100
AcDbEntity
8
E-ANNO-SCHD
100
AcDbText
10
54.445
20
14.98125
30
0
40
0.09375
1
8
50
0
41
1
7
MAIN
72
0
11
54.445
21
14.98125
31
0
100
AcDbText
73
0
0
LINE
5
63C
330
104
100
AcDbEntity
8
E-ANNO-SCHD
100
AcDbLine
10
55.26470588
20
15.15
30
0
11
55.26470588
21
14.85
31
0
0
TEXT
5
63D
330
104
100
AcDbEntity
8
E-ANNO-SCHD
100
AcDbText
10
55.33470588
20
14.98125
30
0
40
0.09375
1
Apply the project PSU operating-load target of 80% unless a reviewed project setting specifies otherwise. This company target is separate from the listed supply rating and circuit sizing rules.
50
0
41
1
7
MAIN
72
0
11
55.33470588
21
14.98125
31
0
100
AcDbText
73
0
0
LINE
5
63E
330
104
100
AcDbEntity
8
E-ANNO-SCHD
100
AcDbLine
10
69.5
20
15.15
30
0
11
69.5
21
14.85
31
0
0
LINE
5
63F
330
104
100
AcDbEntity
8
E-ANNO-SCHD
100
AcDbLine
10
54.375
20
14.85
30
0
11
69.5
21
14.85
31
0
0
LINE
5
640
330
104
100
AcDbEntity
8
E-ANNO-SCHD
100
AcDbLine
10
54.375
20
14.55
30
0
11
69.5
21
14.55
31
0
0
LINE
5
641
330
104
100
AcDbEntity
8
E-ANNO-SCHD
100
AcDbLine
10
54.375
20
14.85
30
0
11
54.375
21
14.55
31
0
0
TEXT
5
642
330
104
100
AcDbEntity
8
E-ANNO-SCHD
100
AcDbText
10
54.445
20
14.68125
30
0
40
0.09375
1
9
50
0
41
1
7
MAIN
72
0
11
54.445
21
14.68125
31
0
100
AcDbText
73
0
0
LINE
5
643
330
104
100
AcDbEntity
8
E-ANNO-SCHD
100
AcDbLine
10
55.26470588
20
14.85
30
0
11
55.26470588
21
14.55
31
0
0
TEXT
5
644
330
104
100
AcDbEntity
8
E-ANNO-SCHD
100
AcDbText
10
55.33470588
20
14.68125
30
0
40
0.09375
1
Treat DALI bus insulation and routing in accordance with the actual devices and adopted code; do not assume a DALI pair is SELV or may share a raceway solely because its nominal signal voltage is low.
50
0
41
1
7
MAIN
72
0
11
55.33470588
21
14.68125
31
0
100
AcDbText
73
0
0
LINE
5
645
330
104
100
AcDbEntity
8
E-ANNO-SCHD
100
AcDbLine
10
69.5
20
14.85
30
0
11
69.5
21
14.55
31
0
0
LINE
5
646
330
104
100
AcDbEntity
8
E-ANNO-SCHD
100
AcDbLine
10
54.375
20
14.55
30
0
11
69.5
21
14.55
31
0
0
LINE
5
647
330
104
100
AcDbEntity
8
E-ANNO-SCHD
100
AcDbLine
10
54.375
20
14.25
30
0
11
69.5
21
14.25
31
0
0
LINE
5
648
330
104
100
AcDbEntity
8
E-ANNO-SCHD
100
AcDbLine
10
54.375
20
14.55
30
0
11
54.375
21
14.25
31
0
0
TEXT
5
649
330
104
100
AcDbEntity
8
E-ANNO-SCHD
100
AcDbText
10
54.445
20
14.38125
30
0
40
0.09375
1
10
50
0
41
1
7
MAIN
72
0
11
54.445
21
14.38125
31
0
100
AcDbText
73
0
0
LINE
5
64A
330
104
100
AcDbEntity
8
E-ANNO-SCHD
100
AcDbLine
10
55.26470588
20
14.55
30
0
11
55.26470588
21
14.25
31
0
0
TEXT
5
64B
330
104
100
AcDbEntity
8
E-ANNO-SCHD
100
AcDbText
10
55.33470588
20
14.38125
30
0
40
0.09375
1
Coordinate controller protocols, addressing, universes, data link lengths and termination during commissioning. Verify operation of all channels at the maximum permitted operating load.
50
0
41
1
7
MAIN
72
0
11
55.33470588
21
14.38125
31
0
100
AcDbText
73
0
0
LINE
5
64C
330
104
100
AcDbEntity
8
E-ANNO-SCHD
100
AcDbLine
10
69.5
20
14.55
30
0
11
69.5
21
14.25
31
0
0
LINE
5
64D
330
104
100
AcDbEntity
8
E-ANNO-SCHD
100
AcDbLine
10
54.375
20
14.25
30
0
11
69.5
21
14.25
31
0
0
LINE
5
64E
330
104
100
AcDbEntity
8
E-ANNO-SCHD
100
AcDbLine
10
54.375
20
13.95
30
0
11
69.5
21
13.95
31
0
0
LINE
5
64F
330
104
100
AcDbEntity
8
E-ANNO-SCHD
100
AcDbLine
10
54.375
20
14.25
30
0
11
54.375
21
13.95
31
0
0
TEXT
5
650
330
104
100
AcDbEntity
8
E-ANNO-SCHD
100
AcDbText
10
54.445
20
14.08125
30
0
40
0.09375
1
11
50
0
41
1
7
MAIN
72
0
11
54.445
21
14.08125
31
0
100
AcDbText
73
0
0
LINE
5
651
330
104
100
AcDbEntity
8
E-ANNO-SCHD
100
AcDbLine
10
55.26470588
20
14.25
30
0
11
55.26470588
21
13.95
31
0
0
TEXT
5
652
330
104
100
AcDbEntity
8
E-ANNO-SCHD
100
AcDbText
10
55.33470588
20
14.08125
30
0
40
0.09375
1
Single-ended SPI data runs above the project limit require a compatible differential link or revised controller location. Size pixel power separately from the data connection.
50
0
41
1
7
MAIN
72
0
11
55.33470588
21
14.08125
31
0
100
AcDbText
73
0
0
LINE
5
653
330
104
100
AcDbEntity
8
E-ANNO-SCHD
100
AcDbLine
10
69.5
20
14.25
30
0
11
69.5
21
13.95
31
0
0
LINE
5
654
330
104
100
AcDbEntity
8
E-ANNO-SCHD
100
AcDbLine
10
54.375
20
13.95
30
0
11
69.5
21
13.95
31
0
0
LINE
5
655
330
104
100
AcDbEntity
8
E-ANNO-SCHD
100
AcDbLine
10
54.375
20
13.65
30
0
11
69.5
21
13.65
31
0
0
LINE
5
656
330
104
100
AcDbEntity
8
E-ANNO-SCHD
100
AcDbLine
10
54.375
20
13.95
30
0
11
54.375
21
13.65
31
0
0
TEXT
5
657
330
104
100
AcDbEntity
8
E-ANNO-SCHD
100
AcDbText
10
54.445
20
13.78125
30
0
40
0.09375
1
12
50
0
41
1
7
MAIN
72
0
11
54.445
21
13.78125
31
0
100
AcDbText
73
0
0
LINE
5
658
330
104
100
AcDbEntity
8
E-ANNO-SCHD
100
AcDbLine
10
55.26470588
20
13.95
30
0
11
55.26470588
21
13.65
31
0
0
TEXT
5
659
330
104
100
AcDbEntity
8
E-ANNO-SCHD
100
AcDbText
10
55.33470588
20
13.78125
30
0
40
0.09375
1
Seal, protect and support outdoor and direct-burial cable systems using products listed for the actual location. Verify cable, splice and enclosure ratings as a complete installation.
50
0
41
1
7
MAIN
72
0
11
55.33470588
21
13.78125
31
0
100
AcDbText
73
0
0
LINE
5
65A
330
104
100
AcDbEntity
8
E-ANNO-SCHD
100
AcDbLine
10
69.5
20
13.95
30
0
11
69.5
21
13.65
31
0
0
TEXT
5
65B
330
104
100
AcDbEntity
8
E-ANNO-SCHD
100
AcDbText
10
54.375
20
13.2
30
0
40
0.1875
1
PROJECT RECORD
50
0
41
1
7
BOLD
72
0
11
54.375
21
13.2
31
0
100
AcDbText
73
0
0
LINE
5
65C
330
104
100
AcDbEntity
8
E-ANNO-SCHD
100
AcDbLine
10
54.375
20
13.08
30
0
11
69.5
21
13.08
31
0
0
LINE
5
65D
330
104
100
AcDbEntity
8
E-ANNO-SCHD
100
AcDbLine
10
54.375
20
12.8
30
0
11
69.5
21
12.8
31
0
0
LINE
5
65E
330
104
100
AcDbEntity
8
E-ANNO-SCHD
100
AcDbLine
10
54.375
20
12.5
30
0
11
69.5
21
12.5
31
0
0
LINE
5
65F
330
104
100
AcDbEntity
8
E-ANNO-SCHD
100
AcDbLine
10
54.375
20
12.8
30
0
11
54.375
21
12.5
31
0
0
TEXT
5
660
330
104
100
AcDbEntity
8
E-ANNO-SCHD
100
AcDbText
10
54.445
20
12.63125
30
0
40
0.09375
1
FIELD
50
0
41
1
7
BOLD
72
0
11
54.445
21
12.63125
31
0
100
AcDbText
73
0
0
LINE
5
661
330
104
100
AcDbEntity
8
E-ANNO-SCHD
100
AcDbLine
10
57.4
20
12.8
30
0
11
57.4
21
12.5
31
0
0
TEXT
5
662
330
104
100
AcDbEntity
8
E-ANNO-SCHD
100
AcDbText
10
57.47
20
12.63125
30
0
40
0.09375
1
VALUE
50
0
41
1
7
BOLD
72
0
11
57.47
21
12.63125
31
0
100
AcDbText
73
0
0
LINE
5
663
330
104
100
AcDbEntity
8
E-ANNO-SCHD
100
AcDbLine
10
69.5
20
12.8
30
0
11
69.5
21
12.5
31
0
0
LINE
5
664
330
104
100
AcDbEntity
8
E-ANNO-SCHD
100
AcDbLine
10
54.375
20
12.5
30
0
11
69.5
21
12.5
31
0
0
LINE
5
665
330
104
100
AcDbEntity
8
E-ANNO-SCHD
100
AcDbLine
10
54.375
20
12.2
30
0
11
69.5
21
12.2
31
0
0
LINE
5
666
330
104
100
AcDbEntity
8
E-ANNO-SCHD
100
AcDbLine
10
54.375
20
12.5
30
0
11
54.375
21
12.2
31
0
0
TEXT
5
667
330
104
100
AcDbEntity
8
E-ANNO-SCHD
100
AcDbText
10
54.445
20
12.33125
30
0
40
0.09375
1
Project
50
0
41
1
7
MAIN
72
0
11
54.445
21
12.33125
31
0
100
AcDbText
73
0
0
LINE
5
668
330
104
100
AcDbEntity
8
E-ANNO-SCHD
100
AcDbLine
10
57.4
20
12.5
30
0
11
57.4
21
12.2
31
0
0
TEXT
5
669
330
104
100
AcDbEntity
8
E-ANNO-SCHD
100
AcDbText
10
57.47
20
12.33125
30
0
40
0.09375
1
EXAMPLE \U+00B7 Gallery lighting riser
50
0
41
1
7
MAIN
72
0
11
57.47
21
12.33125
31
0
100
AcDbText
73
0
0
LINE
5
66A
330
104
100
AcDbEntity
8
E-ANNO-SCHD
100
AcDbLine
10
69.5
20
12.5
30
0
11
69.5
21
12.2
31
0
0
LINE
5
66B
330
104
100
AcDbEntity
8
E-ANNO-SCHD
100
AcDbLine
10
54.375
20
12.2
30
0
11
69.5
21
12.2
31
0
0
LINE
5
66C
330
104
100
AcDbEntity
8
E-ANNO-SCHD
100
AcDbLine
10
54.375
20
11.9
30
0
11
69.5
21
11.9
31
0
0
LINE
5
66D
330
104
100
AcDbEntity
8
E-ANNO-SCHD
100
AcDbLine
10
54.375
20
12.2
30
0
11
54.375
21
11.9
31
0
0
TEXT
5
66E
330
104
100
AcDbEntity
8
E-ANNO-SCHD
100
AcDbText
10
54.445
20
12.03125
30
0
40
0.09375
1
Number
50
0
41
1
7
MAIN
72
0
11
54.445
21
12.03125
31
0
100
AcDbText
73
0
0
LINE
5
66F
330
104
100
AcDbEntity
8
E-ANNO-SCHD
100
AcDbLine
10
57.4
20
12.2
30
0
11
57.4
21
11.9
31
0
0
TEXT
5
670
330
104
100
AcDbEntity
8
E-ANNO-SCHD
100
AcDbText
10
57.47
20
12.03125
30
0
40
0.09375
1
EX-001
50
0
41
1
7
MAIN
72
0
11
57.47
21
12.03125
31
0
100
AcDbText
73
0
0
LINE
5
671
330
104
100
AcDbEntity
8
E-ANNO-SCHD
100
AcDbLine
10
69.5
20
12.2
30
0
11
69.5
21
11.9
31
0
0
LINE
5
672
330
104
100
AcDbEntity
8
E-ANNO-SCHD
100
AcDbLine
10
54.375
20
11.9
30
0
11
69.5
21
11.9
31
0
0
LINE
5
673
330
104
100
AcDbEntity
8
E-ANNO-SCHD
100
AcDbLine
10
54.375
20
11.6
30
0
11
69.5
21
11.6
31
0
0
LINE
5
674
330
104
100
AcDbEntity
8
E-ANNO-SCHD
100
AcDbLine
10
54.375
20
11.9
30
0
11
54.375
21
11.6
31
0
0
TEXT
5
675
330
104
100
AcDbEntity
8
E-ANNO-SCHD
100
AcDbText
10
54.445
20
11.73125
30
0
40
0.09375
1
Client
50
0
41
1
7
MAIN
72
0
11
54.445
21
11.73125
31
0
100
AcDbText
73
0
0
LINE
5
676
330
104
100
AcDbEntity
8
E-ANNO-SCHD
100
AcDbLine
10
57.4
20
11.9
30
0
11
57.4
21
11.6
31
0
0
TEXT
5
677
330
104
100
AcDbEntity
8
E-ANNO-SCHD
100
AcDbText
10
57.47
20
11.73125
30
0
40
0.09375
1
Example design review
50
0
41
1
7
MAIN
72
0
11
57.47
21
11.73125
31
0
100
AcDbText
73
0
0
LINE
5
678
330
104
100
AcDbEntity
8
E-ANNO-SCHD
100
AcDbLine
10
69.5
20
11.9
30
0
11
69.5
21
11.6
31
0
0
LINE
5
679
330
104
100
AcDbEntity
8
E-ANNO-SCHD
100
AcDbLine
10
54.375
20
11.6
30
0
11
69.5
21
11.6
31
0
0
LINE
5
67A
330
104
100
AcDbEntity
8
E-ANNO-SCHD
100
AcDbLine
10
54.375
20
11.3
30
0
11
69.5
21
11.3
31
0
0
LINE
5
67B
330
104
100
AcDbEntity
8
E-ANNO-SCHD
100
AcDbLine
10
54.375
20
11.6
30
0
11
54.375
21
11.3
31
0
0
TEXT
5
67C
330
104
100
AcDbEntity
8
E-ANNO-SCHD
100
AcDbText
10
54.445
20
11.43125
30
0
40
0.09375
1
Site
50
0
41
1
7
MAIN
72
0
11
54.445
21
11.43125
31
0
100
AcDbText
73
0
0
LINE
5
67D
330
104
100
AcDbEntity
8
E-ANNO-SCHD
100
AcDbLine
10
57.4
20
11.6
30
0
11
57.4
21
11.3
31
0
0
TEXT
5
67E
330
104
100
AcDbEntity
8
E-ANNO-SCHD
100
AcDbText
10
57.47
20
11.43125
30
0
40
0.09375
1

50
0
41
1
7
MAIN
72
0
11
57.47
21
11.43125
31
0
100
AcDbText
73
0
0
LINE
5
67F
330
104
100
AcDbEntity
8
E-ANNO-SCHD
100
AcDbLine
10
69.5
20
11.6
30
0
11
69.5
21
11.3
31
0
0
LINE
5
680
330
104
100
AcDbEntity
8
E-ANNO-SCHD
100
AcDbLine
10
54.375
20
11.3
30
0
11
69.5
21
11.3
31
0
0
LINE
5
681
330
104
100
AcDbEntity
8
E-ANNO-SCHD
100
AcDbLine
10
54.375
20
11
30
0
11
69.5
21
11
31
0
0
LINE
5
682
330
104
100
AcDbEntity
8
E-ANNO-SCHD
100
AcDbLine
10
54.375
20
11.3
30
0
11
54.375
21
11
31
0
0
TEXT
5
683
330
104
100
AcDbEntity
8
E-ANNO-SCHD
100
AcDbText
10
54.445
20
11.13125
30
0
40
0.09375
1
Designer / checker
50
0
41
1
7
MAIN
72
0
11
54.445
21
11.13125
31
0
100
AcDbText
73
0
0
LINE
5
684
330
104
100
AcDbEntity
8
E-ANNO-SCHD
100
AcDbLine
10
57.4
20
11.3
30
0
11
57.4
21
11
31
0
0
TEXT
5
685
330
104
100
AcDbEntity
8
E-ANNO-SCHD
100
AcDbText
10
57.47
20
11.13125
30
0
40
0.09375
1
EXAMPLE / 
50
0
41
1
7
MAIN
72
0
11
57.47
21
11.13125
31
0
100
AcDbText
73
0
0
LINE
5
686
330
104
100
AcDbEntity
8
E-ANNO-SCHD
100
AcDbLine
10
69.5
20
11.3
30
0
11
69.5
21
11
31
0
0
LINE
5
687
330
104
100
AcDbEntity
8
E-ANNO-SCHD
100
AcDbLine
10
54.375
20
11
30
0
11
69.5
21
11
31
0
0
LINE
5
688
330
104
100
AcDbEntity
8
E-ANNO-SCHD
100
AcDbLine
10
54.375
20
10.7
30
0
11
69.5
21
10.7
31
0
0
LINE
5
689
330
104
100
AcDbEntity
8
E-ANNO-SCHD
100
AcDbLine
10
54.375
20
11
30
0
11
54.375
21
10.7
31
0
0
TEXT
5
68A
330
104
100
AcDbEntity
8
E-ANNO-SCHD
100
AcDbText
10
54.445
20
10.83125
30
0
40
0.09375
1
Basis
50
0
41
1
7
MAIN
72
0
11
54.445
21
10.83125
31
0
100
AcDbText
73
0
0
LINE
5
68B
330
104
100
AcDbEntity
8
E-ANNO-SCHD
100
AcDbLine
10
57.4
20
11
30
0
11
57.4
21
10.7
31
0
0
TEXT
5
68C
330
104
100
AcDbEntity
8
E-ANNO-SCHD
100
AcDbText
10
57.47
20
10.83125
30
0
40
0.09375
1
NEC 2023; PSU operating target 80%; line / DC VD targets 3% / 3%.
50
0
41
1
7
MAIN
72
0
11
57.47
21
10.83125
31
0
100
AcDbText
73
0
0
LINE
5
68D
330
104
100
AcDbEntity
8
E-ANNO-SCHD
100
AcDbLine
10
69.5
20
11
30
0
11
69.5
21
10.7
31
0
0
LINE
5
68E
330
104
100
AcDbEntity
8
E-ANNO-SCHD
100
AcDbLine
10
54.375
20
10.7
30
0
11
69.5
21
10.7
31
0
0
LINE
5
68F
330
104
100
AcDbEntity
8
E-ANNO-SCHD
100
AcDbLine
10
54.375
20
10.4
30
0
11
69.5
21
10.4
31
0
0
LINE
5
690
330
104
100
AcDbEntity
8
E-ANNO-SCHD
100
AcDbLine
10
54.375
20
10.7
30
0
11
54.375
21
10.4
31
0
0
TEXT
5
691
330
104
100
AcDbEntity
8
E-ANNO-SCHD
100
AcDbText
10
54.445
20
10.53125
30
0
40
0.09375
1
Review
50
0
41
1
7
MAIN
72
0
11
54.445
21
10.53125
31
0
100
AcDbText
73
0
0
LINE
5
692
330
104
100
AcDbEntity
8
E-ANNO-SCHD
100
AcDbLine
10
57.4
20
10.7
30
0
11
57.4
21
10.4
31
0
0
TEXT
5
693
330
104
100
AcDbEntity
8
E-ANNO-SCHD
100
AcDbText
10
57.47
20
10.53125
30
0
40
0.09375
1
0 errors; 31 warnings. Resolve engineering Review before issue. Example products and wire templates require verification.
50
0
41
1
7
MAIN
72
0
11
57.47
21
10.53125
31
0
100
AcDbText
73
0
0
LINE
5
694
330
104
100
AcDbEntity
8
E-ANNO-SCHD
100
AcDbLine
10
69.5
20
10.7
30
0
11
69.5
21
10.4
31
0
0
TEXT
5
695
330
104
100
AcDbEntity
8
E-ANNO-SCHD
100
AcDbText
10
54.375
20
9.95
30
0
40
0.1875
1
SYMBOL LEGEND
50
0
41
1
7
BOLD
72
0
11
54.375
21
9.95
31
0
100
AcDbText
73
0
0
LINE
5
696
330
104
100
AcDbEntity
8
E-ANNO-SCHD
100
AcDbLine
10
54.375
20
9.83
30
0
11
69.5
21
9.83
31
0
0
INSERT
5
697
330
104
100
AcDbEntity
8
E-POWR-EQPM
100
AcDbBlockReference
66
1
2
panel
10
54.375
20
7.725
30
0
41
1
42
1
43
1
50
0
0
ATTRIB
5
698
330
697
100
AcDbEntity
8
E-ANNO-TAGS
100
AcDbText
10
54.515
20
9.29
30
0
40
0.125
1
Panel / circuit
50
0
41
1
7
BOLD
72
0
11
54.515
21
9.29
31
0
100
AcDbAttribute
280
0
2
TAG
70
0
73
0
74
0
280
1
0
ATTRIB
5
699
330
697
100
AcDbEntity
8
E-ANNO-TAGS
100
AcDbText
10
54.515
20
8.715
30
0
40
0.09375
1

50
0
41
1
7
MAIN
72
0
11
54.515
21
8.715
31
0
100
AcDbAttribute
280
0
2
MODEL
70
1
73
0
74
0
280
1
0
ATTRIB
5
69A
330
697
100
AcDbEntity
8
E-ANNO-TAGS
100
AcDbText
10
54.515
20
8.105
30
0
40
0.09375
1

50
0
41
1
7
MAIN
72
0
11
54.515
21
8.105
31
0
100
AcDbAttribute
280
0
2
VIN
70
0
73
0
74
0
280
1
0
ATTRIB
5
69B
330
697
100
AcDbEntity
8
E-ANNO-TAGS
100
AcDbText
10
55.875
20
8.105
30
0
40
0.09375
1

50
0
41
1
7
MAIN
72
0
11
55.875
21
8.105
31
0
100
AcDbAttribute
280
0
2
VOUT
70
0
73
0
74
0
280
1
0
ATTRIB
5
69C
330
697
100
AcDbEntity
8
E-ANNO-TAGS
100
AcDbText
10
54.515
20
7.915
30
0
40
0.09375
1

50
0
41
1
7
MAIN
72
0
11
54.515
21
7.915
31
0
100
AcDbAttribute
280
0
2
WATTS
70
0
73
0
74
0
280
1
0
ATTRIB
5
69D
330
697
100
AcDbEntity
8
E-ANNO-TAGS
100
AcDbText
10
55.875
20
7.915
30
0
40
0.09375
1

50
0
41
1
7
MAIN
72
0
11
55.875
21
7.915
31
0
100
AcDbAttribute
280
0
2
LOAD_PCT
70
0
73
0
74
0
280
1
0
ATTRIB
5
69E
330
697
100
AcDbEntity
8
E-ANNO-TAGS
100
AcDbText
10
54.515
20
8.285
30
0
40
0.09375
1

50
0
41
1
7
MAIN
72
0
11
54.515
21
8.285
31
0
100
AcDbAttribute
280
0
2
DMX_ADDR
70
0
73
0
74
0
280
1
0
ATTRIB
5
69F
330
697
100
AcDbEntity
8
E-ANNO-TAGS
100
AcDbText
10
54.515
20
8.285
30
0
40
0.09375
1

50
0
41
1
7
MAIN
72
0
11
54.515
21
8.285
31
0
100
AcDbAttribute
280
0
2
LOCATION
70
1
73
0
74
0
280
1
0
SEQEND
5
6A0
330
697
100
AcDbEntity
8
E-POWR-EQPM
0
INSERT
5
6A1
330
104
100
AcDbEntity
8
E-POWR-EQPM
100
AcDbBlockReference
66
1
2
psu
10
57.775
20
7.725
30
0
41
1
42
1
43
1
50
0
0
ATTRIB
5
6A2
330
6A1
100
AcDbEntity
8
E-ANNO-TAGS
100
AcDbText
10
57.915
20
9.29
30
0
40
0.125
1
Power supply
50
0
41
1
7
BOLD
72
0
11
57.915
21
9.29
31
0
100
AcDbAttribute
280
0
2
TAG
70
0
73
0
74
0
280
1
0
ATTRIB
5
6A3
330
6A1
100
AcDbEntity
8
E-ANNO-TAGS
100
AcDbText
10
57.915
20
8.715
30
0
40
0.09375
1

50
0
41
1
7
MAIN
72
0
11
57.915
21
8.715
31
0
100
AcDbAttribute
280
0
2
MODEL
70
1
73
0
74
0
280
1
0
ATTRIB
5
6A4
330
6A1
100
AcDbEntity
8
E-ANNO-TAGS
100
AcDbText
10
57.915
20
8.105
30
0
40
0.09375
1

50
0
41
1
7
MAIN
72
0
11
57.915
21
8.105
31
0
100
AcDbAttribute
280
0
2
VIN
70
0
73
0
74
0
280
1
0
ATTRIB
5
6A5
330
6A1
100
AcDbEntity
8
E-ANNO-TAGS
100
AcDbText
10
59.275
20
8.105
30
0
40
0.09375
1

50
0
41
1
7
MAIN
72
0
11
59.275
21
8.105
31
0
100
AcDbAttribute
280
0
2
VOUT
70
0
73
0
74
0
280
1
0
ATTRIB
5
6A6
330
6A1
100
AcDbEntity
8
E-ANNO-TAGS
100
AcDbText
10
57.915
20
7.915
30
0
40
0.09375
1

50
0
41
1
7
MAIN
72
0
11
57.915
21
7.915
31
0
100
AcDbAttribute
280
0
2
WATTS
70
0
73
0
74
0
280
1
0
ATTRIB
5
6A7
330
6A1
100
AcDbEntity
8
E-ANNO-TAGS
100
AcDbText
10
59.275
20
7.915
30
0
40
0.09375
1

50
0
41
1
7
MAIN
72
0
11
59.275
21
7.915
31
0
100
AcDbAttribute
280
0
2
LOAD_PCT
70
0
73
0
74
0
280
1
0
ATTRIB
5
6A8
330
6A1
100
AcDbEntity
8
E-ANNO-TAGS
100
AcDbText
10
57.915
20
8.285
30
0
40
0.09375
1

50
0
41
1
7
MAIN
72
0
11
57.915
21
8.285
31
0
100
AcDbAttribute
280
0
2
DMX_ADDR
70
0
73
0
74
0
280
1
0
ATTRIB
5
6A9
330
6A1
100
AcDbEntity
8
E-ANNO-TAGS
100
AcDbText
10
57.915
20
8.285
30
0
40
0.09375
1

50
0
41
1
7
MAIN
72
0
11
57.915
21
8.285
31
0
100
AcDbAttribute
280
0
2
LOCATION
70
1
73
0
74
0
280
1
0
SEQEND
5
6AA
330
6A1
100
AcDbEntity
8
E-POWR-EQPM
0
INSERT
5
6AB
330
104
100
AcDbEntity
8
E-LITE-CTRL-EQPM
100
AcDbBlockReference
66
1
2
decoder
10
61.175
20
7.725
30
0
41
1
42
1
43
1
50
0
0
ATTRIB
5
6AC
330
6AB
100
AcDbEntity
8
E-ANNO-TAGS
100
AcDbText
10
61.315
20
9.29
30
0
40
0.125
1
DMX decoder
50
0
41
1
7
BOLD
72
0
11
61.315
21
9.29
31
0
100
AcDbAttribute
280
0
2
TAG
70
0
73
0
74
0
280
1
0
ATTRIB
5
6AD
330
6AB
100
AcDbEntity
8
E-ANNO-TAGS
100
AcDbText
10
61.315
20
8.715
30
0
40
0.09375
1

50
0
41
1
7
MAIN
72
0
11
61.315
21
8.715
31
0
100
AcDbAttribute
280
0
2
MODEL
70
1
73
0
74
0
280
1
0
ATTRIB
5
6AE
330
6AB
100
AcDbEntity
8
E-ANNO-TAGS
100
AcDbText
10
61.315
20
8.105
30
0
40
0.09375
1

50
0
41
1
7
MAIN
72
0
11
61.315
21
8.105
31
0
100
AcDbAttribute
280
0
2
VIN
70
0
73
0
74
0
280
1
0
ATTRIB
5
6AF
330
6AB
100
AcDbEntity
8
E-ANNO-TAGS
100
AcDbText
10
62.675
20
8.105
30
0
40
0.09375
1

50
0
41
1
7
MAIN
72
0
11
62.675
21
8.105
31
0
100
AcDbAttribute
280
0
2
VOUT
70
0
73
0
74
0
280
1
0
ATTRIB
5
6B0
330
6AB
100
AcDbEntity
8
E-ANNO-TAGS
100
AcDbText
10
61.315
20
7.915
30
0
40
0.09375
1

50
0
41
1
7
MAIN
72
0
11
61.315
21
7.915
31
0
100
AcDbAttribute
280
0
2
WATTS
70
0
73
0
74
0
280
1
0
ATTRIB
5
6B1
330
6AB
100
AcDbEntity
8
E-ANNO-TAGS
100
AcDbText
10
62.675
20
7.915
30
0
40
0.09375
1

50
0
41
1
7
MAIN
72
0
11
62.675
21
7.915
31
0
100
AcDbAttribute
280
0
2
LOAD_PCT
70
0
73
0
74
0
280
1
0
ATTRIB
5
6B2
330
6AB
100
AcDbEntity
8
E-ANNO-TAGS
100
AcDbText
10
61.315
20
8.285
30
0
40
0.09375
1

50
0
41
1
7
MAIN
72
0
11
61.315
21
8.285
31
0
100
AcDbAttribute
280
0
2
DMX_ADDR
70
0
73
0
74
0
280
1
0
ATTRIB
5
6B3
330
6AB
100
AcDbEntity
8
E-ANNO-TAGS
100
AcDbText
10
61.315
20
8.285
30
0
40
0.09375
1

50
0
41
1
7
MAIN
72
0
11
61.315
21
8.285
31
0
100
AcDbAttribute
280
0
2
LOCATION
70
1
73
0
74
0
280
1
0
SEQEND
5
6B4
330
6AB
100
AcDbEntity
8
E-LITE-CTRL-EQPM
0
INSERT
5
6B5
330
104
100
AcDbEntity
8
E-LITE-CTRL-EQPM
100
AcDbBlockReference
66
1
2
console
10
64.575
20
7.725
30
0
41
1
42
1
43
1
50
0
0
ATTRIB
5
6B6
330
6B5
100
AcDbEntity
8
E-ANNO-TAGS
100
AcDbText
10
64.715
20
9.29
30
0
40
0.125
1
DMX controller
50
0
41
1
7
BOLD
72
0
11
64.715
21
9.29
31
0
100
AcDbAttribute
280
0
2
TAG
70
0
73
0
74
0
280
1
0
ATTRIB
5
6B7
330
6B5
100
AcDbEntity
8
E-ANNO-TAGS
100
AcDbText
10
64.715
20
8.715
30
0
40
0.09375
1

50
0
41
1
7
MAIN
72
0
11
64.715
21
8.715
31
0
100
AcDbAttribute
280
0
2
MODEL
70
1
73
0
74
0
280
1
0
ATTRIB
5
6B8
330
6B5
100
AcDbEntity
8
E-ANNO-TAGS
100
AcDbText
10
64.715
20
8.105
30
0
40
0.09375
1

50
0
41
1
7
MAIN
72
0
11
64.715
21
8.105
31
0
100
AcDbAttribute
280
0
2
VIN
70
0
73
0
74
0
280
1
0
ATTRIB
5
6B9
330
6B5
100
AcDbEntity
8
E-ANNO-TAGS
100
AcDbText
10
66.075
20
8.105
30
0
40
0.09375
1

50
0
41
1
7
MAIN
72
0
11
66.075
21
8.105
31
0
100
AcDbAttribute
280
0
2
VOUT
70
0
73
0
74
0
280
1
0
ATTRIB
5
6BA
330
6B5
100
AcDbEntity
8
E-ANNO-TAGS
100
AcDbText
10
64.715
20
7.915
30
0
40
0.09375
1

50
0
41
1
7
MAIN
72
0
11
64.715
21
7.915
31
0
100
AcDbAttribute
280
0
2
WATTS
70
0
73
0
74
0
280
1
0
ATTRIB
5
6BB
330
6B5
100
AcDbEntity
8
E-ANNO-TAGS
100
AcDbText
10
66.075
20
7.915
30
0
40
0.09375
1

50
0
41
1
7
MAIN
72
0
11
66.075
21
7.915
31
0
100
AcDbAttribute
280
0
2
LOAD_PCT
70
0
73
0
74
0
280
1
0
ATTRIB
5
6BC
330
6B5
100
AcDbEntity
8
E-ANNO-TAGS
100
AcDbText
10
64.715
20
8.285
30
0
40
0.09375
1

50
0
41
1
7
MAIN
72
0
11
64.715
21
8.285
31
0
100
AcDbAttribute
280
0
2
DMX_ADDR
70
0
73
0
74
0
280
1
0
ATTRIB
5
6BD
330
6B5
100
AcDbEntity
8
E-ANNO-TAGS
100
AcDbText
10
64.715
20
8.285
30
0
40
0.09375
1

50
0
41
1
7
MAIN
72
0
11
64.715
21
8.285
31
0
100
AcDbAttribute
280
0
2
LOCATION
70
1
73
0
74
0
280
1
0
SEQEND
5
6BE
330
6B5
100
AcDbEntity
8
E-LITE-CTRL-EQPM
0
INSERT
5
6BF
330
104
100
AcDbEntity
8
E-LITE-FIXT
100
AcDbBlockReference
66
1
2
led-tape-4ch
10
54.375
20
5.55
30
0
41
1
42
1
43
1
50
0
0
ATTRIB
5
6C0
330
6BF
100
AcDbEntity
8
E-ANNO-TAGS
100
AcDbText
10
54.515
20
7.115
30
0
40
0.125
1
LED TAPE \U+00B7 4 CH
50
0
41
1
7
BOLD
72
0
11
54.515
21
7.115
31
0
100
AcDbAttribute
280
0
2
TAG
70
0
73
0
74
0
280
1
0
ATTRIB
5
6C1
330
6BF
100
AcDbEntity
8
E-ANNO-TAGS
100
AcDbText
10
54.515
20
6.54
30
0
40
0.09375
1

50
0
41
1
7
MAIN
72
0
11
54.515
21
6.54
31
0
100
AcDbAttribute
280
0
2
MODEL
70
1
73
0
74
0
280
1
0
ATTRIB
5
6C2
330
6BF
100
AcDbEntity
8
E-ANNO-TAGS
100
AcDbText
10
54.515
20
5.93
30
0
40
0.09375
1

50
0
41
1
7
MAIN
72
0
11
54.515
21
5.93
31
0
100
AcDbAttribute
280
0
2
VIN
70
0
73
0
74
0
280
1
0
ATTRIB
5
6C3
330
6BF
100
AcDbEntity
8
E-ANNO-TAGS
100
AcDbText
10
55.875
20
5.93
30
0
40
0.09375
1

50
0
41
1
7
MAIN
72
0
11
55.875
21
5.93
31
0
100
AcDbAttribute
280
0
2
VOUT
70
0
73
0
74
0
280
1
0
ATTRIB
5
6C4
330
6BF
100
AcDbEntity
8
E-ANNO-TAGS
100
AcDbText
10
54.515
20
5.74
30
0
40
0.09375
1

50
0
41
1
7
MAIN
72
0
11
54.515
21
5.74
31
0
100
AcDbAttribute
280
0
2
WATTS
70
0
73
0
74
0
280
1
0
ATTRIB
5
6C5
330
6BF
100
AcDbEntity
8
E-ANNO-TAGS
100
AcDbText
10
55.875
20
5.74
30
0
40
0.09375
1

50
0
41
1
7
MAIN
72
0
11
55.875
21
5.74
31
0
100
AcDbAttribute
280
0
2
LOAD_PCT
70
0
73
0
74
0
280
1
0
ATTRIB
5
6C6
330
6BF
100
AcDbEntity
8
E-ANNO-TAGS
100
AcDbText
10
54.515
20
6.11
30
0
40
0.09375
1

50
0
41
1
7
MAIN
72
0
11
54.515
21
6.11
31
0
100
AcDbAttribute
280
0
2
DMX_ADDR
70
0
73
0
74
0
280
1
0
ATTRIB
5
6C7
330
6BF
100
AcDbEntity
8
E-ANNO-TAGS
100
AcDbText
10
54.515
20
6.11
30
0
40
0.09375
1

50
0
41
1
7
MAIN
72
0
11
54.515
21
6.11
31
0
100
AcDbAttribute
280
0
2
LOCATION
70
1
73
0
74
0
280
1
0
SEQEND
5
6C8
330
6BF
100
AcDbEntity
8
E-LITE-FIXT
0
INSERT
5
6C9
330
104
100
AcDbEntity
8
E-LITE-FIXT
100
AcDbBlockReference
66
1
2
led-tape-2ch
10
57.775
20
5.55
30
0
41
1
42
1
43
1
50
0
0
ATTRIB
5
6CA
330
6C9
100
AcDbEntity
8
E-ANNO-TAGS
100
AcDbText
10
57.915
20
7.115
30
0
40
0.125
1
LED TAPE \U+00B7 2 CH
50
0
41
1
7
BOLD
72
0
11
57.915
21
7.115
31
0
100
AcDbAttribute
280
0
2
TAG
70
0
73
0
74
0
280
1
0
ATTRIB
5
6CB
330
6C9
100
AcDbEntity
8
E-ANNO-TAGS
100
AcDbText
10
57.915
20
6.54
30
0
40
0.09375
1

50
0
41
1
7
MAIN
72
0
11
57.915
21
6.54
31
0
100
AcDbAttribute
280
0
2
MODEL
70
1
73
0
74
0
280
1
0
ATTRIB
5
6CC
330
6C9
100
AcDbEntity
8
E-ANNO-TAGS
100
AcDbText
10
57.915
20
5.93
30
0
40
0.09375
1

50
0
41
1
7
MAIN
72
0
11
57.915
21
5.93
31
0
100
AcDbAttribute
280
0
2
VIN
70
0
73
0
74
0
280
1
0
ATTRIB
5
6CD
330
6C9
100
AcDbEntity
8
E-ANNO-TAGS
100
AcDbText
10
59.275
20
5.93
30
0
40
0.09375
1

50
0
41
1
7
MAIN
72
0
11
59.275
21
5.93
31
0
100
AcDbAttribute
280
0
2
VOUT
70
0
73
0
74
0
280
1
0
ATTRIB
5
6CE
330
6C9
100
AcDbEntity
8
E-ANNO-TAGS
100
AcDbText
10
57.915
20
5.74
30
0
40
0.09375
1

50
0
41
1
7
MAIN
72
0
11
57.915
21
5.74
31
0
100
AcDbAttribute
280
0
2
WATTS
70
0
73
0
74
0
280
1
0
ATTRIB
5
6CF
330
6C9
100
AcDbEntity
8
E-ANNO-TAGS
100
AcDbText
10
59.275
20
5.74
30
0
40
0.09375
1

50
0
41
1
7
MAIN
72
0
11
59.275
21
5.74
31
0
100
AcDbAttribute
280
0
2
LOAD_PCT
70
0
73
0
74
0
280
1
0
ATTRIB
5
6D0
330
6C9
100
AcDbEntity
8
E-ANNO-TAGS
100
AcDbText
10
57.915
20
6.11
30
0
40
0.09375
1

50
0
41
1
7
MAIN
72
0
11
57.915
21
6.11
31
0
100
AcDbAttribute
280
0
2
DMX_ADDR
70
0
73
0
74
0
280
1
0
ATTRIB
5
6D1
330
6C9
100
AcDbEntity
8
E-ANNO-TAGS
100
AcDbText
10
57.915
20
6.11
30
0
40
0.09375
1

50
0
41
1
7
MAIN
72
0
11
57.915
21
6.11
31
0
100
AcDbAttribute
280
0
2
LOCATION
70
1
73
0
74
0
280
1
0
SEQEND
5
6D2
330
6C9
100
AcDbEntity
8
E-LITE-FIXT
0
INSERT
5
6D3
330
104
100
AcDbEntity
8
E-LITE-FIXT
100
AcDbBlockReference
66
1
2
led-tape-1ch
10
61.175
20
5.55
30
0
41
1
42
1
43
1
50
0
0
ATTRIB
5
6D4
330
6D3
100
AcDbEntity
8
E-ANNO-TAGS
100
AcDbText
10
61.315
20
7.115
30
0
40
0.125
1
LED TAPE \U+00B7 1 CH
50
0
41
1
7
BOLD
72
0
11
61.315
21
7.115
31
0
100
AcDbAttribute
280
0
2
TAG
70
0
73
0
74
0
280
1
0
ATTRIB
5
6D5
330
6D3
100
AcDbEntity
8
E-ANNO-TAGS
100
AcDbText
10
61.315
20
6.54
30
0
40
0.09375
1

50
0
41
1
7
MAIN
72
0
11
61.315
21
6.54
31
0
100
AcDbAttribute
280
0
2
MODEL
70
1
73
0
74
0
280
1
0
ATTRIB
5
6D6
330
6D3
100
AcDbEntity
8
E-ANNO-TAGS
100
AcDbText
10
61.315
20
5.93
30
0
40
0.09375
1

50
0
41
1
7
MAIN
72
0
11
61.315
21
5.93
31
0
100
AcDbAttribute
280
0
2
VIN
70
0
73
0
74
0
280
1
0
ATTRIB
5
6D7
330
6D3
100
AcDbEntity
8
E-ANNO-TAGS
100
AcDbText
10
62.675
20
5.93
30
0
40
0.09375
1

50
0
41
1
7
MAIN
72
0
11
62.675
21
5.93
31
0
100
AcDbAttribute
280
0
2
VOUT
70
0
73
0
74
0
280
1
0
ATTRIB
5
6D8
330
6D3
100
AcDbEntity
8
E-ANNO-TAGS
100
AcDbText
10
61.315
20
5.74
30
0
40
0.09375
1

50
0
41
1
7
MAIN
72
0
11
61.315
21
5.74
31
0
100
AcDbAttribute
280
0
2
WATTS
70
0
73
0
74
0
280
1
0
ATTRIB
5
6D9
330
6D3
100
AcDbEntity
8
E-ANNO-TAGS
100
AcDbText
10
62.675
20
5.74
30
0
40
0.09375
1

50
0
41
1
7
MAIN
72
0
11
62.675
21
5.74
31
0
100
AcDbAttribute
280
0
2
LOAD_PCT
70
0
73
0
74
0
280
1
0
ATTRIB
5
6DA
330
6D3
100
AcDbEntity
8
E-ANNO-TAGS
100
AcDbText
10
61.315
20
6.11
30
0
40
0.09375
1

50
0
41
1
7
MAIN
72
0
11
61.315
21
6.11
31
0
100
AcDbAttribute
280
0
2
DMX_ADDR
70
0
73
0
74
0
280
1
0
ATTRIB
5
6DB
330
6D3
100
AcDbEntity
8
E-ANNO-TAGS
100
AcDbText
10
61.315
20
6.11
30
0
40
0.09375
1

50
0
41
1
7
MAIN
72
0
11
61.315
21
6.11
31
0
100
AcDbAttribute
280
0
2
LOCATION
70
1
73
0
74
0
280
1
0
SEQEND
5
6DC
330
6D3
100
AcDbEntity
8
E-LITE-FIXT
0
INSERT
5
6DD
330
104
100
AcDbEntity
8
E-LITE-FIXT
100
AcDbBlockReference
66
1
2
downlight
10
64.575
20
5.55
30
0
41
1
42
1
43
1
50
0
0
ATTRIB
5
6DE
330
6DD
100
AcDbEntity
8
E-ANNO-TAGS
100
AcDbText
10
64.715
20
7.115
30
0
40
0.125
1
Downlight
50
0
41
1
7
BOLD
72
0
11
64.715
21
7.115
31
0
100
AcDbAttribute
280
0
2
TAG
70
0
73
0
74
0
280
1
0
ATTRIB
5
6DF
330
6DD
100
AcDbEntity
8
E-ANNO-TAGS
100
AcDbText
10
64.715
20
6.54
30
0
40
0.09375
1

50
0
41
1
7
MAIN
72
0
11
64.715
21
6.54
31
0
100
AcDbAttribute
280
0
2
MODEL
70
1
73
0
74
0
280
1
0
ATTRIB
5
6E0
330
6DD
100
AcDbEntity
8
E-ANNO-TAGS
100
AcDbText
10
64.715
20
5.93
30
0
40
0.09375
1

50
0
41
1
7
MAIN
72
0
11
64.715
21
5.93
31
0
100
AcDbAttribute
280
0
2
VIN
70
0
73
0
74
0
280
1
0
ATTRIB
5
6E1
330
6DD
100
AcDbEntity
8
E-ANNO-TAGS
100
AcDbText
10
66.075
20
5.93
30
0
40
0.09375
1

50
0
41
1
7
MAIN
72
0
11
66.075
21
5.93
31
0
100
AcDbAttribute
280
0
2
VOUT
70
0
73
0
74
0
280
1
0
ATTRIB
5
6E2
330
6DD
100
AcDbEntity
8
E-ANNO-TAGS
100
AcDbText
10
64.715
20
5.74
30
0
40
0.09375
1

50
0
41
1
7
MAIN
72
0
11
64.715
21
5.74
31
0
100
AcDbAttribute
280
0
2
WATTS
70
0
73
0
74
0
280
1
0
ATTRIB
5
6E3
330
6DD
100
AcDbEntity
8
E-ANNO-TAGS
100
AcDbText
10
66.075
20
5.74
30
0
40
0.09375
1

50
0
41
1
7
MAIN
72
0
11
66.075
21
5.74
31
0
100
AcDbAttribute
280
0
2
LOAD_PCT
70
0
73
0
74
0
280
1
0
ATTRIB
5
6E4
330
6DD
100
AcDbEntity
8
E-ANNO-TAGS
100
AcDbText
10
64.715
20
6.11
30
0
40
0.09375
1

50
0
41
1
7
MAIN
72
0
11
64.715
21
6.11
31
0
100
AcDbAttribute
280
0
2
DMX_ADDR
70
0
73
0
74
0
280
1
0
ATTRIB
5
6E5
330
6DD
100
AcDbEntity
8
E-ANNO-TAGS
100
AcDbText
10
64.715
20
6.11
30
0
40
0.09375
1

50
0
41
1
7
MAIN
72
0
11
64.715
21
6.11
31
0
100
AcDbAttribute
280
0
2
LOCATION
70
1
73
0
74
0
280
1
0
SEQEND
5
6E6
330
6DD
100
AcDbEntity
8
E-LITE-FIXT
0
TEXT
5
6E7
330
104
100
AcDbEntity
8
E-ANNO-SCHD
100
AcDbText
10
54.375
20
5.2
30
0
40
0.1875
1
LINE LEGEND
50
0
41
1
7
BOLD
72
0
11
54.375
21
5.2
31
0
100
AcDbText
73
0
0
LINE
5
6E8
330
104
100
AcDbEntity
8
E-ANNO-SCHD
100
AcDbLine
10
54.375
20
5.08
30
0
11
69.5
21
5.08
31
0
0
LINE
5
6E9
330
104
100
AcDbEntity
8
E-POWR-WIRE-LV
100
AcDbLine
10
54.375
20
4.76
30
0
11
55.675
21
4.76
31
0
0
TEXT
5
6EA
330
104
100
AcDbEntity
8
E-ANNO-TEXT
100
AcDbText
10
55.875
20
4.72
30
0
40
0.09375
1
Line-voltage conductors
50
0
41
1
7
MAIN
72
0
11
55.875
21
4.72
31
0
100
AcDbText
73
0
0
LINE
5
6EB
330
104
100
AcDbEntity
8
E-LITE-WIRE-CL2
100
AcDbLine
10
54.375
20
4.36
30
0
11
55.675
21
4.36
31
0
0
TEXT
5
6EC
330
104
100
AcDbEntity
8
E-ANNO-TEXT
100
AcDbText
10
55.875
20
4.32
30
0
40
0.09375
1
Class 2 power
50
0
41
1
7
MAIN
72
0
11
55.875
21
4.32
31
0
100
AcDbText
73
0
0
LINE
5
6ED
330
104
100
AcDbEntity
8
E-LITE-CTRL-DMX
100
AcDbLine
10
54.375
20
3.96
30
0
11
55.675
21
3.96
31
0
0
TEXT
5
6EE
330
104
100
AcDbEntity
8
E-ANNO-TEXT
100
AcDbText
10
55.875
20
3.92
30
0
40
0.09375
1
DMX and Ethernet
50
0
41
1
7
MAIN
72
0
11
55.875
21
3.92
31
0
100
AcDbText
73
0
0
LINE
5
6EF
330
104
100
AcDbEntity
8
E-ANNO-TEXT
100
AcDbLine
10
54.375
20
3.6
30
0
11
54.905
21
3.6
31
0
0
ARC
5
6F0
330
104
100
AcDbEntity
8
E-ANNO-TEXT
100
AcDbCircle
10
54.975
20
3.6
30
0
40
0.07
100
AcDbArc
50
0
51
180
0
LINE
5
6F1
330
104
100
AcDbEntity
8
E-ANNO-TEXT
100
AcDbLine
10
55.045
20
3.6
30
0
11
55.675
21
3.6
31
0
0
LINE
5
6F2
330
104
100
AcDbEntity
8
E-ANNO-TEXT
100
AcDbLine
10
54.975
20
3.42
30
0
11
54.975
21
3.82
31
0
0
TEXT
5
6F3
330
104
100
AcDbEntity
8
E-ANNO-TEXT
100
AcDbText
10
55.875
20
3.56
30
0
40
0.09375
1
Cable crossing / no electrical connection
50
0
41
1
7
MAIN
72
0
11
55.875
21
3.56
31
0
100
AcDbText
73
0
0
CIRCLE
5
6F4
330
104
100
AcDbEntity
8
E-ANNO-TEXT
100
AcDbCircle
10
54.975
20
3.15
30
0
40
0.035
0
LINE
5
6F5
330
104
100
AcDbEntity
8
E-ANNO-TEXT
100
AcDbLine
10
54.375
20
3.15
30
0
11
54.975
21
3.15
31
0
0
TEXT
5
6F6
330
104
100
AcDbEntity
8
E-ANNO-TEXT
100
AcDbText
10
55.875
20
3.11
30
0
40
0.09375
1
Open circle at equipment outline = cable connection; W-tags refer to wire schedule
50
0
41
1
7
MAIN
72
0
11
55.875
21
3.11
31
0
100
AcDbText
73
0
0
LWPOLYLINE
5
6F7
330
104
100
AcDbEntity
8
E-ANNO-TTLB
100
AcDbPolyline
90
4
70
1
10
38.5
20
0.5
10
73.5
20
0.5
10
73.5
20
23.5
10
38.5
20
23.5
0
LWPOLYLINE
5
6F8
330
104
100
AcDbEntity
8
E-ANNO-TTLB
100
AcDbPolyline
90
4
70
1
10
69.75
20
0.5
10
73.5
20
0.5
10
73.5
20
23.5
10
69.75
20
23.5
0
LWPOLYLINE
5
6F9
330
104
100
AcDbEntity
8
E-ANNO-TTLB
100
AcDbPolyline
90
4
70
1
10
38.5
20
0.5
10
39.5
20
0.5
10
39.5
20
1.5
10
38.5
20
1.5
0
MTEXT
5
6FA
330
104
100
AcDbEntity
8
E-ANNO-TEXT
100
AcDbMText
10
38.6
20
1.19375
30
0
40
0.09375
41
0.60547463
71
1
72
1
7
MAIN
50
0
73
2
44
1.45
1
1.000 in\PREF.\PSQUARE
0
TEXT
5
6FB
330
104
100
AcDbEntity
8
E-ANNO-TEXT
100
AcDbText
10
39.8
20
0.8
30
0
40
0.09375
1
L-2 / 2  \U+00B7  ALL LENGTHS ARE ONE-WAY UNLESS NOTED
50
0
41
1
7
MAIN
72
0
11
39.8
21
0.8
31
0
100
AcDbText
73
0
0
LINE
5
6FC
330
104
100
AcDbEntity
8
E-ANNO-TTLB
100
AcDbLine
10
69.75
20
21.77076923
30
0
11
73.5
21
21.77076923
31
0
0
HATCH
5
6FD
330
104
100
AcDbEntity
8
E-ANNO-TTLB
100
AcDbHatch
10
0
20
0
30
0
210
0
220
0
230
1
2
SOLID
70
1
71
0
91
1
92
2
72
0
73
1
93
184
10
71.79413617
20
22.89598687
10
71.7885539
20
22.89921895
10
71.78279118
20
22.90213509
10
71.77685706
20
22.9047263
10
71.77076061
20
22.90698356
10
71.76451089
20
22.90889784
10
71.75811696
20
22.91046013
10
71.75158789
20
22.91166142
10
71.74493273
20
22.91249269
10
71.74058473
20
22.92284766
10
71.73586746
20
22.93300261
10
71.73078941
20
22.94294908
10
71.72535904
20
22.95267865
10
71.71958482
20
22.96218287
10
71.71347522
20
22.9714533
10
71.7070387
20
22.98048151
10
71.70028373
20
22.98925904
10
71.69321879
20
22.99777746
10
71.68585233
20
23.00602834
10
71.67819283
20
23.01400323
10
71.67024876
20
23.02169368
10
71.66202859
20
23.02909127
10
71.65354077
20
23.03618755
10
71.64479379
20
23.04297408
10
71.6357961
20
23.04944241
10
71.62655618
20
23.05558412
10
71.6170825
20
23.06139076
10
71.60738352
20
23.06685388
10
71.59746771
20
23.07196506
10
71.58734354
20
23.07671584
10
71.57701948
20
23.08109779
10
71.566504
20
23.08510247
10
71.55580556
20
23.08872144
10
71.54493263
20
23.09194626
10
71.53389369
20
23.09476848
10
71.52269719
20
23.09717968
10
71.51135161
20
23.0991714
10
71.49986542
20
23.10073521
10
71.48824708
20
23.10186266
10
71.47650506
20
23.10254532
10
71.46464783
20
23.10277475
10
71.45612567
20
23.10265444
10
71.44761327
20
23.10229395
10
71.43911678
20
23.10169397
10
71.43064236
20
23.10085517
10
71.4221962
20
23.09977823
10
71.41378443
20
23.09846383
10
71.40541325
20
23.09691264
10
71.39708879
20
23.09512536
10
71.38881724
20
23.09310265
10
71.38060475
20
23.09084519
10
71.37245748
20
23.08835366
10
71.36438161
20
23.08562875
10
71.35638329
20
23.08267112
10
71.34846869
20
23.07948146
10
71.34064398
20
23.07606045
10
71.33291531
20
23.07240876
10
71.32319189
20
23.06732172
10
71.31372392
20
23.06180933
10
71.30446027
20
23.05595736
10
71.29534985
20
23.04985162
10
71.27738425
20
23.03722196
10
71.25941829
20
23.02460665
10
71.24967336
20
23.01816499
10
71.23971642
20
23.01208715
10
71.22956183
20
23.00636103
10
71.219224
20
23.00097454
10
71.2087173
20
22.99591559
10
71.19805612
20
22.99117209
10
71.18725485
20
22.98673194
10
71.17632788
20
22.98258305
10
71.16528959
20
22.97871334
10
71.15415437
20
22.9751107
10
71.1429366
20
22.97176305
10
71.13165067
20
22.96865829
10
71.12031096
20
22.96578434
10
71.10893187
20
22.96312909
10
71.09752778
20
22.96068046
10
71.08611308
20
22.95842636
10
71.07430286
20
22.95630756
10
71.06246748
20
22.95438449
10
71.05061047
20
22.95264789
10
71.03873539
20
22.95108854
10
71.02684578
20
22.94969717
10
71.01494517
20
22.94846455
10
70.99112513
20
22.94643855
10
70.97335752
20
22.94516093
10
70.94240795
20
22.94322717
10
70.92655617
20
22.94246561
10
70.9128884
20
22.94208167
10
70.9074443
20
22.94208772
10
70.90323114
20
22.94225587
10
70.90047722
20
22.94260871
10
70.89971884
20
22.94286143
10
70.89941088
20
22.94316879
10
70.89941088
20
22.98085151
10
71.02974208
20
22.98085151
10
71.03761711
20
22.98092195
10
71.04547419
20
22.98116208
10
71.0533109
20
22.98157097
10
71.06112481
20
22.98214766
10
71.06891351
20
22.98289122
10
71.07667456
20
22.9838007
10
71.08440555
20
22.98487516
10
71.09210404
20
22.98611366
10
71.09976763
20
22.98751526
10
71.10739387
20
22.98907901
10
71.11498036
20
22.99080397
10
71.12252466
20
22.99268921
10
71.13002435
20
22.99473377
10
71.13747701
20
22.99693672
10
71.14488022
20
22.99929711
10
71.15223154
20
23.001814
10
71.15952857
20
23.00448645
10
71.16676887
20
23.00731351
10
71.17395002
20
23.01029425
10
71.18106959
20
23.01342773
10
71.18812517
20
23.01671299
10
71.19511433
20
23.02014909
10
71.20203465
20
23.02373511
10
71.20888369
20
23.02747008
10
71.21565905
20
23.03135308
10
71.22235829
20
23.03538315
10
71.228979
20
23.03955936
10
71.23551874
20
23.04388077
10
71.2419751
20
23.04834642
10
71.24834564
20
23.05295539
10
71.25462796
20
23.05770672
10
71.26081962
20
23.06259947
10
71.27177332
20
23.0711061
10
71.28307876
20
23.07915812
10
71.29472269
20
23.08674255
10
71.30669189
20
23.09384639
10
71.31897313
20
23.10045663
10
71.33155318
20
23.10656027
10
71.3444188
20
23.11214431
10
71.35755677
20
23.11719576
10
71.36422374
20
23.11951769
10
71.37095385
20
23.1217016
10
71.37774542
20
23.12374586
10
71.38459681
20
23.12564885
10
71.39150637
20
23.12740893
10
71.39847243
20
23.12902449
10
71.40549335
20
23.1304939
10
71.41256747
20
23.13181554
10
71.41969314
20
23.13298777
10
71.42686871
20
23.13400898
10
71.43409251
20
23.13487754
10
71.4413629
20
23.13559182
10
71.44867823
20
23.1361502
10
71.45603683
20
23.13655106
10
71.46343706
20
23.13679277
10
71.47087726
20
23.1368737
10
71.4851126
20
23.13657821
10
71.49919843
20
23.13569951
10
71.51312304
20
23.13424928
10
71.5268747
20
23.13223916
10
71.54044171
20
23.12968082
10
71.55381234
20
23.12658593
10
71.56697487
20
23.12296613
10
71.5799176
20
23.11883309
10
71.5926288
20
23.11419848
10
71.60509676
20
23.10907395
10
71.61730975
20
23.10347116
10
71.62925607
20
23.09740178
10
71.640924
20
23.09087746
10
71.65230181
20
23.08390987
10
71.6633778
20
23.07651067
10
71.67414024
20
23.06869151
10
71.68457742
20
23.06046407
10
71.69467762
20
23.05183999
10
71.70442912
20
23.04283095
10
71.71382021
20
23.0334486
10
71.72283917
20
23.0237046
10
71.73147429
20
23.01361061
10
71.73971384
20
23.0031783
10
71.74754611
20
22.99241932
10
71.75495939
20
22.98134534
10
71.76194195
20
22.96996802
10
71.76848208
20
22.95829901
10
71.77456806
20
22.94634998
10
71.78018817
20
22.93413259
10
71.78533071
20
22.92165851
10
71.78998395
20
22.90893938
97
0
75
0
76
1
98
0
0
HATCH
5
6FE
330
104
100
AcDbEntity
8
E-ANNO-TTLB
100
AcDbHatch
10
0
20
0
30
0
210
0
220
0
230
1
2
SOLID
70
1
71
0
91
1
92
2
72
0
73
1
93
141
10
71.7299825
20
22.58176004
10
71.72408197
20
22.57489074
10
71.71800266
20
22.56818301
10
71.71174829
20
22.56164056
10
71.70532256
20
22.5552671
10
71.69872917
20
22.54906633
10
71.69197184
20
22.54304195
10
71.68505427
20
22.53719767
10
71.67798016
20
22.5315372
10
71.67075322
20
22.52606424
10
71.66337717
20
22.5207825
10
71.6558557
20
22.51569568
10
71.64819252
20
22.51080748
10
71.64039134
20
22.50612161
10
71.63245587
20
22.50164178
10
71.62438981
20
22.4973717
10
71.61619686
20
22.49331506
10
71.60788075
20
22.48947557
10
71.59944516
20
22.48585694
10
71.59089381
20
22.48246287
10
71.58223041
20
22.47929706
10
71.57345866
20
22.47636323
10
71.56458226
20
22.47366508
10
71.55560493
20
22.47120631
10
71.54653037
20
22.46899062
10
71.53736229
20
22.46702173
10
71.52810439
20
22.46530334
10
71.51876039
20
22.46383915
10
71.50933398
20
22.46263287
10
71.49982887
20
22.4616882
10
71.49024877
20
22.46100885
10
71.48059739
20
22.46059852
10
71.47087844
20
22.46046092
10
71.4634517
20
22.46054139
10
71.45606316
20
22.46078168
10
71.44871451
20
22.46118015
10
71.44140743
20
22.46173514
10
71.43414359
20
22.46244499
10
71.42692469
20
22.46330807
10
71.41975239
20
22.4643227
10
71.41262839
20
22.46548725
10
71.40555436
20
22.46680005
10
71.39853198
20
22.46825945
10
71.39156294
20
22.46986381
10
71.38464891
20
22.47161146
10
71.37779158
20
22.47350075
10
71.37099263
20
22.47553004
10
71.35757659
20
22.48000197
10
71.34441423
20
22.48501402
10
71.33151901
20
22.49055298
10
71.31890438
20
22.49660561
10
71.30658378
20
22.50315869
10
71.29457066
20
22.51019899
10
71.28287847
20
22.5177133
10
71.27152067
20
22.52568839
10
71.2605107
20
22.53411102
10
71.2605107
20
22.53426803
10
71.25052691
20
22.54207838
10
71.24031677
20
22.54950899
10
71.22988757
20
22.55655993
10
71.21924664
20
22.56323123
10
71.20840129
20
22.56952295
10
71.19735883
20
22.57543512
10
71.18612657
20
22.5809678
10
71.17471184
20
22.58612104
10
71.19822429
20
22.58612104
10
71.20121567
20
22.58625777
10
71.20411032
20
22.5866607
10
71.20689907
20
22.58731893
10
71.20957278
20
22.58822155
10
71.21212229
20
22.58935767
10
71.21453845
20
22.59071638
10
71.2168121
20
22.59228677
10
71.21893409
20
22.59405796
10
71.22632098
20
22.59004383
10
71.23365121
20
22.58582124
10
71.2409266
20
22.58138668
10
71.248149
20
22.57673666
10
71.25532024
20
22.57186769
10
71.26244218
20
22.56677625
10
71.26951665
20
22.56145887
10
71.27654548
20
22.55591205
10
71.28141842
20
22.55211471
10
71.2863719
20
22.54845925
10
71.29140436
20
22.54494425
10
71.29651421
20
22.54156832
10
71.30169991
20
22.53833006
10
71.30695987
20
22.53522809
10
71.31229253
20
22.53226098
10
71.31769632
20
22.52942736
10
71.32871102
20
22.52415497
10
71.33999142
20
22.51939971
10
71.35152499
20
22.51515042
10
71.36329916
20
22.5113959
10
71.3753014
20
22.50812497
10
71.38751916
20
22.50532645
10
71.39993989
20
22.50298915
10
71.41255105
20
22.5011019
10
71.42534009
20
22.4996535
10
71.43829446
20
22.49863278
10
71.45140161
20
22.49802855
10
71.46464901
20
22.49782962
10
71.4727695
20
22.49793729
10
71.48083799
20
22.4982585
10
71.48885173
20
22.49879053
10
71.496808
20
22.49953067
10
71.50470406
20
22.50047623
10
71.51253717
20
22.50162448
10
71.52030459
20
22.50297272
10
71.52800358
20
22.50451825
10
71.53563142
20
22.50625834
10
71.54318536
20
22.5081903
10
71.55066266
20
22.51031141
10
71.55806059
20
22.51261897
10
71.56537641
20
22.51511026
10
71.57260738
20
22.51778258
10
71.57975078
20
22.52063322
10
71.58680385
20
22.52365946
10
71.59376386
20
22.52685861
10
71.60062808
20
22.53022795
10
71.60739377
20
22.53376477
10
71.6140582
20
22.53746637
10
71.62061862
20
22.54133003
10
71.62707229
20
22.54535304
10
71.63341649
20
22.5495327
10
71.63964847
20
22.5538663
10
71.6457655
20
22.55835113
10
71.65176484
20
22.56298448
10
71.65764376
20
22.56776364
10
71.66339951
20
22.5726859
10
71.66902936
20
22.57774855
10
71.67453057
20
22.58294889
10
71.67990041
20
22.58828421
10
71.68513613
20
22.59375179
10
71.6904362
20
22.59151706
10
71.69582352
20
22.58948905
10
71.70129815
20
22.58766951
10
71.70686013
20
22.58606019
10
71.71250951
20
22.58466284
10
71.71824633
20
22.5834792
10
71.72407065
20
22.58251102
97
0
75
0
76
1
98
0
0
HATCH
5
6FF
330
104
100
AcDbEntity
8
E-ANNO-TTLB
100
AcDbHatch
10
0
20
0
30
0
210
0
220
0
230
1
2
SOLID
70
1
71
0
91
1
92
2
72
0
73
1
93
34
10
71.09063422
20
23.11126868
10
71.08939526
20
23.10940388
10
71.08857701
20
23.10739019
10
71.0881733
20
23.10529066
10
71.08817798
20
23.10316836
10
71.08858487
20
23.10108636
10
71.08938782
20
23.09910772
10
71.09058066
20
23.0972955
10
71.09215723
20
23.09571278
10
71.14700915
20
23.05072117
10
71.14887137
20
23.04948532
10
71.15088328
20
23.04867046
10
71.15298185
20
23.04827032
10
71.15510407
20
23.04827866
10
71.1571869
20
23.04868922
10
71.15916735
20
23.04949575
10
71.16098238
20
23.05069198
10
71.16256898
20
23.05227166
10
71.16380664
20
23.05413646
10
71.16462392
20
23.05615021
10
71.16502693
20
23.05824988
10
71.16502179
20
23.06037246
10
71.16461461
20
23.06245493
10
71.16381151
20
23.06443427
10
71.16261862
20
23.06624746
10
71.16104204
20
23.06783148
10
71.10619012
20
23.11281916
10
71.10432807
20
23.11405501
10
71.1023166
20
23.11486988
10
71.10021866
20
23.11527001
10
71.09809717
20
23.11526167
10
71.09601505
20
23.11485111
10
71.09403524
20
23.11404459
10
71.09222065
20
23.11284836
97
0
75
0
76
1
98
0
0
HATCH
5
700
330
104
100
AcDbEntity
8
E-ANNO-TTLB
100
AcDbHatch
10
0
20
0
30
0
210
0
220
0
230
1
2
SOLID
70
1
71
0
91
1
92
2
72
0
73
1
93
34
10
71.51534759
20
23.28164484
10
71.51310912
20
23.28163901
10
71.51098065
20
23.28120079
10
71.50901105
20
23.28037029
10
71.50724924
20
23.27918761
10
71.5057441
20
23.27769288
10
71.50454453
20
23.27592619
10
71.50369944
20
23.27392767
10
71.50325771
20
23.27173742
10
71.49632566
20
23.20112942
10
71.49633202
20
23.19889502
10
71.49677173
20
23.19676996
10
71.49760456
20
23.19480323
10
71.49879025
20
23.19304382
10
71.50028855
20
23.19154072
10
71.50205921
20
23.19034292
10
71.50406199
20
23.18949941
10
71.50625663
20
23.18905917
10
71.50849525
20
23.189065
10
71.51062412
20
23.18950328
10
71.5125942
20
23.19033393
10
71.51435645
20
23.19151689
10
71.51586184
20
23.19301209
10
71.51706134
20
23.19477947
10
71.51790591
20
23.19677897
10
71.5183465
20
23.19897051
10
71.52527855
20
23.26957459
10
71.5252722
20
23.27180883
10
71.52483248
20
23.2739335
10
71.52399966
20
23.27589974
10
71.52281397
20
23.27765871
10
71.52131567
20
23.27916156
10
71.519545
20
23.28035943
10
71.51754223
20
23.28120347
97
0
75
0
76
1
98
0
0
HATCH
5
701
330
104
100
AcDbEntity
8
E-ANNO-TTLB
100
AcDbHatch
10
0
20
0
30
0
210
0
220
0
230
1
2
SOLID
70
1
71
0
91
1
92
2
72
0
73
1
93
34
10
71.89296657
20
23.02316175
10
71.89171812
20
23.0250189
10
71.8901711
20
23.0265448
10
71.88838606
20
23.02772101
10
71.88642361
20
23.02852909
10
71.88434433
20
23.02895059
10
71.88220878
20
23.02896706
10
71.88007756
20
23.02856007
10
71.87801124
20
23.02771116
10
71.81545399
20
22.99424811
10
71.81359996
20
22.99300061
10
71.81207745
20
22.99145356
10
71.81090481
20
22.98966767
10
71.81010039
20
22.98770368
10
71.80968256
20
22.9856223
10
71.80966966
20
22.98348425
10
71.81008004
20
22.98135024
10
71.81093206
20
22.979281
10
71.81218068
20
22.97742387
10
71.81372815
20
22.97589802
10
71.81551381
20
22.97472196
10
71.81747698
20
22.97391416
10
71.81955699
20
22.97349313
10
71.82169317
20
22.97347735
10
71.82382483
20
22.97388532
10
71.82589132
20
22.97473553
10
71.88844857
20
23.00819857
10
71.89030243
20
23.00944478
10
71.8918245
20
23.01099086
10
71.89299651
20
23.01277604
10
71.8938002
20
23.01473957
10
71.89421732
20
23.01682066
10
71.89422959
20
23.01895857
10
71.89381876
20
23.02109252
97
0
75
0
76
1
98
0
0
HATCH
5
702
330
104
100
AcDbEntity
8
E-ANNO-TTLB
100
AcDbHatch
10
0
20
0
30
0
210
0
220
0
230
1
2
SOLID
70
1
71
0
91
1
92
2
72
0
73
1
93
4
10
70.61753467
20
22.61654316
10
70.56003711
20
22.61654316
10
70.56003711
20
22.87653042
10
70.61753467
20
22.87653042
97
0
75
0
76
1
98
0
0
HATCH
5
703
330
104
100
AcDbEntity
8
E-ANNO-TTLB
100
AcDbHatch
10
0
20
0
30
0
210
0
220
0
230
1
2
SOLID
70
1
71
0
91
1
92
2
72
0
73
1
93
4
10
70.67152302
20
22.98052296
10
70.72902058
20
22.98052296
10
70.72902058
20
22.61654316
10
70.67152302
20
22.61654316
97
0
75
0
76
1
98
0
0
HATCH
5
704
330
104
100
AcDbEntity
8
E-ANNO-TTLB
100
AcDbHatch
10
0
20
0
30
0
210
0
220
0
230
1
2
SOLID
70
1
71
0
91
1
92
2
72
0
73
1
93
6
10
70.78300972
20
22.98052296
10
70.84550417
20
22.98052296
10
70.84550417
20
22.63754343
10
70.97749576
20
22.63754343
10
70.97749576
20
22.61654316
10
70.78300972
20
22.61654316
97
0
75
0
76
1
98
0
0
HATCH
5
705
330
104
100
AcDbEntity
8
E-ANNO-TTLB
100
AcDbHatch
10
0
20
0
30
0
210
0
220
0
230
1
2
SOLID
70
1
71
0
91
1
92
2
72
0
73
1
93
56
10
70.61753388
20
22.97552412
10
70.61556541
20
22.97213997
10
70.61123037
20
22.96410399
10
70.60891148
20
22.95933366
10
70.60688428
20
22.95459088
10
70.6054432
20
22.9502725
10
70.60503447
20
22.94839646
10
70.60488269
20
22.94677534
10
70.60501572
20
22.94515421
10
70.60541052
20
22.94327818
10
70.60683626
20
22.93895979
10
70.60886146
20
22.93421701
10
70.61118768
20
22.92944668
10
70.61554941
20
22.9214107
10
70.61753388
20
22.91802656
10
70.61414974
20
22.91999503
10
70.60611376
20
22.92433007
10
70.60134343
20
22.92664896
10
70.59660065
20
22.92867616
10
70.59228226
20
22.93011724
10
70.59040623
20
22.93052596
10
70.5887851
20
22.93067775
10
70.58716398
20
22.93054472
10
70.58528794
20
22.93014992
10
70.58096956
20
22.92872418
10
70.57622678
20
22.92669898
10
70.57145645
20
22.92437276
10
70.56342047
20
22.92001103
10
70.56003632
20
22.91802656
10
70.56200479
20
22.9214107
10
70.56633984
20
22.92944668
10
70.56865872
20
22.93421701
10
70.57068593
20
22.93895979
10
70.572127
20
22.94327818
10
70.57253573
20
22.94515421
10
70.57268751
20
22.94677534
10
70.57255449
20
22.94839646
10
70.57215969
20
22.9502725
10
70.57073395
20
22.95459088
10
70.56870875
20
22.95933366
10
70.56638253
20
22.96410399
10
70.5620208
20
22.97213997
10
70.56003632
20
22.97552412
10
70.56342047
20
22.97355565
10
70.57145645
20
22.9692206
10
70.57622678
20
22.96690172
10
70.58096956
20
22.96487451
10
70.58528794
20
22.96343344
10
70.58716398
20
22.96302471
10
70.5887851
20
22.96287293
10
70.59040623
20
22.96300595
10
70.59228226
20
22.96340075
10
70.59660065
20
22.96482649
10
70.60134343
20
22.96685169
10
70.60611376
20
22.96917791
10
70.61414974
20
22.97353964
97
0
75
0
76
1
98
0
0
HATCH
5
706
330
104
100
AcDbEntity
8
E-ANNO-TTLB
100
AcDbHatch
10
0
20
0
30
0
210
0
220
0
230
1
2
SOLID
70
1
71
0
91
1
92
2
72
0
73
1
93
4
10
71.24923846
20
22.43394288
10
71.30616685
20
22.43394288
10
71.30616685
20
22.07038308
10
71.24923846
20
22.07038308
97
0
75
0
76
1
98
0
0
HATCH
5
707
330
104
100
AcDbEntity
8
E-ANNO-TTLB
100
AcDbHatch
10
0
20
0
30
0
210
0
220
0
230
1
2
SOLID
70
1
71
0
91
2
92
2
72
0
73
1
93
92
10
71.55435745
20
22.31708051
10
71.5518648
20
22.31696579
10
71.54944456
20
22.31662504
10
71.54709893
20
22.31606338
10
71.5448301
20
22.31528594
10
71.54264027
20
22.31429782
10
71.54053163
20
22.31310416
10
71.53850638
20
22.31171007
10
71.53656671
20
22.31012067
10
71.53471483
20
22.30834108
10
71.53295291
20
22.30637642
10
71.53128317
20
22.3042318
10
71.52970779
20
22.30191236
10
71.52822896
20
22.2994232
10
71.52684889
20
22.29676945
10
71.52556977
20
22.29395623
10
71.5243938
20
22.29098865
10
71.52236005
20
22.28461092
10
71.52076522
20
22.27767721
10
71.51962687
20
22.27022848
10
71.51896255
20
22.26230568
10
71.51878983
20
22.25394978
10
71.51912626
20
22.24520173
10
71.51998941
20
22.23610248
10
71.52139684
20
22.22669299
10
71.52331099
20
22.21727722
10
71.52566113
20
22.20816154
10
71.52841507
20
22.19938838
10
71.53154063
20
22.19100014
10
71.53500563
20
22.18303924
10
71.53877786
20
22.17554808
10
71.54282515
20
22.16856908
10
71.5471153
20
22.16214464
10
71.55161613
20
22.15631719
10
71.55629545
20
22.15112913
10
71.55869199
20
22.14878813
10
71.56112107
20
22.14662287
10
71.56357869
20
22.14463868
10
71.56606081
20
22.14284083
10
71.56856341
20
22.14123465
10
71.57108247
20
22.13982542
10
71.57361396
20
22.13861845
10
71.57615386
20
22.13761904
10
71.57869815
20
22.13683249
10
71.58124281
20
22.13626411
10
71.5837838
20
22.13591919
10
71.58631711
20
22.13580304
10
71.58885541
20
22.13591919
10
71.59131845
20
22.13626411
10
71.59370411
20
22.13683249
10
71.5960103
20
22.13761904
10
71.59823492
20
22.13861845
10
71.60037585
20
22.13982542
10
71.602431
20
22.14123465
10
71.60439826
20
22.14284083
10
71.60627553
20
22.14463868
10
71.6080607
20
22.14662287
10
71.60975167
20
22.14878813
10
71.61134634
20
22.15112913
10
71.6128426
20
22.15364059
10
71.61423835
20
22.15631719
10
71.61553149
20
22.15915364
10
71.61671991
20
22.16214464
10
71.61877417
20
22.16856908
10
71.62038432
20
22.17554808
10
71.62153352
20
22.18303924
10
71.62220494
20
22.19100014
10
71.62238175
20
22.19938838
10
71.62204712
20
22.20816154
10
71.62118423
20
22.21727722
10
71.61977623
20
22.22669299
10
71.61786197
20
22.23610248
10
71.61551097
20
22.24520173
10
71.61275472
20
22.25394978
10
71.60962465
20
22.26230568
10
71.60615223
20
22.27022848
10
71.60236892
20
22.27767721
10
71.59830618
20
22.28461092
10
71.59399546
20
22.29098865
10
71.58946822
20
22.29676945
10
71.58475591
20
22.30191236
10
71.5823402
20
22.3042318
10
71.57989001
20
22.30637642
10
71.57740929
20
22.30834108
10
71.57490196
20
22.31012067
10
71.57237196
20
22.31171007
10
71.56982322
20
22.31310416
10
71.56725967
20
22.31429782
10
71.56468525
20
22.31528594
10
71.56210388
20
22.31606338
10
71.55951951
20
22.31662504
10
71.55693605
20
22.31696579
97
0
92
2
72
0
73
1
93
316
10
71.49393163
20
22.14628748
10
71.48990663
20
22.15004898
10
71.48607763
20
22.15402268
10
71.48245342
20
22.15819831
10
71.47904278
20
22.16256563
10
71.47585451
20
22.16711437
10
71.47289738
20
22.17183427
10
71.47018019
20
22.17671507
10
71.46771171
20
22.18174653
10
71.46550074
20
22.18691837
10
71.46355607
20
22.19222035
10
71.46188646
20
22.1976422
10
71.46050072
20
22.20317367
10
71.45940763
20
22.2088045
10
71.45861597
20
22.21452443
10
71.45813454
20
22.2203232
10
71.4579721
20
22.22619056
10
71.45811001
20
22.23158969
10
71.45851932
20
22.23692127
10
71.45919346
20
22.24217916
10
71.46012584
20
22.24735724
10
71.46130988
20
22.25244937
10
71.462739
20
22.25744942
10
71.46440659
20
22.26235128
10
71.4663061
20
22.26714881
10
71.46843091
20
22.27183588
10
71.47077446
20
22.27640637
10
71.47333016
20
22.28085415
10
71.47609141
20
22.28517308
10
71.47905165
20
22.28935705
10
71.48220427
20
22.29339992
10
71.4855427
20
22.29729557
10
71.48906035
20
22.30103787
10
71.49275064
20
22.30462069
10
71.49660698
20
22.3080379
10
71.50062278
20
22.31128337
10
71.50479146
20
22.31435098
10
71.50910644
20
22.31723459
10
71.51356113
20
22.31992809
10
71.51814895
20
22.32242534
10
71.5228633
20
22.32472021
10
71.52769761
20
22.32680658
10
71.53264529
20
22.32867832
10
71.53769976
20
22.3303293
10
71.54285442
20
22.33175339
10
71.5481027
20
22.33294446
10
71.55343801
20
22.33389639
10
71.55885376
20
22.33460305
10
71.56434337
20
22.33505831
10
71.56564045
20
22.34038217
10
71.5672747
20
22.3454813
10
71.56923224
20
22.3503418
10
71.57149917
20
22.3549498
10
71.57406159
20
22.35929142
10
71.57690563
20
22.36335278
10
71.58001738
20
22.36711999
10
71.58338296
20
22.37057918
10
71.58698847
20
22.37371647
10
71.59082003
20
22.37651797
10
71.59486373
20
22.3789698
10
71.59910569
20
22.38105809
10
71.60353201
20
22.38276896
10
71.60812881
20
22.38408852
10
71.61288219
20
22.3850029
10
71.61777826
20
22.3854982
10
71.62628027
20
22.38562181
10
71.63419699
20
22.38526532
10
71.64155178
20
22.38446384
10
71.648368
20
22.38325245
10
71.65466903
20
22.38166626
10
71.66047824
20
22.37974036
10
71.66581898
20
22.37750986
10
71.67071464
20
22.37500985
10
71.67071464
20
22.3315648
10
71.66882975
20
22.33554011
10
71.66656739
20
22.33939918
10
71.66395974
20
22.34311933
10
71.661039
20
22.34667788
10
71.65783737
20
22.35005216
10
71.65438703
20
22.35321949
10
71.65072019
20
22.35615719
10
71.64686903
20
22.35884258
10
71.64286576
20
22.36125299
10
71.63874255
20
22.36336574
10
71.63453162
20
22.36515814
10
71.63026514
20
22.36660753
10
71.62597532
20
22.36769122
10
71.62169435
20
22.36838654
10
71.61745443
20
22.36867081
10
71.61328774
20
22.36852135
10
71.61055418
20
22.36821628
10
71.60797059
20
22.36767498
10
71.60553477
20
22.36689523
10
71.60324453
20
22.36587485
10
71.60109767
20
22.36461164
10
71.59909199
20
22.3631034
10
71.59722531
20
22.36134794
10
71.59549541
20
22.35934306
10
71.5939001
20
22.35708656
10
71.5924372
20
22.35457624
10
71.59110449
20
22.35180992
10
71.58989979
20
22.34878539
10
71.5888209
20
22.34550046
10
71.58786562
20
22.34195293
10
71.58703176
20
22.3381406
10
71.58631711
20
22.33406128
10
71.59138299
20
22.33329267
10
71.59637031
20
22.3323013
10
71.60127369
20
22.33109265
10
71.60608771
20
22.32967222
10
71.61080699
20
22.32804548
10
71.61542614
20
22.32621793
10
71.61993975
20
22.32419505
10
71.62434244
20
22.32198233
10
71.62862881
20
22.31958525
10
71.63279346
20
22.31700931
10
71.636831
20
22.31425998
10
71.64073604
20
22.31134277
10
71.64450317
20
22.30826314
10
71.64812701
20
22.3050266
10
71.65160216
20
22.30163862
10
71.65492322
20
22.2981047
10
71.65808481
20
22.29443032
10
71.66108152
20
22.29062097
10
71.66390796
20
22.28668213
10
71.66655873
20
22.28261929
10
71.66902845
20
22.27843794
10
71.67131171
20
22.27414356
10
71.67340312
20
22.26974165
10
71.67529729
20
22.26523769
10
71.67698882
20
22.26063716
10
71.67847231
20
22.25594555
10
71.67974238
20
22.25116836
10
71.68079362
20
22.24631106
10
71.68162064
20
22.24137914
10
71.68221806
20
22.23637809
10
71.68258046
20
22.2313134
10
71.68270246
20
22.22619056
10
71.68255589
20
22.22056187
10
71.682121
20
22.2150101
10
71.68140501
20
22.20954191
10
71.68041515
20
22.20416399
10
71.67915865
20
22.19888301
10
71.67764272
20
22.19370564
10
71.67587459
20
22.18863856
10
71.67386149
20
22.18368844
10
71.67161065
20
22.17886195
10
71.66912928
20
22.17416578
10
71.66642461
20
22.16960658
10
71.66350386
20
22.16519105
10
71.66037427
20
22.16092584
10
71.65704306
20
22.15681764
10
71.65351744
20
22.15287313
10
71.64980465
20
22.14909896
10
71.64591192
20
22.14550183
10
71.64184645
20
22.1420884
10
71.63761549
20
22.13886534
10
71.63322625
20
22.13583934
10
71.62868596
20
22.13301706
10
71.62400184
20
22.13040518
10
71.61918113
20
22.12801038
10
71.61423103
20
22.12583932
10
71.60915879
20
22.12389869
10
71.60397162
20
22.12219516
10
71.59867674
20
22.12073539
10
71.59328139
20
22.11952607
10
71.58779279
20
22.11857387
10
71.58221816
20
22.11788547
10
71.57656473
20
22.11746753
10
71.57083972
20
22.11732673
10
71.56627553
20
22.11740829
10
71.56176175
20
22.11765151
10
71.55730204
20
22.1180542
10
71.55290007
20
22.11861416
10
71.54855951
20
22.11932922
10
71.54428402
20
22.12019717
10
71.54007728
20
22.12121582
10
71.53594296
20
22.12238299
10
71.53188472
20
22.12369648
10
71.52790623
20
22.12515411
10
71.52401117
20
22.12675368
10
71.52020319
20
22.128493
10
71.51648596
20
22.13036988
10
71.51286317
20
22.13238214
10
71.50933846
20
22.13452757
10
71.50591552
20
22.13680399
10
71.50399646
20
22.13481526
10
71.50236461
20
22.13260449
10
71.50102569
20
22.13018332
10
71.4999854
20
22.12756338
10
71.49924944
20
22.12475632
10
71.49882351
20
22.12177377
10
71.49871333
20
22.11862737
10
71.49892459
20
22.11532876
10
71.49938184
20
22.11283348
10
71.50009257
20
22.11049344
10
71.5010484
20
22.10830223
10
71.50224091
20
22.10625342
10
71.50366171
20
22.10434058
10
71.5053024
20
22.10255729
10
71.50715457
20
22.10089713
10
71.50920982
20
22.09935368
10
71.51145975
20
22.0979205
10
71.51389596
20
22.09659118
10
71.51651005
20
22.0953593
10
71.51929362
20
22.09421842
10
71.52533558
20
22.09218399
10
71.53195463
20
22.09043651
10
71.53908356
20
22.08892459
10
71.54665516
20
22.08759684
10
71.56285753
20
22.08528827
10
71.58002405
20
22.08309967
10
71.59761702
20
22.08061993
10
71.60640541
20
22.0791424
10
71.61509877
20
22.07743792
10
71.62362991
20
22.07545508
10
71.63193161
20
22.0731425
10
71.63993666
20
22.07044879
10
71.64757785
20
22.06732256
10
71.65124099
20
22.06558119
10
71.65478796
20
22.06371242
10
71.65821036
20
22.06170982
10
71.66149979
20
22.05956698
10
71.66464785
20
22.05727746
10
71.66764613
20
22.05483484
10
71.67048624
20
22.0522327
10
71.67315976
20
22.04946461
10
71.67565831
20
22.04652416
10
71.67797348
20
22.04340491
10
71.68009687
20
22.04010045
10
71.68202007
20
22.03660435
10
71.68373469
20
22.03291018
10
71.68523233
20
22.02901153
10
71.68650457
20
22.02490196
10
71.68754303
20
22.02057506
10
71.6883393
20
22.0160244
10
71.68888498
20
22.01124355
10
71.68917166
20
22.0062261
10
71.68919095
20
22.00096562
10
71.68883325
20
21.99322352
10
71.68810672
20
21.9857503
10
71.68697042
20
21.97858112
10
71.68538343
20
21.9717512
10
71.68440812
20
21.96847445
10
71.68330479
20
21.96529571
10
71.68206831
20
21.96221938
10
71.68069357
20
21.95924985
10
71.67917545
20
21.95639152
10
71.67750883
20
21.95364879
10
71.6756886
20
21.95102607
10
71.67370963
20
21.94852775
10
71.67244993
20
21.95408567
10
71.67096963
20
21.95934187
10
71.66927638
20
21.96430553
10
71.66737782
20
21.96898582
10
71.66528161
20
21.97339193
10
71.66299539
20
21.97753303
10
71.66052681
20
21.98141831
10
71.65788351
20
21.98505693
10
71.65507314
20
21.98845808
10
71.65210335
20
21.99163094
10
71.64898179
20
21.99458468
10
71.64571609
20
21.99732849
10
71.64231391
20
21.99987153
10
71.6387829
20
22.002223
10
71.6351307
20
22.00439206
10
71.63136496
20
22.00638791
10
71.62749332
20
22.0082197
10
71.62352344
20
22.00989663
10
71.61946295
20
22.01142787
10
71.61531951
20
22.0128226
10
71.60681435
20
22.01523923
10
71.59806913
20
22.01721997
10
71.58914503
20
22.01883823
10
71.58010322
20
22.02016745
10
71.57100487
20
22.02128104
10
71.56191117
20
22.02225243
10
71.54398237
20
22.02406234
10
71.53526963
20
22.02504771
10
71.52680623
20
22.02618458
10
71.51865333
20
22.0275464
10
71.51087212
20
22.02920658
10
71.50352377
20
22.03123855
10
71.50003104
20
22.0324169
10
71.49666945
20
22.03371573
10
71.49344667
20
22.03514423
10
71.49037034
20
22.03671156
10
71.48744811
20
22.03842691
10
71.48468761
20
22.04029946
10
71.48209651
20
22.04233838
10
71.47968244
20
22.04455286
10
71.47745305
20
22.04695206
10
71.475416
20
22.04954518
10
71.47357892
20
22.05234138
10
71.47194946
20
22.05534984
10
71.47053527
20
22.05857976
10
71.469344
20
22.06204029
10
71.46838329
20
22.06574062
10
71.46766079
20
22.06968994
10
71.46718414
20
22.07389741
10
71.466961
20
22.07837221
10
71.46692951
20
22.08400649
10
71.46719867
20
22.08948283
10
71.46775311
20
22.09479538
10
71.46857749
20
22.09993828
10
71.46965642
20
22.10490566
10
71.47097455
20
22.10969168
10
71.47251651
20
22.11429047
10
71.47426694
20
22.11869617
10
71.47621048
20
22.12290292
10
71.47833175
20
22.12690486
10
71.48061541
20
22.13069614
10
71.48304608
20
22.1342709
10
71.4856084
20
22.13762326
10
71.48828701
20
22.14074739
10
71.49106654
20
22.14363741
97
0
75
0
76
1
98
0
0
HATCH
5
708
330
104
100
AcDbEntity
8
E-ANNO-TTLB
100
AcDbHatch
10
0
20
0
30
0
210
0
220
0
230
1
2
SOLID
70
1
71
0
91
1
92
2
72
0
73
1
93
89
10
71.78207534
20
22.43394092
10
71.78207534
20
22.30309943
10
71.78522946
20
22.30691521
10
71.78850856
20
22.31049531
10
71.791909
20
22.31383828
10
71.79542713
20
22.31694268
10
71.79905932
20
22.31980705
10
71.80280192
20
22.32242995
10
71.8066513
20
22.32480993
10
71.81060381
20
22.32694553
10
71.81465582
20
22.32883531
10
71.81880369
20
22.33047782
10
71.82304378
20
22.33187162
10
71.82737244
20
22.33301524
10
71.83178604
20
22.33390725
10
71.83628094
20
22.3345462
10
71.8408535
20
22.33493063
10
71.84550008
20
22.33505909
10
71.84999418
20
22.33493685
10
71.85439161
20
22.33457274
10
71.85868935
20
22.3339707
10
71.86288438
20
22.33313465
10
71.8669737
20
22.33206854
10
71.87095428
20
22.33077629
10
71.8748231
20
22.32926183
10
71.87857716
20
22.32752911
10
71.88221342
20
22.32558204
10
71.88572888
20
22.32342457
10
71.88912053
20
22.32106062
10
71.89238533
20
22.31849412
10
71.89552028
20
22.31572902
10
71.89852236
20
22.31276924
10
71.90138856
20
22.30961871
10
71.90411585
20
22.30628136
10
71.90670122
20
22.30276114
10
71.90914166
20
22.29906196
10
71.91143414
20
22.29518777
10
71.91357565
20
22.29114249
10
71.91556318
20
22.28693005
10
71.91739371
20
22.2825544
10
71.91906421
20
22.27801946
10
71.92057168
20
22.27332916
10
71.9219131
20
22.26848743
10
71.92308545
20
22.26349822
10
71.92408571
20
22.25836544
10
71.92491088
20
22.25309304
10
71.92555792
20
22.24768494
10
71.92602383
20
22.24214508
10
71.92630559
20
22.23647738
10
71.92640018
20
22.23068579
10
71.92640018
20
22.07038112
10
71.86947179
20
22.07038112
10
71.86947179
20
22.25565845
10
71.86933776
20
22.26328876
10
71.86893812
20
22.27044812
10
71.86827653
20
22.2771336
10
71.86735667
20
22.28334225
10
71.8661822
20
22.28907112
10
71.8647568
20
22.29431728
10
71.86308412
20
22.29907778
10
71.86116785
20
22.30334967
10
71.85901164
20
22.30713001
10
71.85661916
20
22.31041585
10
71.85399409
20
22.31320426
10
71.8511401
20
22.31549229
10
71.84806084
20
22.31727699
10
71.84475999
20
22.31855542
10
71.84124122
20
22.31932464
10
71.8375082
20
22.3195817
10
71.83534483
20
22.31950207
10
71.8331654
20
22.31926662
10
71.82877591
20
22.31834871
10
71.82437483
20
22.31686894
10
71.81999726
20
22.31486829
10
71.81567829
20
22.31238772
10
71.81145302
20
22.30946822
10
71.80735655
20
22.30615075
10
71.80342398
20
22.30247629
10
71.7996904
20
22.29848582
10
71.7961909
20
22.2942203
10
71.7929606
20
22.28972071
10
71.79003459
20
22.28502804
10
71.78744796
20
22.28018324
10
71.78523581
20
22.27522729
10
71.78343323
20
22.27020117
10
71.78207534
20
22.26514586
10
71.78207534
20
22.07038112
10
71.72514695
20
22.07038112
10
71.72514695
20
22.43394092
97
0
75
0
76
1
98
0
0
HATCH
5
709
330
104
100
AcDbEntity
8
E-ANNO-TTLB
100
AcDbHatch
10
0
20
0
30
0
210
0
220
0
230
1
2
SOLID
70
1
71
0
91
1
92
2
72
0
73
1
93
82
10
72.06672908
20
22.08136878
10
72.06672908
20
22.07187744
10
72.06273314
20
22.07187744
10
72.05813555
20
22.07196641
10
72.05361559
20
22.07223217
10
72.04917773
20
22.07267297
10
72.04482645
20
22.07328707
10
72.04056623
20
22.07407274
10
72.03640156
20
22.07502822
10
72.03233692
20
22.0761518
10
72.02837678
20
22.07744171
10
72.02452564
20
22.07889623
10
72.02078797
20
22.08051362
10
72.01716825
20
22.08229212
10
72.01367096
20
22.08423001
10
72.01030059
20
22.08632554
10
72.00706162
20
22.08857697
10
72.00395852
20
22.09098257
10
72.00099578
20
22.09354059
10
71.99817789
20
22.09624929
10
71.99550931
20
22.09910694
10
71.99299454
20
22.10211179
10
71.99063805
20
22.10526209
10
71.98844433
20
22.10855613
10
71.98641786
20
22.11199214
10
71.98456312
20
22.1155684
10
71.98288458
20
22.11928316
10
71.98138674
20
22.12313468
10
71.98007407
20
22.12712122
10
71.97895106
20
22.13124104
10
71.97802218
20
22.13549241
10
71.97729191
20
22.13987358
10
71.97676475
20
22.14438281
10
71.97644516
20
22.14901836
10
71.97633764
20
22.15377849
10
71.97633764
20
22.31358857
10
71.95236986
20
22.31358857
10
71.95236986
20
22.33006691
10
71.97633764
20
22.33006691
10
71.97633764
20
22.37101548
10
71.98100827
20
22.37172001
10
71.98563202
20
22.37288328
10
71.99017378
20
22.37448405
10
71.99459843
20
22.37650112
10
71.99887087
20
22.37891326
10
72.00295599
20
22.38169923
10
72.00681867
20
22.38483783
10
72.01042382
20
22.38830782
10
72.01373632
20
22.39208799
10
72.01672107
20
22.39615711
10
72.01934294
20
22.40049396
10
72.02156685
20
22.40507731
10
72.02335766
20
22.40988595
10
72.02468029
20
22.41489864
10
72.02549961
20
22.42009417
10
72.02578052
20
22.42545131
10
72.03326996
20
22.42545131
10
72.03326996
20
22.33006691
10
72.0732215
20
22.33006691
10
72.0732215
20
22.31358857
10
72.03326996
20
22.31358857
10
72.03326996
20
22.14828702
10
72.03341726
20
22.13898024
10
72.03366173
20
22.13380971
10
72.03407372
20
22.12842122
10
72.03469347
20
22.12290983
10
72.03556121
20
22.11737064
10
72.03671717
20
22.11189874
10
72.03820159
20
22.10658922
10
72.04005469
20
22.10153715
10
72.0423167
20
22.09683762
10
72.04361363
20
22.09464978
10
72.04502787
20
22.09258573
10
72.04656446
20
22.09065736
10
72.04822842
20
22.08887656
10
72.05002478
20
22.0872552
10
72.05195858
20
22.08580519
10
72.05403484
20
22.08453839
10
72.05625859
20
22.08346671
10
72.05863486
20
22.08260202
10
72.06116868
20
22.08195621
10
72.06386507
20
22.08154117
97
0
75
0
76
1
98
0
0
HATCH
5
70A
330
104
100
AcDbEntity
8
E-ANNO-TTLB
100
AcDbHatch
10
0
20
0
30
0
210
0
220
0
230
1
2
SOLID
70
1
71
0
91
1
92
2
72
0
73
1
93
104
10
72.22752637
20
22.3300677
10
72.2322006
20
22.32994589
10
72.23666332
20
22.32958484
10
72.2409021
20
22.32899116
10
72.24490452
20
22.32817142
10
72.24865815
20
22.32713222
10
72.25215057
20
22.32588014
10
72.25536935
20
22.32442178
10
72.25830207
20
22.32276373
10
72.26093629
20
22.32091257
10
72.2632596
20
22.31887489
10
72.26525957
20
22.31665729
10
72.26692377
20
22.31426635
10
72.26823978
20
22.31170866
10
72.26919517
20
22.30899081
10
72.26977751
20
22.3061194
10
72.26997439
20
22.303101
10
72.27312852
20
22.30691613
10
72.27640762
20
22.31049575
10
72.27980805
20
22.31383839
10
72.28332618
20
22.31694259
10
72.28695837
20
22.31980688
10
72.29070097
20
22.32242979
10
72.29455035
20
22.32480987
10
72.29850286
20
22.32694563
10
72.30255487
20
22.32883561
10
72.30670274
20
22.33047836
10
72.31094283
20
22.3318724
10
72.31527149
20
22.33301626
10
72.31968509
20
22.33390849
10
72.32417999
20
22.33454761
10
72.32875255
20
22.33493215
10
72.33339913
20
22.33506066
10
72.33789323
20
22.33493842
10
72.34229066
20
22.33457431
10
72.3465884
20
22.33397226
10
72.35078344
20
22.33313621
10
72.35487275
20
22.33207009
10
72.35885333
20
22.33077783
10
72.36272215
20
22.32926336
10
72.36647621
20
22.32753062
10
72.37011247
20
22.32558352
10
72.37362794
20
22.32342602
10
72.37701958
20
22.32106203
10
72.38028438
20
22.31849549
10
72.38341933
20
22.31573033
10
72.38642142
20
22.31277048
10
72.38928761
20
22.30961987
10
72.3920149
20
22.30628244
10
72.39460027
20
22.30276212
10
72.39704071
20
22.29906283
10
72.39933319
20
22.29518851
10
72.40147471
20
22.2911431
10
72.40346223
20
22.28693051
10
72.40529276
20
22.28255469
10
72.40696326
20
22.27801957
10
72.40847074
20
22.27332907
10
72.40981215
20
22.26848713
10
72.4109845
20
22.26349768
10
72.41198477
20
22.25836465
10
72.41280993
20
22.25309198
10
72.41345697
20
22.24768359
10
72.41392288
20
22.24214341
10
72.41420464
20
22.23647538
10
72.41429923
20
22.23068344
10
72.41429923
20
22.07037877
10
72.35737084
20
22.07037877
10
72.35737084
20
22.25416056
10
72.35723681
20
22.26161528
10
72.35683717
20
22.2686208
10
72.35617558
20
22.27517274
10
72.35525572
20
22.28126673
10
72.35408126
20
22.28689838
10
72.35265585
20
22.2920633
10
72.35098318
20
22.29675712
10
72.3490669
20
22.30097546
10
72.34691069
20
22.30471393
10
72.34451822
20
22.30796815
10
72.34189315
20
22.31073375
10
72.33903915
20
22.31300633
10
72.33595989
20
22.31478152
10
72.33265904
20
22.31605494
10
72.32914027
20
22.31682221
10
72.32540725
20
22.31707894
10
72.32324423
20
22.31700075
10
72.3210651
20
22.3167695
10
72.31667609
20
22.31586755
10
72.31227534
20
22.31441258
10
72.30789797
20
22.3124441
10
72.30357908
20
22.31000161
10
72.2993538
20
22.30712464
10
72.29525723
20
22.30385268
10
72.2913245
20
22.30022524
10
72.28759072
20
22.29628183
10
72.28409099
20
22.29206196
10
72.28086045
20
22.28760513
10
72.27793419
20
22.28295086
10
72.27534734
20
22.27813865
10
72.27313502
20
22.27320801
10
72.27133233
20
22.26819844
10
72.26997439
20
22.26314946
10
72.26997439
20
22.07037877
10
72.213046
20
22.07037877
10
72.213046
20
22.3300677
97
0
75
0
76
1
98
0
0
HATCH
5
70B
330
104
100
AcDbEntity
8
E-ANNO-TTLB
100
AcDbHatch
10
0
20
0
30
0
210
0
220
0
230
1
2
SOLID
70
1
71
0
91
2
92
2
72
0
73
1
93
92
10
72.55262977
20
22.31708051
10
72.55013711
20
22.31696579
10
72.54771687
20
22.31662504
10
72.54537124
20
22.31606338
10
72.54310241
20
22.31528594
10
72.54091258
20
22.31429782
10
72.53880395
20
22.31310416
10
72.5367787
20
22.31171007
10
72.53483903
20
22.31012067
10
72.53298714
20
22.30834108
10
72.53122523
20
22.30637642
10
72.52955549
20
22.3042318
10
72.5279801
20
22.30191236
10
72.52650128
20
22.2994232
10
72.52512121
20
22.29676945
10
72.52384209
20
22.29395623
10
72.52266611
20
22.29098865
10
72.52063237
20
22.28461092
10
72.51903754
20
22.27767721
10
72.51789919
20
22.27022848
10
72.51723487
20
22.26230568
10
72.51706215
20
22.25394978
10
72.51739858
20
22.24520173
10
72.51826173
20
22.23610248
10
72.51966916
20
22.22669299
10
72.5215833
20
22.21727722
10
72.52393344
20
22.20816154
10
72.52668739
20
22.19938838
10
72.52981295
20
22.19100014
10
72.53327794
20
22.18303924
10
72.53705018
20
22.17554808
10
72.54109747
20
22.16856908
10
72.54538762
20
22.16214464
10
72.54988845
20
22.15631719
10
72.55456777
20
22.15112913
10
72.5569643
20
22.14878813
10
72.55939339
20
22.14662287
10
72.561851
20
22.14463868
10
72.56433312
20
22.14284083
10
72.56683572
20
22.14123465
10
72.56935478
20
22.13982542
10
72.57188628
20
22.13861845
10
72.57442618
20
22.13761904
10
72.57697047
20
22.13683249
10
72.57951512
20
22.13626411
10
72.58205612
20
22.13591919
10
72.58458943
20
22.13580304
10
72.58712773
20
22.13591919
10
72.58959076
20
22.13626411
10
72.59197643
20
22.13683249
10
72.59428262
20
22.13761904
10
72.59650723
20
22.13861845
10
72.59864817
20
22.13982542
10
72.60070331
20
22.14123465
10
72.60267057
20
22.14284083
10
72.60454784
20
22.14463868
10
72.60633302
20
22.14662287
10
72.60802399
20
22.14878813
10
72.60961866
20
22.15112913
10
72.61111492
20
22.15364059
10
72.61251067
20
22.15631719
10
72.61380381
20
22.15915364
10
72.61499223
20
22.16214464
10
72.61704649
20
22.16856908
10
72.61865664
20
22.17554808
10
72.61980584
20
22.18303924
10
72.62047726
20
22.19100014
10
72.62065407
20
22.19938838
10
72.62031944
20
22.20816154
10
72.61945654
20
22.21727722
10
72.61804855
20
22.22669299
10
72.61613428
20
22.23610248
10
72.61378329
20
22.24520173
10
72.61102703
20
22.25394978
10
72.60789697
20
22.26230568
10
72.60442455
20
22.27022848
10
72.60064124
20
22.27767721
10
72.5965785
20
22.28461092
10
72.59226778
20
22.29098865
10
72.58774053
20
22.29676945
10
72.58302823
20
22.30191236
10
72.58061251
20
22.3042318
10
72.57816233
20
22.30637642
10
72.5756816
20
22.30834108
10
72.57317427
20
22.31012067
10
72.57064427
20
22.31171007
10
72.56809553
20
22.31310416
10
72.56553199
20
22.31429782
10
72.56295757
20
22.31528594
10
72.5603762
20
22.31606338
10
72.55779182
20
22.31662504
10
72.55520837
20
22.31696579
97
0
92
2
72
0
73
1
93
316
10
72.49220395
20
22.14628748
10
72.48817894
20
22.15004898
10
72.48434994
20
22.15402268
10
72.48072573
20
22.15819831
10
72.4773151
20
22.16256563
10
72.47412683
20
22.16711437
10
72.4711697
20
22.17183427
10
72.46845251
20
22.17671507
10
72.46598403
20
22.18174653
10
72.46377306
20
22.18691837
10
72.46182838
20
22.19222035
10
72.46015878
20
22.1976422
10
72.45877304
20
22.20317367
10
72.45767995
20
22.2088045
10
72.45688829
20
22.21452443
10
72.45640685
20
22.2203232
10
72.45624442
20
22.22619056
10
72.45638232
20
22.23158969
10
72.45679164
20
22.23692127
10
72.45746578
20
22.24217916
10
72.45839816
20
22.24735724
10
72.4595822
20
22.25244937
10
72.46101131
20
22.25744942
10
72.46267891
20
22.26235128
10
72.46457841
20
22.26714881
10
72.46670323
20
22.27183588
10
72.46904678
20
22.27640637
10
72.47160247
20
22.28085415
10
72.47436373
20
22.28517308
10
72.47732396
20
22.28935705
10
72.48047659
20
22.29339992
10
72.48381502
20
22.29729557
10
72.48733267
20
22.30103787
10
72.49102296
20
22.30462069
10
72.49487929
20
22.3080379
10
72.4988951
20
22.31128337
10
72.50306378
20
22.31435098
10
72.50737876
20
22.31723459
10
72.51183345
20
22.31992809
10
72.51642127
20
22.32242534
10
72.52113562
20
22.32472021
10
72.52596993
20
22.32680658
10
72.53091761
20
22.32867832
10
72.53597207
20
22.3303293
10
72.54112674
20
22.33175339
10
72.54637502
20
22.33294446
10
72.55171033
20
22.33389639
10
72.55712608
20
22.33460305
10
72.56261569
20
22.33505831
10
72.56391277
20
22.34038217
10
72.56554702
20
22.3454813
10
72.56750455
20
22.3503418
10
72.56977148
20
22.3549498
10
72.57233391
20
22.35929142
10
72.57517795
20
22.36335278
10
72.5782897
20
22.36711999
10
72.58165528
20
22.37057918
10
72.58526079
20
22.37371647
10
72.58909234
20
22.37651797
10
72.59313604
20
22.3789698
10
72.597378
20
22.38105809
10
72.60180433
20
22.38276896
10
72.60640113
20
22.38408852
10
72.61115451
20
22.3850029
10
72.61605058
20
22.3854982
10
72.62455259
20
22.38562181
10
72.63246931
20
22.38526532
10
72.63982409
20
22.38446384
10
72.64664032
20
22.38325245
10
72.65294135
20
22.38166626
10
72.65875055
20
22.37974036
10
72.6640913
20
22.37750986
10
72.66898696
20
22.37500985
10
72.66898696
20
22.3315648
10
72.66710207
20
22.33554011
10
72.6648397
20
22.33939918
10
72.66223206
20
22.34311933
10
72.65931132
20
22.34667788
10
72.65610968
20
22.35005216
10
72.65265935
20
22.35321949
10
72.64899251
20
22.35615719
10
72.64514135
20
22.35884258
10
72.64113807
20
22.36125299
10
72.63701487
20
22.36336574
10
72.63280393
20
22.36515814
10
72.62853746
20
22.36660753
10
72.62424764
20
22.36769122
10
72.61996667
20
22.36838654
10
72.61572674
20
22.36867081
10
72.61156005
20
22.36852135
10
72.6088265
20
22.36821628
10
72.60624291
20
22.36767498
10
72.60380709
20
22.36689523
10
72.60151685
20
22.36587485
10
72.59936999
20
22.36461164
10
72.59736431
20
22.3631034
10
72.59549762
20
22.36134794
10
72.59376772
20
22.35934306
10
72.59217242
20
22.35708656
10
72.59070951
20
22.35457624
10
72.58937681
20
22.35180992
10
72.58817211
20
22.34878539
10
72.58709322
20
22.34550046
10
72.58613794
20
22.34195293
10
72.58530407
20
22.3381406
10
72.58458943
20
22.33406128
10
72.58965531
20
22.33329267
10
72.59464263
20
22.3323013
10
72.599546
20
22.33109265
10
72.60436003
20
22.32967222
10
72.60907931
20
22.32804548
10
72.61369845
20
22.32621793
10
72.61821207
20
22.32419505
10
72.62261476
20
22.32198233
10
72.62690113
20
22.31958525
10
72.63106578
20
22.31700931
10
72.63510332
20
22.31425998
10
72.63900835
20
22.31134277
10
72.64277549
20
22.30826314
10
72.64639933
20
22.3050266
10
72.64987448
20
22.30163862
10
72.65319554
20
22.2981047
10
72.65635713
20
22.29443032
10
72.65935383
20
22.29062097
10
72.66218027
20
22.28668213
10
72.66483105
20
22.28261929
10
72.66730076
20
22.27843794
10
72.66958403
20
22.27414356
10
72.67167544
20
22.26974165
10
72.6735696
20
22.26523769
10
72.67526113
20
22.26063716
10
72.67674463
20
22.25594555
10
72.67801469
20
22.25116836
10
72.67906594
20
22.24631106
10
72.67989296
20
22.24137914
10
72.68049037
20
22.23637809
10
72.68085278
20
22.2313134
10
72.68097478
20
22.22619056
10
72.68082821
20
22.22056187
10
72.68039332
20
22.2150101
10
72.67967733
20
22.20954191
10
72.67868746
20
22.20416399
10
72.67743095
20
22.19888301
10
72.67591501
20
22.19370564
10
72.67414687
20
22.18863856
10
72.67213375
20
22.18368844
10
72.66988288
20
22.17886195
10
72.66740147
20
22.17416578
10
72.66469676
20
22.16960658
10
72.66177597
20
22.16519105
10
72.65864633
20
22.16092584
10
72.65531505
20
22.15681764
10
72.65178936
20
22.15287313
10
72.64807648
20
22.14909896
10
72.64418364
20
22.14550183
10
72.64011807
20
22.1420884
10
72.63588698
20
22.13886534
10
72.63149761
20
22.13583934
10
72.62695717
20
22.13301706
10
72.62227288
20
22.13040518
10
72.61745199
20
22.12801038
10
72.61250169
20
22.12583932
10
72.60742923
20
22.12389869
10
72.60224183
20
22.12219516
10
72.5969467
20
22.12073539
10
72.59155108
20
22.11952607
10
72.58606219
20
22.11857387
10
72.58048724
20
22.11788547
10
72.57483348
20
22.11746753
10
72.56910811
20
22.11732673
10
72.56454461
20
22.11740829
10
72.56003143
20
22.11765151
10
72.55557225
20
22.1180542
10
72.55117073
20
22.11861416
10
72.54683055
20
22.11932922
10
72.54255538
20
22.12019717
10
72.5383489
20
22.12121582
10
72.53421479
20
22.12238299
10
72.53015671
20
22.12369648
10
72.52617834
20
22.12515411
10
72.52228336
20
22.12675368
10
72.51847544
20
22.128493
10
72.51475826
20
22.13036988
10
72.51113548
20
22.13238214
10
72.50761078
20
22.13452757
10
72.50418784
20
22.13680399
10
72.50226877
20
22.13481526
10
72.50063693
20
22.13260449
10
72.49929801
20
22.13018332
10
72.49825772
20
22.12756338
10
72.49752176
20
22.12475632
10
72.49709583
20
22.12177377
10
72.49698565
20
22.11862737
10
72.49719691
20
22.11532876
10
72.49765415
20
22.11283348
10
72.49836489
20
22.11049344
10
72.49932072
20
22.10830223
10
72.50051323
20
22.10625342
10
72.50193403
20
22.10434058
10
72.50357471
20
22.10255729
10
72.50542688
20
22.10089713
10
72.50748213
20
22.09935368
10
72.50973207
20
22.0979205
10
72.51216828
20
22.09659118
10
72.51478237
20
22.0953593
10
72.51756593
20
22.09421842
10
72.52360789
20
22.09218399
10
72.53022695
20
22.09043651
10
72.53735588
20
22.08892459
10
72.54492748
20
22.08759684
10
72.56112985
20
22.08528827
10
72.57829636
20
22.08309967
10
72.59588934
20
22.08061993
10
72.60467772
20
22.0791424
10
72.61337109
20
22.07743792
10
72.62190223
20
22.07545508
10
72.63020393
20
22.0731425
10
72.63820898
20
22.07044879
10
72.64585016
20
22.06732256
10
72.6495133
20
22.06558119
10
72.65306028
20
22.06371242
10
72.65648268
20
22.06170982
10
72.65977211
20
22.05956698
10
72.66292017
20
22.05727746
10
72.66591845
20
22.05483484
10
72.66875855
20
22.0522327
10
72.67143208
20
22.04946461
10
72.67393063
20
22.04652416
10
72.6762458
20
22.04340491
10
72.67836919
20
22.04010045
10
72.68029239
20
22.03660435
10
72.68200701
20
22.03291018
10
72.68350464
20
22.02901153
10
72.68477689
20
22.02490196
10
72.68581535
20
22.02057506
10
72.68661162
20
22.0160244
10
72.68715729
20
22.01124355
10
72.68744398
20
22.0062261
10
72.68746327
20
22.00096562
10
72.68710556
20
21.99322352
10
72.68637903
20
21.9857503
10
72.68524274
20
21.97858112
10
72.68365574
20
21.9717512
10
72.68268044
20
21.96847445
10
72.68157711
20
21.96529571
10
72.68034063
20
21.96221938
10
72.67896589
20
21.95924985
10
72.67744777
20
21.95639152
10
72.67578115
20
21.95364879
10
72.67396092
20
21.95102607
10
72.67198195
20
21.94852775
10
72.67072207
20
21.95408567
10
72.6692416
20
21.95934187
10
72.66754819
20
21.96430553
10
72.66564949
20
21.96898582
10
72.66355315
20
21.97339193
10
72.6612668
20
21.97753303
10
72.6587981
20
21.98141831
10
72.6561547
20
21.98505693
10
72.65334424
20
21.98845808
10
72.65037436
20
21.99163094
10
72.64725271
20
21.99458468
10
72.64398695
20
21.99732849
10
72.64058471
20
21.99987153
10
72.63705365
20
22.002223
10
72.6334014
20
22.00439206
10
72.62963562
20
22.00638791
10
72.62576395
20
22.0082197
10
72.62179404
20
22.00989663
10
72.61773354
20
22.01142787
10
72.61359008
20
22.0128226
10
72.60508492
20
22.01523923
10
72.59633972
20
22.01721997
10
72.58741566
20
22.01883823
10
72.5783739
20
22.02016745
10
72.56927563
20
22.02128104
10
72.56018201
20
22.02225243
10
72.54225342
20
22.02406234
10
72.5335408
20
22.02504771
10
72.52507751
20
22.02618458
10
72.51692474
20
22.0275464
10
72.50914365
20
22.02920658
10
72.50179542
20
22.03123855
10
72.49830274
20
22.0324169
10
72.49494122
20
22.03371573
10
72.4917185
20
22.03514423
10
72.48864222
20
22.03671156
10
72.48572004
20
22.03842691
10
72.48295959
20
22.04029946
10
72.48036854
20
22.04233838
10
72.47795451
20
22.04455286
10
72.47572517
20
22.04695206
10
72.47368815
20
22.04954518
10
72.47185111
20
22.05234138
10
72.47022168
20
22.05534984
10
72.46880752
20
22.05857976
10
72.46761627
20
22.06204029
10
72.46665558
20
22.06574062
10
72.46593309
20
22.06968994
10
72.46545646
20
22.07389741
10
72.46523332
20
22.07837221
10
72.46520183
20
22.08400649
10
72.46547098
20
22.08948283
10
72.46602543
20
22.09479538
10
72.4668498
20
22.09993828
10
72.46792873
20
22.10490566
10
72.46924686
20
22.10969168
10
72.47078882
20
22.11429047
10
72.47253926
20
22.11869617
10
72.47448279
20
22.12290292
10
72.47660407
20
22.12690486
10
72.47888773
20
22.13069614
10
72.4813184
20
22.1342709
10
72.48388072
20
22.13762326
10
72.48655933
20
22.14074739
10
72.48933886
20
22.14363741
97
0
75
0
76
1
98
0
0
HATCH
5
70C
330
104
100
AcDbEntity
8
E-ANNO-TTLB
100
AcDbHatch
10
0
20
0
30
0
210
0
220
0
230
1
2
SOLID
70
1
71
0
91
1
92
2
72
0
73
1
93
88
10
71.19822429
20
22.87714629
10
71.19822429
20
22.61741418
10
71.14139011
20
22.61741418
10
71.14139011
20
22.64435733
10
71.13742189
20
22.63963344
10
71.13323435
20
22.63530514
10
71.1288422
20
22.63141475
10
71.12426017
20
22.6280046
10
71.11925505
20
22.62448697
10
71.11405633
20
22.62141117
10
71.10867499
20
22.61878073
10
71.10312202
20
22.6165992
10
71.09740843
20
22.61487012
10
71.09154519
20
22.61359703
10
71.08554332
20
22.61278348
10
71.0794138
20
22.612433
10
71.07785939
20
22.612433
10
71.0731039
20
22.61257688
10
71.06843674
20
22.61299824
10
71.06388734
20
22.61368161
10
71.05948513
20
22.61461153
10
71.05562375
20
22.61570663
10
71.05186462
20
22.61700234
10
71.04820771
20
22.61849501
10
71.04465296
20
22.62018102
10
71.04120032
20
22.62205673
10
71.03784976
20
22.62411851
10
71.03460123
20
22.62636272
10
71.03145468
20
22.62878573
10
71.02752726
20
22.6322695
10
71.02380688
20
22.63605918
10
71.02029993
20
22.64014679
10
71.01701282
20
22.64452434
10
71.01395194
20
22.64918384
10
71.01112367
20
22.65411731
10
71.00853442
20
22.65931676
10
71.00619057
20
22.66477421
10
71.00409852
20
22.67048166
10
71.00226467
20
22.67643113
10
71.00069541
20
22.68261463
10
70.99939713
20
22.68902418
10
70.99837623
20
22.69565179
10
70.99763909
20
22.70248948
10
70.99719213
20
22.70952925
10
70.99704172
20
22.71676312
10
70.99704172
20
22.87714629
10
71.05387983
20
22.87714629
10
71.05387983
20
22.69184934
10
71.05409021
20
22.68250001
10
71.05471652
20
22.67384817
10
71.0557515
20
22.66590463
10
71.05718786
20
22.6586802
10
71.05901834
20
22.65218569
10
71.06007911
20
22.64921553
10
71.06123569
20
22.64643191
10
71.06248716
20
22.64383617
10
71.06383261
20
22.64142966
10
71.06527115
20
22.63921374
10
71.06680186
20
22.63718976
10
71.06879438
20
22.63500111
10
71.07091832
20
22.63310428
10
71.07317372
20
22.63149927
10
71.07556064
20
22.63018608
10
71.07807912
20
22.6291647
10
71.0807292
20
22.62843515
10
71.08351093
20
22.62799742
10
71.08642436
20
22.62785151
10
71.09055964
20
22.62813824
10
71.09475381
20
22.62897954
10
71.09894797
20
22.63034707
10
71.10308326
20
22.6322125
10
71.10639241
20
22.63398642
10
71.10965306
20
22.63602675
10
71.11284946
20
22.63831524
10
71.11596586
20
22.64083365
10
71.11898651
20
22.64356376
10
71.12189567
20
22.64648732
10
71.12467758
20
22.64958609
10
71.12731649
20
22.65284183
10
71.12979666
20
22.65623631
10
71.13210234
20
22.65975128
10
71.13421778
20
22.66336851
10
71.13612722
20
22.66706976
10
71.13781492
20
22.67083679
10
71.13926514
20
22.67465135
10
71.14046212
20
22.67849522
10
71.14139011
20
22.68235016
10
71.14139011
20
22.87714629
97
0
75
0
76
1
98
0
0
HATCH
5
70D
330
104
100
AcDbEntity
8
E-ANNO-TTLB
100
AcDbHatch
10
0
20
0
30
0
210
0
220
0
230
1
2
SOLID
70
1
71
0
91
1
92
2
72
0
73
1
93
104
10
71.88742643
20
22.87707525
10
71.89210066
20
22.87695343
10
71.89656338
20
22.87659239
10
71.90080216
20
22.87599871
10
71.90480458
20
22.87517897
10
71.90855821
20
22.87413977
10
71.91205063
20
22.87288769
10
71.91526941
20
22.87142933
10
71.91820212
20
22.86977128
10
71.92083635
20
22.86792011
10
71.92315966
20
22.86588244
10
71.92515963
20
22.86366483
10
71.92682383
20
22.86127389
10
71.92813983
20
22.85871621
10
71.92909522
20
22.85599836
10
71.92967757
20
22.85312694
10
71.92987445
20
22.85010855
10
71.93302857
20
22.85392368
10
71.93630767
20
22.8575033
10
71.93970811
20
22.86084594
10
71.94322624
20
22.86395014
10
71.94685842
20
22.86681443
10
71.95060103
20
22.86943734
10
71.9544504
20
22.87181741
10
71.95840292
20
22.87395317
10
71.96245493
20
22.87584316
10
71.9666028
20
22.87748591
10
71.97084288
20
22.87887995
10
71.97517155
20
22.88002381
10
71.97958515
20
22.88091603
10
71.98408005
20
22.88155515
10
71.98865261
20
22.8819397
10
71.99329918
20
22.88206821
10
71.99779328
20
22.88194596
10
72.00219071
20
22.88158186
10
72.00648846
20
22.88097981
10
72.01068349
20
22.88014377
10
72.01477281
20
22.87907766
10
72.01875339
20
22.87778541
10
72.02262221
20
22.87627095
10
72.02637626
20
22.87453823
10
72.03001253
20
22.87259116
10
72.03352799
20
22.87043368
10
72.03691963
20
22.86806974
10
72.04018444
20
22.86550324
10
72.04331939
20
22.86273814
10
72.04632147
20
22.85977835
10
72.04918767
20
22.85662782
10
72.05191496
20
22.85329048
10
72.05450033
20
22.84977025
10
72.05694077
20
22.84607108
10
72.05923325
20
22.84219688
10
72.06137476
20
22.8381516
10
72.06336229
20
22.83393917
10
72.06519281
20
22.82956352
10
72.06686332
20
22.82502857
10
72.06837079
20
22.82033827
10
72.06971221
20
22.81549655
10
72.07088456
20
22.81050733
10
72.07188482
20
22.80537456
10
72.07270999
20
22.80010215
10
72.07335703
20
22.79469406
10
72.07382294
20
22.78915419
10
72.0741047
20
22.7834865
10
72.07419929
20
22.77769491
10
72.07419929
20
22.61739024
10
72.01727089
20
22.61739024
10
72.01727089
20
22.80116811
10
72.01713686
20
22.80862287
10
72.01673722
20
22.81562852
10
72.01607564
20
22.82218065
10
72.01515578
20
22.82827489
10
72.01398131
20
22.83390683
10
72.01255591
20
22.83907209
10
72.01088323
20
22.84376627
10
72.00896695
20
22.84798497
10
72.00681075
20
22.8517238
10
72.00441827
20
22.85497838
10
72.0017932
20
22.85774431
10
71.9989392
20
22.86001719
10
71.99585995
20
22.86179263
10
71.9925591
20
22.86306625
10
71.98904033
20
22.86383364
10
71.98530731
20
22.86409041
10
71.98314428
20
22.86401223
10
71.98096516
20
22.86378098
10
71.97657615
20
22.86287901
10
71.9721754
20
22.86142402
10
71.96779802
20
22.85945551
10
71.96347914
20
22.85701297
10
71.95925385
20
22.8541359
10
71.95515729
20
22.85086382
10
71.95122456
20
22.84723622
10
71.94749077
20
22.8432926
10
71.94399105
20
22.83907247
10
71.9407605
20
22.83461533
10
71.93783425
20
22.82996068
10
71.9352474
20
22.82514802
10
71.93303507
20
22.82021685
10
71.93123238
20
22.81520668
10
71.92987445
20
22.81015701
10
71.92987445
20
22.61739024
10
71.87294605
20
22.61739024
10
71.87294605
20
22.87707525
97
0
75
0
76
1
98
0
0
HATCH
5
70E
330
104
100
AcDbEntity
8
E-ANNO-TTLB
100
AcDbHatch
10
0
20
0
30
0
210
0
220
0
230
1
2
SOLID
70
1
71
0
91
2
92
2
72
0
73
1
93
55
10
72.25447776
20
22.75072899
10
72.22451607
20
22.75072899
10
72.22177023
20
22.75063761
10
72.21906019
20
22.75036665
10
72.21638949
20
22.74992085
10
72.2137617
20
22.74930497
10
72.2111804
20
22.74852376
10
72.20864914
20
22.74758199
10
72.20617149
20
22.7464844
10
72.20375101
20
22.74523574
10
72.20139127
20
22.74384078
10
72.19909583
20
22.74230427
10
72.1947121
20
22.73882561
10
72.19062835
20
22.73483779
10
72.18687309
20
22.73037885
10
72.18347483
20
22.72548683
10
72.18046208
20
22.72019975
10
72.17786336
20
22.71455567
10
72.17570719
20
22.7085926
10
72.17402207
20
22.7023486
10
72.17283653
20
22.69586169
10
72.17217906
20
22.68916991
10
72.1720782
20
22.68231129
10
72.17232315
20
22.67702208
10
72.17286421
20
22.67202105
10
72.17369337
20
22.66731553
10
72.17480259
20
22.66291285
10
72.17618386
20
22.65882032
10
72.17782914
20
22.65504525
10
72.17973041
20
22.65159498
10
72.18187964
20
22.64847682
10
72.1842688
20
22.64569809
10
72.18688986
20
22.6432661
10
72.18973481
20
22.64118819
10
72.19279561
20
22.63947167
10
72.19606423
20
22.63812385
10
72.19953265
20
22.63715206
10
72.20319284
20
22.63656362
10
72.20703678
20
22.63636585
10
72.21000558
20
22.63647683
10
72.21308991
20
22.63680879
10
72.2162649
20
22.63736026
10
72.21950569
20
22.63812977
10
72.22278742
20
22.63911585
10
72.22608523
20
22.64031701
10
72.22937426
20
22.6417318
10
72.23262963
20
22.64335874
10
72.2358265
20
22.64519636
10
72.23893999
20
22.64724318
10
72.24194524
20
22.64949773
10
72.24481739
20
22.65195855
10
72.24753159
20
22.65462415
10
72.25006295
20
22.65749307
10
72.25238663
20
22.66056384
10
72.25447776
20
22.66383498
97
0
92
2
72
0
73
1
93
179
10
72.31141008
20
22.61739102
10
72.29692578
20
22.61739102
10
72.29233435
20
22.61752403
10
72.28793309
20
22.61791672
10
72.28373662
20
22.61855958
10
72.2797596
20
22.61944309
10
72.27601664
20
22.62055775
10
72.27252238
20
22.62189405
10
72.26929145
20
22.62344247
10
72.2663385
20
22.62519351
10
72.26367815
20
22.62713765
10
72.26132503
20
22.62926539
10
72.25929378
20
22.63156722
10
72.25759904
20
22.63403361
10
72.25625543
20
22.63665508
10
72.25527759
20
22.63942209
10
72.25468016
20
22.64232515
10
72.25447776
20
22.64535475
10
72.25190012
20
22.64177552
10
72.24904966
20
22.63834766
10
72.24594614
20
22.63508215
10
72.2426093
20
22.63198995
10
72.23905888
20
22.62908205
10
72.23531463
20
22.62636943
10
72.2313963
20
22.62386305
10
72.22732363
20
22.6215739
10
72.22311636
20
22.61951296
10
72.21879425
20
22.61769119
10
72.21437703
20
22.61611958
10
72.20988445
20
22.61480911
10
72.20533626
20
22.61377074
10
72.2007522
20
22.61301546
10
72.19615202
20
22.61255424
10
72.19155546
20
22.61239806
10
72.18286812
20
22.61268214
10
72.17460865
20
22.61352365
10
72.17064508
20
22.6141484
10
72.16679535
20
22.61490648
10
72.16306173
20
22.61579587
10
72.15944652
20
22.61681456
10
72.15595199
20
22.61796053
10
72.15258045
20
22.61923178
10
72.14933417
20
22.62062629
10
72.14621544
20
22.62214205
10
72.14322655
20
22.62377705
10
72.14036979
20
22.62552928
10
72.13764744
20
22.62739672
10
72.13506179
20
22.62937737
10
72.13261513
20
22.63146921
10
72.13030975
20
22.63367023
10
72.12814792
20
22.63597842
10
72.12613194
20
22.63839176
10
72.1242641
20
22.64090825
10
72.12254668
20
22.64352587
10
72.12098197
20
22.64624262
10
72.11957226
20
22.64905647
10
72.11831983
20
22.65196543
10
72.11722697
20
22.65496747
10
72.11629596
20
22.65806058
10
72.11552911
20
22.66124276
10
72.11492868
20
22.66451198
10
72.11449697
20
22.66786625
10
72.11423627
20
22.67130354
10
72.11414886
20
22.67482185
10
72.11427375
20
22.6795639
10
72.11464471
20
22.68423629
10
72.11525614
20
22.68883372
10
72.11610249
20
22.69335088
10
72.11717816
20
22.69778247
10
72.11847759
20
22.70212319
10
72.1199952
20
22.70636773
10
72.1217254
20
22.71051078
10
72.12366262
20
22.71454705
10
72.12580128
20
22.71847122
10
72.12813581
20
22.722278
10
72.13066063
20
22.72596208
10
72.13337016
20
22.72951815
10
72.13625882
20
22.73294091
10
72.13932104
20
22.73622506
10
72.14255124
20
22.7393653
10
72.14594383
20
22.74235631
10
72.14949325
20
22.74519279
10
72.15319392
20
22.74786944
10
72.15704026
20
22.75038096
10
72.16102668
20
22.75272204
10
72.16514762
20
22.75488738
10
72.1693975
20
22.75687166
10
72.17377074
20
22.7586696
10
72.17826175
20
22.76027588
10
72.18286497
20
22.76168519
10
72.18757482
20
22.76289225
10
72.19238572
20
22.76389173
10
72.19729209
20
22.76467834
10
72.20228835
20
22.76524677
10
72.20736893
20
22.76559172
10
72.21252825
20
22.76570788
10
72.25447776
20
22.76570788
10
72.25447776
20
22.79866849
10
72.2542399
20
22.81225474
10
72.25388549
20
22.81866052
10
72.25332336
20
22.82477003
10
72.25251546
20
22.83055474
10
72.25142372
20
22.83598611
10
72.25001011
20
22.84103563
10
72.24823656
20
22.84567474
10
72.24606503
20
22.84987493
10
72.24481812
20
22.85180151
10
72.24345745
20
22.85360766
10
72.24197826
20
22.85528982
10
72.24037578
20
22.85684441
10
72.23864527
20
22.85826787
10
72.23678197
20
22.85955663
10
72.23478112
20
22.86070713
10
72.23263796
20
22.8617158
10
72.23034773
20
22.86257908
10
72.22790569
20
22.86329339
10
72.22530707
20
22.86385518
10
72.22254712
20
22.86426087
10
72.21962108
20
22.8645069
10
72.21652419
20
22.8645897
10
72.21196732
20
22.86428112
10
72.20696487
20
22.86338513
10
72.20159806
20
22.86194635
10
72.1959481
20
22.86000939
10
72.1900962
20
22.85761888
10
72.18412358
20
22.85481943
10
72.17811144
20
22.85165566
10
72.17214101
20
22.8481722
10
72.16629348
20
22.84441367
10
72.16065008
20
22.84042467
10
72.15529201
20
22.83624984
10
72.15030048
20
22.8319338
10
72.14575672
20
22.82752115
10
72.14174192
20
22.82305652
10
72.13833731
20
22.81858453
10
72.1368892
20
22.81635972
10
72.13562409
20
22.81414981
10
72.13562409
20
22.87058361
10
72.14916215
20
22.87392213
10
72.15814044
20
22.87588433
10
72.16827166
20
22.87782331
10
72.17931587
20
22.87957516
10
72.19103315
20
22.88097599
10
72.19706921
20
22.88149355
10
72.20318356
20
22.8818619
10
72.20934621
20
22.88206054
10
72.21552717
20
22.88206899
10
72.22085511
20
22.88191312
10
72.22606829
20
22.88154135
10
72.23116313
20
22.88095725
10
72.23613607
20
22.88016438
10
72.24098354
20
22.87916631
10
72.24570198
20
22.87796661
10
72.25028783
20
22.87656883
10
72.25473751
20
22.87497656
10
72.25904746
20
22.87319334
10
72.26321411
20
22.87122276
10
72.26723391
20
22.86906836
10
72.27110328
20
22.86673373
10
72.27481866
20
22.86422242
10
72.27837648
20
22.861538
10
72.28177318
20
22.85868404
10
72.28500519
20
22.8556641
10
72.28806894
20
22.85248175
10
72.29096088
20
22.84914055
10
72.29367742
20
22.84564407
10
72.29621502
20
22.84199587
10
72.2985701
20
22.83819952
10
72.3007391
20
22.83425859
10
72.30271845
20
22.83017664
10
72.30450459
20
22.82595724
10
72.30609394
20
22.82160396
10
72.30748295
20
22.81712035
10
72.30866805
20
22.81250998
10
72.30964567
20
22.80777642
10
72.31041225
20
22.80292325
10
72.31096422
20
22.79795401
10
72.31129802
20
22.79287228
10
72.31141008
20
22.78768162
97
0
75
0
76
1
98
0
0
HATCH
5
70F
330
104
100
AcDbEntity
8
E-ANNO-TTLB
100
AcDbHatch
10
0
20
0
30
0
210
0
220
0
230
1
2
SOLID
70
1
71
0
91
1
92
2
72
0
73
1
93
82
10
72.45424056
20
22.62837672
10
72.45424056
20
22.61888931
10
72.45024462
20
22.61888931
10
72.44564704
20
22.61897827
10
72.44112707
20
22.61924399
10
72.43668921
20
22.61968474
10
72.43233793
20
22.62029877
10
72.42807772
20
22.62108436
10
72.42391305
20
22.62203975
10
72.4198484
20
22.62316322
10
72.41588827
20
22.62445303
10
72.41203713
20
22.62590743
10
72.40829945
20
22.62752469
10
72.40467973
20
22.62930307
10
72.40118245
20
22.63124084
10
72.39781208
20
22.63333625
10
72.3945731
20
22.63558757
10
72.39147001
20
22.63799306
10
72.38850727
20
22.64055098
10
72.38568937
20
22.6432596
10
72.3830208
20
22.64611717
10
72.38050603
20
22.64912196
10
72.37814954
20
22.65227223
10
72.37595582
20
22.65556625
10
72.37392935
20
22.65900227
10
72.3720746
20
22.66257855
10
72.37039607
20
22.66629336
10
72.36889823
20
22.67014497
10
72.36758556
20
22.67413163
10
72.36646254
20
22.6782516
10
72.36553366
20
22.68250315
10
72.3648034
20
22.68688453
10
72.36427624
20
22.69139402
10
72.36395665
20
22.69602988
10
72.36384913
20
22.70079035
10
72.36384913
20
22.86059651
10
72.33988134
20
22.86059651
10
72.33988134
20
22.87707485
10
72.36384913
20
22.87707485
10
72.36384913
20
22.91802734
10
72.36851976
20
22.91873118
10
72.37314351
20
22.91989384
10
72.37768526
20
22.9214941
10
72.38210991
20
22.92351072
10
72.38638235
20
22.92592247
10
72.39046747
20
22.92870813
10
72.39433016
20
22.93184647
10
72.39793531
20
22.93531625
10
72.40124781
20
22.93909626
10
72.40423255
20
22.94316526
10
72.40685443
20
22.94750202
10
72.40907833
20
22.95208531
10
72.41086915
20
22.95689391
10
72.41219177
20
22.96190659
10
72.41301109
20
22.96710211
10
72.413292
20
22.97245925
10
72.42078144
20
22.97245925
10
72.42078144
20
22.87707485
10
72.46073298
20
22.87707485
10
72.46073298
20
22.86059651
10
72.42078144
20
22.86059651
10
72.42078144
20
22.69529496
10
72.42092874
20
22.68598818
10
72.42117321
20
22.68081765
10
72.42158521
20
22.67542916
10
72.42220496
20
22.66991777
10
72.4230727
20
22.66437858
10
72.42422866
20
22.65890668
10
72.42571307
20
22.65359716
10
72.42756617
20
22.64854509
10
72.42982819
20
22.64384556
10
72.43112511
20
22.64165772
10
72.43253935
20
22.63959367
10
72.43407594
20
22.6376653
10
72.4357399
20
22.6358845
10
72.43753627
20
22.63426314
10
72.43947007
20
22.63281313
10
72.44154633
20
22.63154633
10
72.44377008
20
22.63047465
10
72.44614635
20
22.62960996
10
72.44868016
20
22.62896415
10
72.45137656
20
22.62854911
97
0
75
0
76
1
98
0
0
HATCH
5
710
330
104
100
AcDbEntity
8
E-ANNO-TTLB
100
AcDbHatch
10
0
20
0
30
0
210
0
220
0
230
1
2
SOLID
70
1
71
0
91
2
92
2
72
0
73
1
93
46
10
72.61904793
20
22.77120327
10
72.6195434
20
22.78164475
10
72.61954645
20
22.79160349
10
72.61907979
20
22.80105314
10
72.61816609
20
22.80996735
10
72.61682804
20
22.81831981
10
72.61508834
20
22.82608415
10
72.61296968
20
22.83323404
10
72.61049473
20
22.83974315
10
72.6076862
20
22.84558512
10
72.60616393
20
22.84824771
10
72.60456677
20
22.85073363
10
72.60289756
20
22.8530396
10
72.60115913
20
22.85516232
10
72.59935433
20
22.85709851
10
72.59748597
20
22.85884487
10
72.59555691
20
22.8603981
10
72.59356998
20
22.86175492
10
72.59152802
20
22.86291203
10
72.58943385
20
22.86386614
10
72.58729032
20
22.86461396
10
72.58510027
20
22.86515219
10
72.58286652
20
22.86547754
10
72.58059192
20
22.86558673
10
72.57827326
20
22.86547754
10
72.57599976
20
22.86515219
10
72.5737727
20
22.86461396
10
72.57159338
20
22.86386614
10
72.56946305
20
22.86291203
10
72.56738302
20
22.86175492
10
72.56535455
20
22.8603981
10
72.56337894
20
22.85884487
10
72.56145745
20
22.85709851
10
72.55959137
20
22.85516232
10
72.55778199
20
22.8530396
10
72.55603058
20
22.85073363
10
72.55270679
20
22.84558512
10
72.54963026
20
22.83974315
10
72.54681124
20
22.83323404
10
72.54425997
20
22.82608415
10
72.54198669
20
22.81831981
10
72.54000166
20
22.80996735
10
72.53831512
20
22.80105314
10
72.53693732
20
22.79160349
10
72.5358785
20
22.78164475
10
72.53514891
20
22.77120327
97
0
92
2
72
0
73
1
93
163
10
72.47222661
20
22.74972805
10
72.47236886
20
22.75652266
10
72.47279111
20
22.76322985
10
72.47348658
20
22.76984121
10
72.47444851
20
22.77634833
10
72.47567013
20
22.7827428
10
72.47714468
20
22.78901619
10
72.47886539
20
22.79516011
10
72.48082549
20
22.80116613
10
72.48301822
20
22.80702585
10
72.4854368
20
22.81273084
10
72.48807448
20
22.8182727
10
72.49092447
20
22.82364302
10
72.49398003
20
22.82883338
10
72.49723438
20
22.83383537
10
72.50068074
20
22.83864057
10
72.50431237
20
22.84324058
10
72.50812248
20
22.84762697
10
72.51210432
20
22.85179135
10
72.51625111
20
22.85572528
10
72.52055609
20
22.85942037
10
72.52501249
20
22.8628682
10
72.52961355
20
22.86606036
10
72.53435249
20
22.86898842
10
72.53922256
20
22.87164399
10
72.54421697
20
22.87401865
10
72.54932898
20
22.87610398
10
72.5545518
20
22.87789157
10
72.55987868
20
22.87937301
10
72.56530284
20
22.88053988
10
72.57081753
20
22.88138378
10
72.57641596
20
22.88189629
10
72.58209138
20
22.88206899
10
72.58729743
20
22.88192624
10
72.59242467
20
22.88150047
10
72.59746743
20
22.88079544
10
72.60242005
20
22.8798149
10
72.60727684
20
22.87856259
10
72.61203215
20
22.87704227
10
72.61668029
20
22.87525768
10
72.6212156
20
22.87321257
10
72.62563242
20
22.8709107
10
72.62992506
20
22.8683558
10
72.63408786
20
22.86555163
10
72.63811515
20
22.86250194
10
72.64200127
20
22.85921048
10
72.64574053
20
22.855681
10
72.64932726
20
22.85191724
10
72.65275581
20
22.84792295
10
72.6560205
20
22.84370188
10
72.65911565
20
22.83925779
10
72.6620356
20
22.83459442
10
72.66477469
20
22.82971552
10
72.66732722
20
22.82462484
10
72.66968755
20
22.81932612
10
72.67185
20
22.81382312
10
72.67380889
20
22.80811959
10
72.67555856
20
22.80221927
10
72.67709333
20
22.79612591
10
72.67840755
20
22.78984327
10
72.67949553
20
22.78337509
10
72.68035161
20
22.77672512
10
72.68097011
20
22.76989711
10
72.68134537
20
22.7628948
10
72.68147172
20
22.75572195
10
72.5346504
20
22.75572195
10
72.5346504
20
22.7542225
10
72.53473218
20
22.74740874
10
72.53497692
20
22.74073458
10
72.5353837
20
22.73420506
10
72.53595161
20
22.7278252
10
72.53667973
20
22.72160003
10
72.53756715
20
22.71553459
10
72.53861294
20
22.7096339
10
72.53981619
20
22.70390299
10
72.541176
20
22.6983469
10
72.54269143
20
22.69297066
10
72.54436158
20
22.68777929
10
72.54618553
20
22.68277783
10
72.54816237
20
22.6779713
10
72.55029118
20
22.67336475
10
72.55257103
20
22.66896319
10
72.55500103
20
22.66477165
10
72.55758025
20
22.66079518
10
72.56030778
20
22.6570388
10
72.56318269
20
22.65350753
10
72.56620408
20
22.65020642
10
72.56937103
20
22.64714049
10
72.57268263
20
22.64431477
10
72.57613795
20
22.64173429
10
72.57973609
20
22.63940408
10
72.58347612
20
22.63732917
10
72.58735713
20
22.6355146
10
72.59137821
20
22.63396539
10
72.59553844
20
22.63268658
10
72.5998369
20
22.63168318
10
72.60427268
20
22.63096025
10
72.60884486
20
22.6305228
10
72.61355253
20
22.63037586
10
72.61704082
20
22.63045864
10
72.62057512
20
22.63071039
10
72.62415471
20
22.63113624
10
72.62777886
20
22.63174131
10
72.63144685
20
22.63253072
10
72.63515795
20
22.6335096
10
72.63891144
20
22.63468306
10
72.64270659
20
22.63605624
10
72.64654269
20
22.63763425
10
72.65041899
20
22.63942222
10
72.65433479
20
22.64142528
10
72.65828936
20
22.64364854
10
72.66228196
20
22.64609712
10
72.66631189
20
22.64877616
10
72.6703784
20
22.65169077
10
72.67448079
20
22.65484608
10
72.67448079
20
22.63536882
10
72.67017039
20
22.63272391
10
72.66568091
20
22.63022322
10
72.6610321
20
22.6278704
10
72.65624367
20
22.62566908
10
72.65133537
20
22.62362292
10
72.64632693
20
22.62173556
10
72.64123809
20
22.62001065
10
72.63608857
20
22.61845183
10
72.63089811
20
22.61706275
10
72.62568644
20
22.61584705
10
72.6204733
20
22.61480838
10
72.61527843
20
22.61395039
10
72.61012155
20
22.61327672
10
72.6050224
20
22.61279101
10
72.60000071
20
22.61249691
10
72.59507622
20
22.61239806
10
72.58861655
20
22.61257375
10
72.58225737
20
22.61309545
10
72.57600553
20
22.61395511
10
72.56986791
20
22.61514469
10
72.56385134
20
22.61665614
10
72.55796271
20
22.61848141
10
72.55220885
20
22.62061245
10
72.54659663
20
22.62304123
10
72.54113291
20
22.62575968
10
72.53582455
20
22.62875977
10
72.5306784
20
22.63203345
10
72.52570132
20
22.63557266
10
72.52090017
20
22.63936937
10
72.51628181
20
22.64341553
10
72.5118531
20
22.64770309
10
72.50762089
20
22.65222399
10
72.50359205
20
22.65697021
10
72.49977343
20
22.66193368
10
72.49617189
20
22.66710636
10
72.49279428
20
22.67248021
10
72.48964747
20
22.67804717
10
72.48673832
20
22.6837992
10
72.48407368
20
22.68972826
10
72.48166041
20
22.69582629
10
72.47950537
20
22.70208525
10
72.47761542
20
22.7084971
10
72.47599742
20
22.71505378
10
72.47465821
20
22.72174724
10
72.47360467
20
22.72856945
10
72.47284365
20
22.73551235
10
72.47238201
20
22.7425679
97
0
75
0
76
1
98
0
0
HATCH
5
711
330
104
100
AcDbEntity
8
E-ANNO-TTLB
100
AcDbHatch
10
0
20
0
30
0
210
0
220
0
230
1
2
SOLID
70
1
71
0
91
1
92
2
72
0
73
1
93
176
10
71.58174455
20
22.77764349
10
71.58174455
20
22.6174134
10
71.52491036
20
22.6174134
10
71.52491036
20
22.80614105
10
71.52479403
20
22.81323451
10
71.52444684
20
22.81991328
10
71.52387155
20
22.82617145
10
71.52307088
20
22.83200309
10
71.52204757
20
22.83740226
10
71.52080436
20
22.84236304
10
71.51934399
20
22.8468795
10
71.5176692
20
22.85094571
10
71.51578271
20
22.85455575
10
71.51368727
20
22.85770368
10
71.51138562
20
22.86038358
10
71.50888048
20
22.86258951
10
71.50617461
20
22.86431556
10
71.50327073
20
22.86555579
10
71.50017159
20
22.86630428
10
71.49687991
20
22.86655509
10
71.49302933
20
22.86627451
10
71.4891447
20
22.86545615
10
71.48525408
20
22.86413514
10
71.48138553
20
22.86234658
10
71.47756709
20
22.86012557
10
71.47382682
20
22.85750724
10
71.47019277
20
22.85452668
10
71.46669301
20
22.85121901
10
71.46335557
20
22.84761933
10
71.46020852
20
22.84376276
10
71.45727991
20
22.83968441
10
71.45459779
20
22.83541937
10
71.45219023
20
22.83100277
10
71.45008526
20
22.82646971
10
71.44831095
20
22.8218553
10
71.44689535
20
22.81719465
10
71.44689535
20
22.6174134
10
71.39006116
20
22.6174134
10
71.39006116
20
22.80769939
10
71.38995581
20
22.81469837
10
71.38964174
20
22.82127055
10
71.38912191
20
22.82741252
10
71.38839929
20
22.83312087
10
71.38747685
20
22.83839218
10
71.38635756
20
22.84322304
10
71.38504438
20
22.84761002
10
71.38354028
20
22.85154971
10
71.38184823
20
22.85503871
10
71.37997119
20
22.85807358
10
71.37791213
20
22.86065092
10
71.37567401
20
22.86276732
10
71.37325981
20
22.86441935
10
71.3706725
20
22.8656036
10
71.36791503
20
22.86631665
10
71.36499037
20
22.86655509
10
71.36259829
20
22.86645548
10
71.36018519
20
22.86616144
10
71.35775744
20
22.86568018
10
71.3553214
20
22.86501894
10
71.35288342
20
22.8641849
10
71.35044986
20
22.86318531
10
71.34562143
20
22.86071826
10
71.34088697
20
22.8576755
10
71.33629736
20
22.85411476
10
71.33190345
20
22.85009373
10
71.32775611
20
22.84567013
10
71.3239062
20
22.84090167
10
71.32040459
20
22.83584607
10
71.31730214
20
22.83056104
10
71.31464971
20
22.82510428
10
71.31249817
20
22.81953351
10
71.31089838
20
22.81390645
10
71.31032129
20
22.81108984
10
71.30990121
20
22.8082808
10
71.30964449
20
22.80548654
10
71.30955751
20
22.80271428
10
71.30955751
20
22.6174134
10
71.25272333
20
22.6174134
10
71.25272333
20
22.87714551
10
71.2672037
20
22.87714551
10
71.27186199
20
22.8770121
10
71.27631068
20
22.87661823
10
71.28053721
20
22.87597349
10
71.28452904
20
22.87508743
10
71.28827363
20
22.87396963
10
71.29175842
20
22.87262965
10
71.29497087
20
22.87107707
10
71.29789844
20
22.86932144
10
71.30052857
20
22.86737233
10
71.30284873
20
22.86523933
10
71.30484636
20
22.86293198
10
71.30650892
20
22.86045986
10
71.30782386
20
22.85783255
10
71.30877863
20
22.85505959
10
71.3093607
20
22.85215057
10
71.30955751
20
22.84911506
10
71.31341793
20
22.85325832
10
71.31729287
20
22.85710611
10
71.32118597
20
22.8606623
10
71.3251009
20
22.8639308
10
71.32904131
20
22.86691547
10
71.33301087
20
22.86962022
10
71.33701322
20
22.87204892
10
71.34105203
20
22.87420547
10
71.34513095
20
22.87609375
10
71.34925363
20
22.87771765
10
71.35342374
20
22.87908105
10
71.35764494
20
22.88018785
10
71.36192087
20
22.88104193
10
71.3662552
20
22.88164717
10
71.37065159
20
22.88200746
10
71.37511368
20
22.88212669
10
71.37993094
20
22.88195125
10
71.38468229
20
22.88143101
10
71.38935655
20
22.88057507
10
71.39394253
20
22.87939255
10
71.39842906
20
22.87789257
10
71.40280496
20
22.87608423
10
71.40705906
20
22.87397666
10
71.41118017
20
22.87157897
10
71.41515712
20
22.86890026
10
71.41897873
20
22.86594966
10
71.42263382
20
22.86273627
10
71.42611121
20
22.85926921
10
71.42939973
20
22.8555576
10
71.4324882
20
22.85161055
10
71.43536544
20
22.84743717
10
71.43802028
20
22.84304657
10
71.43802028
20
22.84413387
10
71.44127869
20
22.84858924
10
71.4446865
20
22.85278524
10
71.44823983
20
22.85671802
10
71.4519348
20
22.86038369
10
71.45576754
20
22.86377838
10
71.45973417
20
22.8668982
10
71.46383082
20
22.8697393
10
71.46805361
20
22.87229778
10
71.47239866
20
22.87456979
10
71.47686211
20
22.87655143
10
71.48144008
20
22.87823883
10
71.48612868
20
22.87962813
10
71.49092405
20
22.88071544
10
71.49582231
20
22.88149689
10
71.50081958
20
22.8819686
10
71.50591199
20
22.88212669
10
71.51017087
20
22.88200551
10
71.51433326
20
22.88164441
10
71.51839662
20
22.88104712
10
71.52235841
20
22.88021734
10
71.52621609
20
22.87915877
10
71.52996712
20
22.87787512
10
71.53360897
20
22.87637011
10
71.53713909
20
22.87464743
10
71.54055496
20
22.8727108
10
71.54385402
20
22.87056393
10
71.54703374
20
22.86821051
10
71.55009158
20
22.86565426
10
71.55302501
20
22.86289888
10
71.55583148
20
22.85994808
10
71.55850845
20
22.85680558
10
71.5610534
20
22.85347507
10
71.56346377
20
22.84996026
10
71.56573703
20
22.84626486
10
71.56787064
20
22.84239258
10
71.56986207
20
22.83834713
10
71.57170877
20
22.83413221
10
71.57340821
20
22.82975153
10
71.57495784
20
22.82520879
10
71.57635513
20
22.82050771
10
71.57759755
20
22.81565199
10
71.57868254
20
22.81064534
10
71.57960758
20
22.80549147
10
71.58037012
20
22.80019408
10
71.58096762
20
22.79475687
10
71.58139756
20
22.78918357
10
71.58165738
20
22.78347787
97
0
75
0
76
1
98
0
0
HATCH
5
712
330
104
100
AcDbEntity
8
E-ANNO-TTLB
100
AcDbHatch
10
0
20
0
30
0
210
0
220
0
230
1
2
SOLID
70
1
71
0
91
2
92
2
72
0
73
1
93
47
10
71.73013834
20
22.86562362
10
71.733168
20
22.86542789
10
71.73612176
20
22.86484616
10
71.738993
20
22.86388666
10
71.74177509
20
22.86255761
10
71.74446141
20
22.86086724
10
71.74704533
20
22.85882376
10
71.74952024
20
22.8564354
10
71.7518795
20
22.85371039
10
71.7541165
20
22.85065694
10
71.75622461
20
22.84728327
10
71.7581972
20
22.84359762
10
71.76002766
20
22.83960819
10
71.76170935
20
22.83532322
10
71.76323566
20
22.83075093
10
71.76459995
20
22.82589953
10
71.76579562
20
22.82077726
10
71.76681699
20
22.81544408
10
71.76765767
20
22.80984411
10
71.76831215
20
22.80398839
10
71.76877491
20
22.79788794
10
71.76904042
20
22.79155382
10
71.76910316
20
22.78499707
10
71.76895762
20
22.77822871
10
71.76859827
20
22.7712598
10
71.68467177
20
22.7712598
10
71.68539576
20
22.78168618
10
71.68645218
20
22.79163325
10
71.6878303
20
22.80107432
10
71.68951938
20
22.80998272
10
71.6915087
20
22.81833177
10
71.69378752
20
22.82609479
10
71.69634513
20
22.83324509
10
71.69917079
20
22.839756
10
71.70225377
20
22.84560084
10
71.70558334
20
22.85075293
10
71.70733724
20
22.85306086
10
71.70914877
20
22.85518559
10
71.71101658
20
22.85712379
10
71.71293934
20
22.85887214
10
71.71491569
20
22.86042728
10
71.71694431
20
22.86178589
10
71.71902384
20
22.86294464
10
71.72115295
20
22.86390018
10
71.72333029
20
22.86464918
10
71.72555454
20
22.86518832
10
71.72782433
20
22.86551424
97
0
92
2
72
0
73
1
93
164
10
71.76314997
20
22.63033818
10
71.75740647
20
22.63055609
10
71.75185828
20
22.63120487
10
71.74651083
20
22.63227713
10
71.74136956
20
22.63376544
10
71.73643987
20
22.63566242
10
71.73172722
20
22.63796065
10
71.72723702
20
22.64065273
10
71.72297469
20
22.64373125
10
71.71835665
20
22.64764544
10
71.7140217
20
22.65202074
10
71.70997191
20
22.65684395
10
71.70620932
20
22.66210182
10
71.70273596
20
22.66778115
10
71.6995539
20
22.67386869
10
71.69666518
20
22.68035123
10
71.69407185
20
22.68721554
10
71.69177594
20
22.69444841
10
71.68977952
20
22.70203659
10
71.68808462
20
22.70996687
10
71.68669329
20
22.71822602
10
71.68560759
20
22.72680083
10
71.68482955
20
22.73567805
10
71.68436123
20
22.74484447
10
71.68420466
20
22.75428687
10
71.68420466
20
22.7556882
10
71.83104169
20
22.7556882
10
71.83092933
20
22.76244506
10
71.83059545
20
22.76904929
10
71.83004484
20
22.77549791
10
71.8292823
20
22.78178796
10
71.82831263
20
22.78791649
10
71.82714061
20
22.79388053
10
71.82577105
20
22.79967712
10
71.82420875
20
22.8053033
10
71.82245849
20
22.8107561
10
71.82052507
20
22.81603258
10
71.81841329
20
22.82112976
10
71.81612794
20
22.82604468
10
71.81367382
20
22.83077439
10
71.81105572
20
22.83531592
10
71.80827844
20
22.83966631
10
71.80534678
20
22.8438226
10
71.80290551
20
22.84702845
10
71.80037145
20
22.85010478
10
71.79774663
20
22.85304974
10
71.79503309
20
22.8558615
10
71.7922329
20
22.85853824
10
71.78934809
20
22.86107811
10
71.78638071
20
22.86347928
10
71.7833328
20
22.86573991
10
71.78020643
20
22.86785818
10
71.77700362
20
22.86983224
10
71.77372643
20
22.87166027
10
71.77037691
20
22.87334043
10
71.76695711
20
22.87487088
10
71.76346906
20
22.87624979
10
71.75991482
20
22.87747533
10
71.75629643
20
22.87854566
10
71.75037336
20
22.88015656
10
71.74428948
20
22.8812703
10
71.73805913
20
22.88191668
10
71.73169667
20
22.88212552
10
71.72601069
20
22.88195267
10
71.72040262
20
22.88143974
10
71.71487919
20
22.88059517
10
71.70944713
20
22.87942741
10
71.70411317
20
22.87794488
10
71.69888403
20
22.87615602
10
71.69376644
20
22.87406928
10
71.68876713
20
22.87169309
10
71.68389284
20
22.86903589
10
71.67915028
20
22.86610612
10
71.67454618
20
22.86291222
10
71.67008728
20
22.85946261
10
71.6657803
20
22.85576575
10
71.66163197
20
22.85183007
10
71.65764902
20
22.84766401
10
71.65383818
20
22.843276
10
71.65020617
20
22.83867449
10
71.64675972
20
22.8338679
10
71.64350556
20
22.82886469
10
71.64045042
20
22.82367329
10
71.63760103
20
22.81830213
10
71.63496411
20
22.81275965
10
71.6325464
20
22.8070543
10
71.63035461
20
22.8011945
10
71.62839549
20
22.79518871
10
71.62667575
20
22.78904535
10
71.62520213
20
22.78277286
10
71.62398136
20
22.77637969
10
71.62302015
20
22.76987426
10
71.62232525
20
22.76326503
10
71.62190337
20
22.75656042
10
71.62176125
20
22.74976887
10
71.62186239
20
22.74399114
10
71.62216341
20
22.73828058
10
71.62266073
20
22.73264137
10
71.62335074
20
22.7270777
10
71.62422986
20
22.72159376
10
71.62529449
20
22.71619375
10
71.62654103
20
22.71088184
10
71.6279659
20
22.70566223
10
71.62956549
20
22.70053912
10
71.63133622
20
22.69551668
10
71.63327449
20
22.69059911
10
71.63537671
20
22.6857906
10
71.63763928
20
22.68109533
10
71.64005861
20
22.67651751
10
71.64263111
20
22.67206131
10
71.64535319
20
22.66773093
10
71.64822124
20
22.66353055
10
71.65123167
20
22.65946437
10
71.6543809
20
22.65553657
10
71.65766533
20
22.65175135
10
71.66108136
20
22.64811289
10
71.6646254
20
22.64462539
10
71.66829386
20
22.64129302
10
71.67208314
20
22.63811999
10
71.67598965
20
22.63511049
10
71.6800098
20
22.63226869
10
71.68413999
20
22.6295988
10
71.68837663
20
22.627105
10
71.69271612
20
22.62479147
10
71.69715487
20
22.62266242
10
71.70168929
20
22.62072203
10
71.70631579
20
22.61897448
10
71.71084783
20
22.61748649
10
71.71545305
20
22.61617913
10
71.72013142
20
22.61505789
10
71.72488287
20
22.61412823
10
71.72970738
20
22.61339564
10
71.73460488
20
22.61286558
10
71.73957534
20
22.61254353
10
71.74461871
20
22.61243496
10
71.75287358
20
22.61274506
10
71.76203602
20
22.61363246
10
71.77134842
20
22.61511262
10
71.78069762
20
22.61716556
10
71.78997046
20
22.61977132
10
71.79905378
20
22.62290993
10
71.80348901
20
22.62467282
10
71.80783443
20
22.62656144
10
71.81207588
20
22.6285733
10
71.81619924
20
22.63070588
10
71.82019034
20
22.63295672
10
71.82403505
20
22.63532329
10
71.82403505
20
22.65478877
10
71.81996397
20
22.65166711
10
71.81592688
20
22.64878136
10
71.81192492
20
22.6461265
10
71.80795924
20
22.64369752
10
71.80403097
20
22.64148937
10
71.80014128
20
22.63949705
10
71.79629129
20
22.63771552
10
71.79248215
20
22.63613975
10
71.78871501
20
22.63476473
10
71.78499101
20
22.63358542
10
71.7813113
20
22.6325968
10
71.77767702
20
22.63179385
10
71.77408931
20
22.63117153
10
71.77054933
20
22.63072484
10
71.7670582
20
22.63044873
10
71.76361708
20
22.63033818
97
0
75
0
76
1
98
0
0
HATCH
5
713
330
104
100
AcDbEntity
8
E-ANNO-TTLB
100
AcDbHatch
10
0
20
0
30
0
210
0
220
0
230
1
2
SOLID
70
1
71
0
91
1
92
2
72
0
73
1
93
4
10
71.41753108
20
22.07037916
10
71.36010025
20
22.07037916
10
71.36010025
20
22.33006809
10
71.41753108
20
22.33006809
97
0
75
0
76
1
98
0
0
HATCH
5
714
330
104
100
AcDbEntity
8
E-ANNO-TTLB
100
AcDbHatch
10
0
20
0
30
0
210
0
220
0
230
1
2
SOLID
70
1
71
0
91
1
92
2
72
0
73
1
93
56
10
71.4175299
20
22.42894796
10
71.41556334
20
22.42556767
10
71.41123277
20
22.41754108
10
71.40891651
20
22.41277648
10
71.40689189
20
22.40803956
10
71.40545312
20
22.40372677
10
71.40504537
20
22.40185329
10
71.40489441
20
22.4002345
10
71.40502726
20
22.39861503
10
71.40542157
20
22.39674095
10
71.40684553
20
22.39242718
10
71.40886821
20
22.38768957
10
71.41119155
20
22.38292449
10
71.41554788
20
22.37489747
10
71.4175299
20
22.37151713
10
71.41414956
20
22.3734837
10
71.40612254
20
22.37781426
10
71.40135747
20
22.38013052
10
71.39661986
20
22.38215514
10
71.39230608
20
22.38359391
10
71.390432
20
22.38400166
10
71.38881253
20
22.38415262
10
71.38719374
20
22.38401977
10
71.38532027
20
22.38362546
10
71.38100747
20
22.38220151
10
71.37627055
20
22.38017882
10
71.37150595
20
22.37785548
10
71.36347936
20
22.37349915
10
71.36009907
20
22.37151713
10
71.36206564
20
22.37489747
10
71.36639621
20
22.38292449
10
71.36871247
20
22.38768957
10
71.37073708
20
22.39242718
10
71.37217585
20
22.39674095
10
71.37258361
20
22.39861503
10
71.37273456
20
22.4002345
10
71.37260172
20
22.40185329
10
71.37220741
20
22.40372677
10
71.37078345
20
22.40803956
10
71.36876077
20
22.41277648
10
71.36643743
20
22.41754108
10
71.3620811
20
22.42556767
10
71.36009907
20
22.42894796
10
71.36347936
20
22.42698139
10
71.37150595
20
22.42265082
10
71.37627055
20
22.42033457
10
71.38100747
20
22.41830995
10
71.38532027
20
22.41687118
10
71.38719374
20
22.41646343
10
71.38881253
20
22.41631247
10
71.390432
20
22.41644531
10
71.39230608
20
22.41683962
10
71.39661986
20
22.41826358
10
71.40135747
20
22.42028627
10
71.40612254
20
22.4226096
10
71.41414956
20
22.42696593
97
0
75
0
76
1
98
0
0
HATCH
5
715
330
104
100
AcDbEntity
8
E-ANNO-TTLB
100
AcDbHatch
10
0
20
0
30
0
210
0
220
0
230
1
2
SOLID
70
1
71
0
91
1
92
2
72
0
73
1
93
4
10
72.16510925
20
22.07037916
10
72.10767842
20
22.07037916
10
72.10767842
20
22.33006809
10
72.16510925
20
22.33006809
97
0
75
0
76
1
98
0
0
HATCH
5
716
330
104
100
AcDbEntity
8
E-ANNO-TTLB
100
AcDbHatch
10
0
20
0
30
0
210
0
220
0
230
1
2
SOLID
70
1
71
0
91
1
92
2
72
0
73
1
93
56
10
72.16510847
20
22.42894796
10
72.1631419
20
22.42556767
10
72.15881133
20
22.41754108
10
72.15649508
20
22.41277648
10
72.15447046
20
22.40803956
10
72.15303169
20
22.40372677
10
72.15262394
20
22.40185329
10
72.15247298
20
22.4002345
10
72.15260583
20
22.39861503
10
72.15300013
20
22.39674095
10
72.15442409
20
22.39242718
10
72.15644678
20
22.38768957
10
72.15877012
20
22.38292449
10
72.16312645
20
22.37489747
10
72.16510847
20
22.37151713
10
72.16172819
20
22.3734837
10
72.15370159
20
22.37781426
10
72.14893699
20
22.38013052
10
72.14420008
20
22.38215514
10
72.13988728
20
22.38359391
10
72.1380138
20
22.38400166
10
72.13639502
20
22.38415262
10
72.13477554
20
22.38401977
10
72.13290146
20
22.38362546
10
72.12858769
20
22.38220151
10
72.12385008
20
22.38017882
10
72.11908501
20
22.37785548
10
72.11105798
20
22.37349915
10
72.10767764
20
22.37151713
10
72.10964421
20
22.37489747
10
72.11397478
20
22.38292449
10
72.11629103
20
22.38768957
10
72.11831565
20
22.39242718
10
72.11975442
20
22.39674095
10
72.12016217
20
22.39861503
10
72.12031313
20
22.4002345
10
72.12018028
20
22.40185329
10
72.11978597
20
22.40372677
10
72.11836202
20
22.40803956
10
72.11633933
20
22.41277648
10
72.11401599
20
22.41754108
10
72.10965966
20
22.42556767
10
72.10767764
20
22.42894796
10
72.11105798
20
22.42698139
10
72.11908501
20
22.42265082
10
72.12385008
20
22.42033457
10
72.12858769
20
22.41830995
10
72.13290146
20
22.41687118
10
72.13477554
20
22.41646343
10
72.13639502
20
22.41631247
10
72.1380138
20
22.41644531
10
72.13988728
20
22.41683962
10
72.14420008
20
22.41826358
10
72.14893699
20
22.42028627
10
72.15370159
20
22.4226096
10
72.16172819
20
22.42696593
97
0
75
0
76
1
98
0
0
LINE
5
717
330
104
100
AcDbEntity
8
E-ANNO-TTLB
100
AcDbLine
10
69.75
20
20.00153846
30
0
11
73.5
21
20.00153846
31
0
0
TEXT
5
718
330
104
100
AcDbEntity
8
E-ANNO-TTLB
100
AcDbText
10
69.87
20
21.55076923
30
0
40
0.09375
1
PROJECT
50
0
41
1
7
MAIN
72
0
11
69.87
21
21.55076923
31
0
100
AcDbText
73
0
0
MTEXT
5
719
330
104
100
AcDbEntity
8
E-ANNO-TTLB
100
AcDbMText
10
69.87
20
21.40076923
30
0
40
0.09375
41
2.13501686
71
1
72
1
7
BOLD
50
0
73
2
44
1.45
1
EXAMPLE \U+00B7 Gallery lighting riser
0
LINE
5
71A
330
104
100
AcDbEntity
8
E-ANNO-TTLB
100
AcDbLine
10
69.75
20
18.23230769
30
0
11
73.5
21
18.23230769
31
0
0
TEXT
5
71B
330
104
100
AcDbEntity
8
E-ANNO-TTLB
100
AcDbText
10
69.87
20
19.78153846
30
0
40
0.09375
1
PROJECT NUMBER
50
0
41
1
7
MAIN
72
0
11
69.87
21
19.78153846
31
0
100
AcDbText
73
0
0
MTEXT
5
71C
330
104
100
AcDbEntity
8
E-ANNO-TTLB
100
AcDbMText
10
69.87
20
19.63153846
30
0
40
0.09375
41
0.48451118
71
1
72
1
7
BOLD
50
0
73
2
44
1.45
1
EX-001
0
LINE
5
71D
330
104
100
AcDbEntity
8
E-ANNO-TTLB
100
AcDbLine
10
69.75
20
16.46307692
30
0
11
73.5
21
16.46307692
31
0
0
TEXT
5
71E
330
104
100
AcDbEntity
8
E-ANNO-TTLB
100
AcDbText
10
69.87
20
18.01230769
30
0
40
0.09375
1
CLIENT
50
0
41
1
7
MAIN
72
0
11
69.87
21
18.01230769
31
0
100
AcDbText
73
0
0
MTEXT
5
71F
330
104
100
AcDbEntity
8
E-ANNO-TTLB
100
AcDbMText
10
69.87
20
17.86230769
30
0
40
0.09375
41
1.52960078
71
1
72
1
7
BOLD
50
0
73
2
44
1.45
1
Example design review
0
LINE
5
720
330
104
100
AcDbEntity
8
E-ANNO-TTLB
100
AcDbLine
10
69.75
20
14.69384615
30
0
11
73.5
21
14.69384615
31
0
0
TEXT
5
721
330
104
100
AcDbEntity
8
E-ANNO-TTLB
100
AcDbText
10
69.87
20
16.24307692
30
0
40
0.09375
1
SITE ADDRESS
50
0
41
1
7
MAIN
72
0
11
69.87
21
16.24307692
31
0
100
AcDbText
73
0
0
MTEXT
5
722
330
104
100
AcDbEntity
8
E-ANNO-TTLB
100
AcDbMText
10
69.87
20
16.09307692
30
0
40
0.09375
41
0.03
71
1
72
1
7
BOLD
50
0
73
2
44
1.45
1

0
LINE
5
723
330
104
100
AcDbEntity
8
E-ANNO-TTLB
100
AcDbLine
10
69.75
20
12.92461538
30
0
11
73.5
21
12.92461538
31
0
0
TEXT
5
724
330
104
100
AcDbEntity
8
E-ANNO-TTLB
100
AcDbText
10
69.87
20
14.47384615
30
0
40
0.09375
1
SHEET TITLE
50
0
41
1
7
MAIN
72
0
11
69.87
21
14.47384615
31
0
100
AcDbText
73
0
0
MTEXT
5
725
330
104
100
AcDbEntity
8
E-ANNO-TTLB
100
AcDbMText
10
69.87
20
14.29384615
30
0
40
0.25
41
3.26030518
71
1
72
1
7
BOLD
50
0
73
2
44
1.45
1
SCHEDULES,\PLEGEND & NOTES
0
LINE
5
726
330
104
100
AcDbEntity
8
E-ANNO-TTLB
100
AcDbLine
10
69.75
20
11.15538462
30
0
11
73.5
21
11.15538462
31
0
0
TEXT
5
727
330
104
100
AcDbEntity
8
E-ANNO-TTLB
100
AcDbText
10
69.87
20
12.70461538
30
0
40
0.09375
1
SHEET
50
0
41
1
7
MAIN
72
0
11
69.87
21
12.70461538
31
0
100
AcDbText
73
0
0
MTEXT
5
728
330
104
100
AcDbEntity
8
E-ANNO-TTLB
100
AcDbMText
10
69.87
20
12.52461538
30
0
40
0.32
41
0.7276863
71
1
72
1
7
BOLD
50
0
73
2
44
1.45
1
L-2
0
LINE
5
729
330
104
100
AcDbEntity
8
E-ANNO-TTLB
100
AcDbLine
10
69.75
20
9.38615385
30
0
11
73.5
21
9.38615385
31
0
0
TEXT
5
72A
330
104
100
AcDbEntity
8
E-ANNO-TTLB
100
AcDbText
10
69.87
20
10.93538462
30
0
40
0.09375
1
DATE
50
0
41
1
7
MAIN
72
0
11
69.87
21
10.93538462
31
0
100
AcDbText
73
0
0
MTEXT
5
72B
330
104
100
AcDbEntity
8
E-ANNO-TTLB
100
AcDbMText
10
69.87
20
10.78538462
30
0
40
0.09375
41
0.72703691
71
1
72
1
7
BOLD
50
0
73
2
44
1.45
1
2026-09-24
0
LINE
5
72C
330
104
100
AcDbEntity
8
E-ANNO-TTLB
100
AcDbLine
10
69.75
20
7.61692308
30
0
11
73.5
21
7.61692308
31
0
0
TEXT
5
72D
330
104
100
AcDbEntity
8
E-ANNO-TTLB
100
AcDbText
10
69.87
20
9.16615385
30
0
40
0.09375
1
SCALE
50
0
41
1
7
MAIN
72
0
11
69.87
21
9.16615385
31
0
100
AcDbText
73
0
0
MTEXT
5
72E
330
104
100
AcDbEntity
8
E-ANNO-TTLB
100
AcDbMText
10
69.87
20
9.01615385
30
0
40
0.09375
41
1.04441625
71
1
72
1
7
BOLD
50
0
73
2
44
1.45
1
NOT TO SCALE
0
LINE
5
72F
330
104
100
AcDbEntity
8
E-ANNO-TTLB
100
AcDbLine
10
69.75
20
5.84769231
30
0
11
73.5
21
5.84769231
31
0
0
TEXT
5
730
330
104
100
AcDbEntity
8
E-ANNO-TTLB
100
AcDbText
10
69.87
20
7.39692308
30
0
40
0.09375
1
DRAWN BY
50
0
41
1
7
MAIN
72
0
11
69.87
21
7.39692308
31
0
100
AcDbText
73
0
0
MTEXT
5
731
330
104
100
AcDbEntity
8
E-ANNO-TTLB
100
AcDbMText
10
69.87
20
7.24692308
30
0
40
0.09375
41
0.68871185
71
1
72
1
7
BOLD
50
0
73
2
44
1.45
1
EXAMPLE
0
LINE
5
732
330
104
100
AcDbEntity
8
E-ANNO-TTLB
100
AcDbLine
10
69.75
20
4.07846154
30
0
11
73.5
21
4.07846154
31
0
0
TEXT
5
733
330
104
100
AcDbEntity
8
E-ANNO-TTLB
100
AcDbText
10
69.87
20
5.62769231
30
0
40
0.09375
1
CHECKED BY
50
0
41
1
7
MAIN
72
0
11
69.87
21
5.62769231
31
0
100
AcDbText
73
0
0
MTEXT
5
734
330
104
100
AcDbEntity
8
E-ANNO-TTLB
100
AcDbMText
10
69.87
20
5.47769231
30
0
40
0.09375
41
0.03
71
1
72
1
7
BOLD
50
0
73
2
44
1.45
1

0
LINE
5
735
330
104
100
AcDbEntity
8
E-ANNO-TTLB
100
AcDbLine
10
69.75
20
2.30923077
30
0
11
73.5
21
2.30923077
31
0
0
TEXT
5
736
330
104
100
AcDbEntity
8
E-ANNO-TTLB
100
AcDbText
10
69.87
20
3.85846154
30
0
40
0.09375
1
LATEST REVISION
50
0
41
1
7
MAIN
72
0
11
69.87
21
3.85846154
31
0
100
AcDbText
73
0
0
MTEXT
5
737
330
104
100
AcDbEntity
8
E-ANNO-TTLB
100
AcDbMText
10
69.87
20
3.70846154
30
0
40
0.09375
41
0.16626686
71
1
72
1
7
BOLD
50
0
73
2
44
1.45
1
\U+2014
0
LINE
5
738
330
104
100
AcDbEntity
8
E-ANNO-TTLB
100
AcDbLine
10
69.75
20
0.54
30
0
11
73.5
21
0.54
31
0
0
TEXT
5
739
330
104
100
AcDbEntity
8
E-ANNO-TTLB
100
AcDbText
10
69.87
20
2.08923077
30
0
40
0.09375
1
ISSUE STATUS
50
0
41
1
7
MAIN
72
0
11
69.87
21
2.08923077
31
0
100
AcDbText
73
0
0
MTEXT
5
73A
330
104
100
AcDbEntity
8
E-ANNO-TTLB
100
AcDbMText
10
69.87
20
1.93923077
30
0
40
0.09375
41
1.77864709
71
1
72
1
7
BOLD
50
0
73
2
44
1.45
1
NOT FOR CONSTRUCTION
0
ENDSEC
0
SECTION
2
OBJECTS
0
DICTIONARY
5
10E
330
0
100
AcDbDictionary
281
1
3
ACAD_PLOTSTYLENAME
350
10F
0
ACDBDICTIONARYWDFLT
5
10F
330
10E
100
AcDbDictionary
281
1
3
Normal
350
110
100
AcDbDictionaryWithDefault
340
110
0
ACDBPLACEHOLDER
5
110
330
10F
0
ENDSEC
0
EOF
